ds,y
2010-12-01 08:26:00,139.12
2010-12-01 08:28:00,22.200000000000003
2010-12-01 08:34:00,348.78000000000003
2010-12-01 08:35:00,17.85
2010-12-01 08:45:00,855.86
2010-12-01 09:00:00,204.0
2010-12-01 09:01:00,22.200000000000003
2010-12-01 09:02:00,259.86
2010-12-01 09:09:00,350.4
2010-12-01 09:32:00,588.6600000000001
2010-12-01 09:34:00,22.200000000000003
2010-12-01 09:37:00,444.98
2010-12-01 09:41:00,484.78
2010-12-01 09:45:00,430.6
2010-12-01 09:53:00,489.6
2010-12-01 09:56:00,130.85
2010-12-01 09:57:00,508.20000000000005
2010-12-01 09:58:00,3193.92
2010-12-01 09:59:00,226.14
2010-12-01 10:03:00,358.25
2010-12-01 10:19:00,1825.74
2010-12-01 10:29:00,318.14
2010-12-01 10:37:00,79.6
2010-12-01 10:39:00,1024.68
2010-12-01 10:47:00,507.88
2010-12-01 10:51:00,655.36
2010-12-01 10:52:00,448.76
2010-12-01 10:53:00,17.4
2010-12-01 11:21:00,354.23
2010-12-01 11:22:00,357.0
2010-12-01 11:27:00,192.60000000000002
2010-12-01 11:29:00,471.3
2010-12-01 11:32:00,326.4
2010-12-01 11:33:00,353.14
2010-12-01 11:34:00,22.200000000000003
2010-12-01 11:41:00,783.11
2010-12-01 11:45:00,243.28
2010-12-01 11:49:00,514.41
2010-12-01 11:57:00,390.79
2010-12-01 11:58:00,225.7
2010-12-01 12:03:00,233.45
2010-12-01 12:08:00,666.35
2010-12-01 12:12:00,842.12
2010-12-01 12:15:00,440.89
2010-12-01 12:22:00,312.94
2010-12-01 12:23:00,320.25
2010-12-01 12:27:00,2474.7400000000002
2010-12-01 12:31:00,165.89
2010-12-01 12:35:00,223.9
2010-12-01 12:36:00,95.29
2010-12-01 12:38:00,155.52
2010-12-01 12:40:00,295.5
2010-12-01 12:43:00,313.49
2010-12-01 12:48:00,4.95
2010-12-01 12:49:00,191.06
2010-12-01 12:50:00,203.3
2010-12-01 12:51:00,70.80000000000001
2010-12-01 12:54:00,136.24
2010-12-01 12:58:00,301.24
2010-12-01 13:04:00,261.48
2010-12-01 13:17:00,313.93
2010-12-01 13:20:00,161.0
2010-12-01 13:21:00,201.75
2010-12-01 13:23:00,950.09
2010-12-01 13:24:00,1919.1399999999999
2010-12-01 13:31:00,156.1
2010-12-01 13:33:00,115.65
2010-12-01 13:38:00,194.85000000000002
2010-12-01 13:45:00,165.04999999999998
2010-12-01 13:51:00,369.5
2010-12-01 13:54:00,255.0
2010-12-01 14:03:00,487.75
2010-12-01 14:05:00,555.38
2010-12-01 14:11:00,787.4
2010-12-01 14:34:00,146.61
2010-12-01 14:38:00,101.55
2010-12-01 14:41:00,537.38
2010-12-01 14:54:00,215.14999999999998
2010-12-01 15:00:00,799.4
2010-12-01 15:06:00,322.40000000000003
2010-12-01 15:08:00,532.59
2010-12-01 15:21:00,116.25
2010-12-01 15:27:00,251.40000000000003
2010-12-01 15:28:00,5.04
2010-12-01 15:35:00,662.29
2010-12-01 15:37:00,294.62
2010-12-01 15:40:00,442.34999999999997
2010-12-01 15:45:00,143.12
2010-12-01 15:46:00,17.85
2010-12-01 16:01:00,1552.98
2010-12-01 16:11:00,2558.42
2010-12-01 16:13:00,497.0
2010-12-01 16:15:00,279.6
2010-12-01 16:16:00,315.96000000000004
2010-12-01 16:17:00,97.19999999999999
2010-12-01 16:19:00,330.0
2010-12-01 16:21:00,502.03999999999996
2010-12-01 16:22:00,1132.8000000000002
2010-12-01 16:24:00,19.9
2010-12-01 16:25:00,344.2
2010-12-01 16:33:00,311.81
2010-12-01 16:49:00,277.05
2010-12-01 16:52:00,205.86
2010-12-01 16:57:00,159.26
2010-12-01 16:58:00,39.06
2010-12-01 17:15:00,81.75
2010-12-01 17:22:00,79.5
2010-12-01 17:24:00,349.15
2010-12-01 17:35:00,102.78999999999999
2010-12-02 07:48:00,160.6
2010-12-02 07:49:00,306.4
2010-12-02 08:32:00,251.62
2010-12-02 08:33:00,22.200000000000003
2010-12-02 08:34:00,163.76
2010-12-02 08:40:00,22.200000000000003
2010-12-02 08:43:00,184.5
2010-12-02 08:52:00,272.65000000000003
2010-12-02 09:29:00,303.97
2010-12-02 09:37:00,38.1
2010-12-02 09:41:00,244.46
2010-12-02 09:42:00,22.200000000000003
2010-12-02 09:43:00,259.65000000000003
2010-12-02 09:44:00,437.93
2010-12-02 10:09:00,286.92
2010-12-02 10:10:00,244.08
2010-12-02 10:17:00,1875.24
2010-12-02 10:18:00,97.19999999999999
2010-12-02 10:27:00,485.25
2010-12-02 10:35:00,350.06
2010-12-02 10:39:00,768.38
2010-12-02 10:45:00,610.64
2010-12-02 10:46:00,12.600000000000001
2010-12-02 10:53:00,306.2
2010-12-02 10:54:00,230.56
2010-12-02 10:55:00,22.200000000000003
2010-12-02 10:56:00,244.46
2010-12-02 10:58:00,22.200000000000003
2010-12-02 11:02:00,312.8
2010-12-02 11:20:00,204.15
2010-12-02 11:21:00,193.78
2010-12-02 11:22:00,572.38
2010-12-02 11:23:00,106.2
2010-12-02 11:35:00,235.16
2010-12-02 11:41:00,1056.63
2010-12-02 11:45:00,288.5
2010-12-02 11:46:00,4.25
2010-12-02 11:57:00,223.7
2010-12-02 12:07:00,299.40000000000003
2010-12-02 12:09:00,420.5
2010-12-02 12:10:00,263.4
2010-12-02 12:11:00,339.84
2010-12-02 12:16:00,127.08
2010-12-02 12:18:00,207.5
2010-12-02 12:22:00,113.92
2010-12-02 12:23:00,380.46
2010-12-02 12:24:00,22.200000000000003
2010-12-02 12:25:00,331.26
2010-12-02 12:26:00,22.200000000000003
2010-12-02 12:28:00,326.0
2010-12-02 12:33:00,199.65
2010-12-02 12:47:00,354.54
2010-12-02 12:50:00,329.65000000000003
2010-12-02 12:58:00,211.2
2010-12-02 12:59:00,824.88
2010-12-02 13:06:00,98.18
2010-12-02 13:08:00,294.5
2010-12-02 13:11:00,202.12
2010-12-02 13:14:00,198.08
2010-12-02 13:32:00,261.76
2010-12-02 13:36:00,379.75
2010-12-02 13:38:00,341.9
2010-12-02 13:39:00,248.1
2010-12-02 13:44:00,100.2
2010-12-02 13:45:00,116.0
2010-12-02 13:49:00,353.19
2010-12-02 14:04:00,434.8
2010-12-02 14:05:00,22.200000000000003
2010-12-02 14:06:00,390.66
2010-12-02 14:07:00,22.200000000000003
2010-12-02 14:09:00,210.24
2010-12-02 14:26:00,311.25
2010-12-02 14:30:00,98.9
2010-12-02 14:40:00,307.68
2010-12-02 14:42:00,452.52
2010-12-02 14:47:00,668.4
2010-12-02 14:49:00,118.38
2010-12-02 15:00:00,138.1
2010-12-02 15:03:00,193.23
2010-12-02 15:08:00,15.0
2010-12-02 15:14:00,50.400000000000006
2010-12-02 15:18:00,517.95
2010-12-02 15:19:00,4076.48
2010-12-02 15:20:00,2170.9
2010-12-02 15:22:00,2730.96
2010-12-02 15:23:00,324.0
2010-12-02 15:24:00,192.46
2010-12-02 15:25:00,97.2
2010-12-02 15:26:00,532.01
2010-12-02 15:27:00,44.400000000000006
2010-12-02 15:28:00,30.0
2010-12-02 15:39:00,170.7
2010-12-02 15:40:00,656.52
2010-12-02 15:46:00,375.65
2010-12-02 15:49:00,130.8
2010-12-02 15:55:00,717.1600000000001
2010-12-02 16:00:00,183.3
2010-12-02 16:12:00,236.97
2010-12-02 16:29:00,197.3
2010-12-02 16:33:00,22.5
2010-12-02 16:34:00,1714.25
2010-12-02 16:38:00,406.56
2010-12-02 16:42:00,45.12
2010-12-02 16:46:00,247.8
2010-12-02 16:48:00,1003.2
2010-12-02 16:50:00,303.96
2010-12-02 16:51:00,527.85
2010-12-02 16:59:00,189.8
2010-12-02 17:12:00,308.28000000000003
2010-12-02 17:17:00,143.45000000000002
2010-12-02 17:22:00,50.550000000000004
2010-12-02 17:24:00,408.0
2010-12-02 17:38:00,2002.4
2010-12-02 17:40:00,569.4
2010-12-02 17:41:00,164.8
2010-12-02 17:48:00,438.1
2010-12-02 17:51:00,35.400000000000006
2010-12-02 18:06:00,295.0
2010-12-02 18:08:00,263.3
2010-12-02 18:15:00,308.68
2010-12-02 18:23:00,37.2
2010-12-02 18:25:00,623.73
2010-12-02 18:27:00,548.77
2010-12-02 18:45:00,263.62
2010-12-02 18:46:00,34.9
2010-12-02 18:49:00,189.3
2010-12-02 19:18:00,127.55
2010-12-02 19:59:00,413.1
2010-12-03 09:31:00,215.57999999999998
2010-12-03 09:39:00,534.0
2010-12-03 09:45:00,397.5
2010-12-03 09:49:00,1368.4
2010-12-03 09:51:00,89.14
2010-12-03 10:26:00,754.87
2010-12-03 10:33:00,128.03
2010-12-03 10:36:00,303.4
2010-12-03 10:43:00,548.65
2010-12-03 10:44:00,303.5
2010-12-03 11:19:00,123.07
2010-12-03 11:35:00,232.26
2010-12-03 11:42:00,39.75
2010-12-03 11:48:00,322.2
2010-12-03 12:05:00,1680.88
2010-12-03 12:11:00,187.51
2010-12-03 12:20:00,620.0
2010-12-03 12:24:00,309.54
2010-12-03 12:28:00,841.94
2010-12-03 12:29:00,686.4
2010-12-03 12:41:00,425.0
2010-12-03 12:43:00,1096.65
2010-12-03 12:48:00,225.65
2010-12-03 12:57:00,76.5
2010-12-03 13:09:00,534.0
2010-12-03 13:10:00,528.0
2010-12-03 13:12:00,1314.0
2010-12-03 13:40:00,248.16
2010-12-03 13:42:00,230.25
2010-12-03 13:43:00,736.28
2010-12-03 13:59:00,336.24
2010-12-03 14:04:00,1705.65
2010-12-03 14:18:00,258.58
2010-12-03 14:26:00,692.61
2010-12-03 14:30:00,175.53
2010-12-03 14:35:00,339.54
2010-12-03 14:40:00,458.44
2010-12-03 14:54:00,272.01
2010-12-03 15:05:00,254.39000000000001
2010-12-03 15:10:00,115.7
2010-12-03 15:14:00,131.8
2010-12-03 15:16:00,91.8
2010-12-03 15:19:00,110.35000000000001
2010-12-03 15:25:00,98.5
2010-12-03 15:45:00,427.8
2010-12-03 16:02:00,122.15
2010-12-03 16:35:00,346.1
2010-12-03 16:44:00,246.3
2010-12-03 16:45:00,135.0
2010-12-03 17:20:00,2355.1800000000003
2010-12-03 17:21:00,11.6
2010-12-03 17:28:00,135.32999999999998
2010-12-05 10:03:00,256.90000000000003
2010-12-05 10:12:00,535.75
2010-12-05 10:27:00,734.3999999999999
2010-12-05 10:36:00,155.64000000000001
2010-12-05 10:45:00,238.11
2010-12-05 10:52:00,431.45
2010-12-05 10:54:00,126.42999999999999
2010-12-05 10:58:00,277.45
2010-12-05 11:02:00,326.6
2010-12-05 11:03:00,5.9
2010-12-05 11:04:00,277.65000000000003
2010-12-05 11:10:00,555.84
2010-12-05 11:12:00,350.68
2010-12-05 11:15:00,552.24
2010-12-05 11:38:00,275.8
2010-12-05 11:40:00,152.05
2010-12-05 11:45:00,273.29
2010-12-05 11:49:00,274.67
2010-12-05 11:51:00,351.43
2010-12-05 11:54:00,127.98
2010-12-05 11:57:00,1554.37
2010-12-05 11:59:00,179.64000000000001
2010-12-05 12:00:00,1145.06
2010-12-05 12:01:00,438.0
2010-12-05 12:02:00,15.0
2010-12-05 12:08:00,180.44
2010-12-05 12:09:00,204.0
2010-12-05 12:13:00,883.86
2010-12-05 12:15:00,512.86
2010-12-05 12:23:00,114.65
2010-12-05 12:26:00,547.1
2010-12-05 12:29:00,206.23000000000002
2010-12-05 12:34:00,163.49
2010-12-05 12:35:00,722.36
2010-12-05 12:42:00,273.76
2010-12-05 12:43:00,535.6
2010-12-05 12:44:00,273.3
2010-12-05 12:47:00,33.15
2010-12-05 12:53:00,70.42
2010-12-05 12:57:00,559.1
2010-12-05 13:00:00,343.28000000000003
2010-12-05 13:03:00,623.75
2010-12-05 13:05:00,1097.09
2010-12-05 13:08:00,251.25
2010-12-05 13:10:00,184.8
2010-12-05 13:17:00,292.95
2010-12-05 13:18:00,283.15
2010-12-05 13:21:00,384.71999999999997
2010-12-05 13:26:00,131.5
2010-12-05 13:29:00,806.28
2010-12-05 13:42:00,211.8
2010-12-05 13:49:00,460.6
2010-12-05 13:53:00,271.2
2010-12-05 13:55:00,1062.06
2010-12-05 14:02:00,286.5
2010-12-05 14:03:00,85.5
2010-12-05 14:06:00,156.74
2010-12-05 14:17:00,112.9
2010-12-05 14:19:00,1631.3
2010-12-05 14:25:00,269.7
2010-12-05 14:45:00,198.43
2010-12-05 14:52:00,165.86
2010-12-05 15:02:00,85.55000000000001
2010-12-05 15:06:00,188.77
2010-12-05 15:12:00,490.6
2010-12-05 15:15:00,209.84
2010-12-05 15:18:00,355.75
2010-12-05 15:21:00,473.39
2010-12-05 15:26:00,8.65
2010-12-05 15:35:00,1668.2
2010-12-05 15:38:00,358.55999999999995
2010-12-05 15:40:00,736.7
2010-12-05 15:46:00,320.08
2010-12-05 15:47:00,423.52
2010-12-05 15:54:00,37.35
2010-12-05 16:00:00,133.48
2010-12-05 16:10:00,164.70000000000002
2010-12-05 16:24:00,1415.97
2010-12-05 16:41:00,496.48
2010-12-06 08:34:00,113.48
2010-12-06 08:42:00,922.4000000000001
2010-12-06 08:43:00,25.200000000000003
2010-12-06 08:44:00,17.4
2010-12-06 09:21:00,308.8
2010-12-06 09:37:00,353.0
2010-12-06 09:45:00,2567.6400000000003
2010-12-06 09:52:00,375.69000000000005
2010-12-06 10:03:00,164.2
2010-12-06 10:05:00,210.19
2010-12-06 10:18:00,364.92
2010-12-06 10:19:00,462.62
2010-12-06 10:20:00,300.66
2010-12-06 10:24:00,58.2
2010-12-06 10:27:00,129.4
2010-12-06 10:34:00,223.68
2010-12-06 10:36:00,56.25
2010-12-06 10:38:00,33.0
2010-12-06 10:43:00,196.44
2010-12-06 11:01:00,382.69
2010-12-06 11:03:00,303.5
2010-12-06 11:06:00,2263.8
2010-12-06 11:10:00,142.5
2010-12-06 11:16:00,142.25
2010-12-06 11:26:00,882.23
2010-12-06 11:37:00,153.5
2010-12-06 11:38:00,102.66
2010-12-06 11:42:00,434.39000000000004
2010-12-06 11:58:00,322.8
2010-12-06 12:06:00,430.73
2010-12-06 12:15:00,98.7
2010-12-06 12:21:00,673.37
2010-12-06 12:23:00,668.21
2010-12-06 12:30:00,184.10000000000002
2010-12-06 12:31:00,76.32000000000001
2010-12-06 12:34:00,392.62
2010-12-06 12:38:00,449.95000000000005
2010-12-06 12:39:00,333.25
2010-12-06 12:40:00,377.5
2010-12-06 12:41:00,252.8
2010-12-06 12:44:00,379.7
2010-12-06 12:47:00,185.97
2010-12-06 12:52:00,198.35
2010-12-06 12:55:00,740.46
2010-12-06 12:59:00,480.68
2010-12-06 13:01:00,270.52
2010-12-06 13:06:00,784.15
2010-12-06 13:12:00,100.80000000000001
2010-12-06 13:13:00,887.03
2010-12-06 13:21:00,122.7
2010-12-06 13:22:00,125.10000000000001
2010-12-06 13:32:00,20.85
2010-12-06 13:34:00,222.18
2010-12-06 13:35:00,391.5
2010-12-06 13:41:00,149.0
2010-12-06 13:47:00,123.24
2010-12-06 13:53:00,554.66
2010-12-06 13:58:00,166.15
2010-12-06 13:59:00,2415.04
2010-12-06 14:00:00,81.17999999999999
2010-12-06 14:05:00,150.22
2010-12-06 14:08:00,292.84000000000003
2010-12-06 14:19:00,244.20000000000002
2010-12-06 14:31:00,427.74
2010-12-06 14:36:00,422.81
2010-12-06 14:43:00,30.45
2010-12-06 14:46:00,56.85
2010-12-06 14:51:00,406.69
2010-12-06 14:55:00,192.7
2010-12-06 15:00:00,406.16
2010-12-06 15:03:00,151.20000000000002
2010-12-06 15:06:00,177.60000000000002
2010-12-06 15:09:00,227.4
2010-12-06 15:13:00,137.11
2010-12-06 15:14:00,510.95
2010-12-06 15:18:00,335.3
2010-12-06 15:25:00,292.54
2010-12-06 15:27:00,217.54999999999998
2010-12-06 15:34:00,166.0
2010-12-06 15:35:00,92.55000000000001
2010-12-06 15:38:00,450.92
2010-12-06 15:54:00,82.12
2010-12-06 16:36:00,417.62
2010-12-06 16:58:00,221.5
2010-12-06 17:16:00,214.32
2010-12-06 17:26:00,540.0
2010-12-07 09:13:00,569.03
2010-12-07 09:21:00,151.3
2010-12-07 09:23:00,39.599999999999994
2010-12-07 09:43:00,1989.2399999999998
2010-12-07 09:51:00,1644.94
2010-12-07 09:55:00,293.45000000000005
2010-12-07 09:57:00,178.4
2010-12-07 10:04:00,326.4
2010-12-07 10:06:00,682.65
2010-12-07 10:08:00,1033.52
2010-12-07 10:14:00,618.07
2010-12-07 10:32:00,454.6
2010-12-07 10:36:00,533.71
2010-12-07 10:43:00,102.0
2010-12-07 10:47:00,111.25
2010-12-07 10:51:00,17.85
2010-12-07 11:11:00,111.54
2010-12-07 11:26:00,957.5
2010-12-07 11:30:00,1830.02
2010-12-07 11:33:00,511.79999999999995
2010-12-07 11:41:00,532.8000000000001
2010-12-07 11:45:00,159.55
2010-12-07 11:49:00,311.65
2010-12-07 11:59:00,181.12
2010-12-07 12:18:00,327.40000000000003
2010-12-07 12:21:00,571.0
2010-12-07 12:28:00,596.8
2010-12-07 12:29:00,118.32
2010-12-07 12:37:00,338.90000000000003
2010-12-07 12:43:00,108.78
2010-12-07 12:49:00,373.49
2010-12-07 13:01:00,1381.92
2010-12-07 13:13:00,166.74
2010-12-07 13:16:00,631.65
2010-12-07 13:18:00,156.19
2010-12-07 13:20:00,444.42
2010-12-07 13:22:00,617.12
2010-12-07 13:28:00,322.3
2010-12-07 13:29:00,322.8
2010-12-07 13:30:00,154.9
2010-12-07 13:45:00,177.26
2010-12-07 13:50:00,2022.16
2010-12-07 13:53:00,230.39999999999998
2010-12-07 14:00:00,97.8
2010-12-07 14:30:00,165.94
2010-12-07 14:31:00,383.93
2010-12-07 14:41:00,306.84000000000003
2010-12-07 14:57:00,799.29
2010-12-07 14:58:00,713.88
2010-12-07 15:02:00,378.75
2010-12-07 15:03:00,356.87
2010-12-07 15:04:00,17.4
2010-12-07 15:15:00,231.9
2010-12-07 15:18:00,68.1
2010-12-07 15:20:00,172.0
2010-12-07 15:39:00,406.6
2010-12-07 15:48:00,804.56
2010-12-07 15:54:00,268.73
2010-12-07 16:20:00,111.15
2010-12-07 16:42:00,9639.12
2010-12-07 16:43:00,16281.25
2010-12-07 17:05:00,46.8
2010-12-07 17:19:00,139.86
2010-12-08 08:12:00,326.4
2010-12-08 08:43:00,48.800000000000004
2010-12-08 08:58:00,164.25
2010-12-08 09:07:00,514.39
2010-12-08 09:20:00,328.45
2010-12-08 09:30:00,328.01
2010-12-08 09:49:00,522.7
2010-12-08 09:51:00,319.18
2010-12-08 09:53:00,258.9
2010-12-08 09:56:00,356.91
2010-12-08 10:11:00,557.4399999999999
2010-12-08 10:13:00,99.6
2010-12-08 10:14:00,365.4
2010-12-08 10:21:00,429.87
2010-12-08 10:35:00,702.1
2010-12-08 10:36:00,301.52
2010-12-08 10:38:00,329.36
2010-12-08 10:39:00,310.57
2010-12-08 10:40:00,671.21
2010-12-08 10:45:00,173.55
2010-12-08 10:46:00,158.25
2010-12-08 10:51:00,777.6800000000001
2010-12-08 10:53:00,303.86
2010-12-08 11:02:00,439.03000000000003
2010-12-08 11:04:00,38.8
2010-12-08 11:16:00,157.6
2010-12-08 11:31:00,411.44
2010-12-08 11:38:00,314.1
2010-12-08 11:41:00,105.72
2010-12-08 11:42:00,511.46000000000004
2010-12-08 11:43:00,19.799999999999997
2010-12-08 12:01:00,569.4
2010-12-08 12:06:00,145.93
2010-12-08 12:08:00,867.48
2010-12-08 12:09:00,350.4
2010-12-08 12:11:00,39.0
2010-12-08 12:17:00,205.64000000000001
2010-12-08 12:24:00,295.66
2010-12-08 12:29:00,450.92
2010-12-08 12:35:00,316.46
2010-12-08 12:36:00,382.27
2010-12-08 12:40:00,281.0
2010-12-08 12:41:00,910.14
2010-12-08 12:45:00,127.05000000000001
2010-12-08 12:46:00,513.6
2010-12-08 12:49:00,623.4200000000001
2010-12-08 12:51:00,147.39999999999998
2010-12-08 12:56:00,148.23000000000002
2010-12-08 12:57:00,2746.75
2010-12-08 13:01:00,414.43
2010-12-08 13:03:00,718.0600000000001
2010-12-08 13:07:00,142.95
2010-12-08 13:08:00,473.04
2010-12-08 13:11:00,692.94
2010-12-08 13:14:00,89.5
2010-12-08 13:17:00,130.64
2010-12-08 13:21:00,372.96999999999997
2010-12-08 13:23:00,251.09
2010-12-08 13:28:00,118.3
2010-12-08 13:30:00,292.71000000000004
2010-12-08 13:38:00,376.30000000000007
2010-12-08 13:49:00,300.7
2010-12-08 13:51:00,129.75
2010-12-08 13:53:00,1317.89
2010-12-08 13:55:00,397.6
2010-12-08 14:22:00,566.95
2010-12-08 14:36:00,222.5
2010-12-08 14:38:00,272.34000000000003
2010-12-08 14:43:00,541.89
2010-12-08 14:46:00,723.6
2010-12-08 14:50:00,106.77000000000001
2010-12-08 14:53:00,590.0
2010-12-08 14:58:00,103.67999999999999
2010-12-08 14:59:00,313.72
2010-12-08 15:03:00,305.45
2010-12-08 15:10:00,320.0
2010-12-08 15:12:00,159.51
2010-12-08 15:16:00,171.15
2010-12-08 15:17:00,190.34
2010-12-08 15:23:00,71.4
2010-12-08 15:25:00,201.60000000000002
2010-12-08 15:33:00,180.4
2010-12-08 15:35:00,255.0
2010-12-08 15:38:00,318.84
2010-12-08 15:39:00,356.4
2010-12-08 15:56:00,2671.27
2010-12-08 15:58:00,154.8
2010-12-08 15:59:00,263.25
2010-12-08 16:11:00,670.55
2010-12-08 16:18:00,120.65
2010-12-08 16:21:00,111.53
2010-12-08 16:29:00,5.95
2010-12-08 16:34:00,574.89
2010-12-08 16:45:00,676.1
2010-12-08 16:48:00,307.25
2010-12-08 16:49:00,1867.98
2010-12-08 17:20:00,167.09
2010-12-09 08:34:00,213.3
2010-12-09 09:14:00,365.8
2010-12-09 09:23:00,956.5
2010-12-09 09:25:00,141.95
2010-12-09 09:27:00,63.0
2010-12-09 09:30:00,525.93
2010-12-09 09:34:00,258.75
2010-12-09 09:49:00,209.3
2010-12-09 10:00:00,1485.72
2010-12-09 10:04:00,1295.03
2010-12-09 10:05:00,88.8
2010-12-09 10:13:00,159.38
2010-12-09 10:16:00,464.61
2010-12-09 10:30:00,429.24
2010-12-09 10:33:00,258.95
2010-12-09 10:37:00,213.88
2010-12-09 10:42:00,364.4
2010-12-09 10:44:00,3794.3999999999996
2010-12-09 10:45:00,382.66
2010-12-09 10:48:00,309.4
2010-12-09 10:55:00,254.03
2010-12-09 11:28:00,371.7
2010-12-09 11:30:00,308.28000000000003
2010-12-09 11:31:00,57.6
2010-12-09 11:35:00,1335.2
2010-12-09 11:39:00,295.1
2010-12-09 11:44:00,101.9
2010-12-09 11:48:00,363.53
2010-12-09 12:05:00,1281.5
2010-12-09 12:12:00,832.8
2010-12-09 12:13:00,163.2
2010-12-09 12:16:00,174.4
2010-12-09 12:17:00,1794.75
2010-12-09 12:20:00,226.79999999999998
2010-12-09 12:24:00,257.22
2010-12-09 12:32:00,224.38
2010-12-09 12:37:00,114.79
2010-12-09 12:49:00,880.77
2010-12-09 12:59:00,174.4
2010-12-09 13:03:00,372.09
2010-12-09 13:05:00,112.6
2010-12-09 13:08:00,325.76
2010-12-09 13:14:00,181.0
2010-12-09 13:21:00,18.4
2010-12-09 13:22:00,15.9
2010-12-09 13:24:00,205.35
2010-12-09 13:34:00,1820.97
2010-12-09 13:38:00,316.82
2010-12-09 13:44:00,1914.2400000000002
2010-12-09 13:47:00,111.75
2010-12-09 13:57:00,428.6
2010-12-09 13:59:00,165.65
2010-12-09 14:05:00,300.91999999999996
2010-12-09 14:08:00,518.58
2010-12-09 14:10:00,16.21
2010-12-09 14:15:00,272.36
2010-12-09 14:19:00,686.15
2010-12-09 14:25:00,374.25
2010-12-09 14:27:00,394.18
2010-12-09 14:28:00,251.0
2010-12-09 14:44:00,438.53000000000003
2010-12-09 14:49:00,739.05
2010-12-09 14:50:00,186.03
2010-12-09 14:55:00,174.72
2010-12-09 14:56:00,315.0
2010-12-09 15:01:00,230.10000000000002
2010-12-09 15:16:00,190.35
2010-12-09 15:20:00,72.82000000000001
2010-12-09 15:21:00,155.0
2010-12-09 15:23:00,249.86
2010-12-09 15:29:00,289.85
2010-12-09 15:32:00,685.0
2010-12-09 15:33:00,60.0
2010-12-09 15:35:00,144.5
2010-12-09 15:46:00,30.0
2010-12-09 15:50:00,218.4
2010-12-09 16:08:00,383.07
2010-12-09 16:10:00,402.32
2010-12-09 16:11:00,15.0
2010-12-09 16:28:00,441.6
2010-12-09 16:52:00,182.01999999999998
2010-12-09 16:53:00,620.35
2010-12-09 16:57:00,119.65
2010-12-09 17:27:00,257.95
2010-12-09 17:34:00,185.82
2010-12-09 18:09:00,119.45
2010-12-09 18:58:00,298.95
2010-12-09 19:23:00,318.7
2010-12-09 19:28:00,93.45
2010-12-09 19:32:00,317.59000000000003
2010-12-09 20:01:00,300.64
2010-12-10 09:33:00,370.80000000000007
2010-12-10 09:35:00,1982.41
2010-12-10 09:48:00,780.0
2010-12-10 09:51:00,157.9
2010-12-10 09:52:00,17.700000000000003
2010-12-10 09:53:00,369.09999999999997
2010-12-10 10:08:00,151.5
2010-12-10 10:18:00,115.08000000000001
2010-12-10 10:21:00,1110.75
2010-12-10 10:22:00,188.98
2010-12-10 10:26:00,201.75
2010-12-10 10:27:00,218.10000000000002
2010-12-10 10:47:00,127.9
2010-12-10 10:49:00,5375.28
2010-12-10 10:50:00,135.0
2010-12-10 10:51:00,67.5
2010-12-10 10:52:00,338.45
2010-12-10 10:56:00,1196.0
2010-12-10 11:01:00,919.8
2010-12-10 11:02:00,182.25
2010-12-10 11:11:00,95.25
2010-12-10 11:12:00,203.1
2010-12-10 11:19:00,274.73
2010-12-10 11:21:00,186.60000000000002
2010-12-10 11:23:00,428.76
2010-12-10 11:24:00,336.15999999999997
2010-12-10 11:31:00,236.92
2010-12-10 11:33:00,271.47
2010-12-10 11:39:00,111.8
2010-12-10 11:42:00,185.06
2010-12-10 11:44:00,523.86
2010-12-10 11:47:00,239.70000000000002
2010-12-10 11:51:00,254.4
2010-12-10 12:00:00,247.56
2010-12-10 12:14:00,139.68
2010-12-10 12:20:00,132.65
2010-12-10 12:29:00,219.1
2010-12-10 12:33:00,1156.05
2010-12-10 12:42:00,300.65000000000003
2010-12-10 12:44:00,228.12
2010-12-10 12:45:00,116.89999999999999
2010-12-10 12:48:00,686.16
2010-12-10 12:50:00,612.1
2010-12-10 12:56:00,10.29
2010-12-10 12:58:00,1.9
2010-12-10 13:06:00,309.40000000000003
2010-12-10 13:24:00,202.5
2010-12-10 13:27:00,213.26
2010-12-10 13:29:00,363.24
2010-12-10 13:32:00,114.45000000000002
2010-12-10 13:44:00,25.799999999999997
2010-12-10 13:48:00,584.77
2010-12-10 13:50:00,1136.3200000000002
2010-12-10 13:58:00,401.92
2010-12-10 14:04:00,39.949999999999996
2010-12-10 14:29:00,385.58000000000004
2010-12-10 14:45:00,106.4
2010-12-10 14:53:00,756.45
2010-12-10 14:54:00,317.5
2010-12-10 15:21:00,173.7
2010-12-10 15:31:00,3762.66
2010-12-10 15:45:00,2157.64
2010-12-10 15:49:00,9.9
2010-12-10 15:56:00,966.62
2010-12-10 16:36:00,158.0
2010-12-10 17:14:00,156.65
2010-12-10 17:26:00,102.35000000000001
2010-12-12 10:11:00,338.6
2010-12-12 10:47:00,275.3
2010-12-12 10:48:00,664.01
2010-12-12 10:57:00,147.09
2010-12-12 11:06:00,833.78
2010-12-12 11:07:00,350.24
2010-12-12 11:17:00,193.22
2010-12-12 11:26:00,559.5
2010-12-12 11:37:00,214.24
2010-12-12 11:44:00,3590.59
2010-12-12 11:46:00,324.22
2010-12-12 11:49:00,126.28
2010-12-12 11:54:00,106.75
2010-12-12 12:00:00,172.71
2010-12-12 12:01:00,170.91
2010-12-12 12:03:00,293.76000000000005
2010-12-12 12:08:00,110.91
2010-12-12 12:18:00,110.1
2010-12-12 12:24:00,452.99
2010-12-12 12:26:00,330.92
2010-12-12 12:34:00,11.6
2010-12-12 12:35:00,177.66
2010-12-12 12:41:00,212.08
2010-12-12 12:44:00,168.36
2010-12-12 12:46:00,388.65
2010-12-12 12:51:00,11.9
2010-12-12 12:56:00,513.64
2010-12-12 13:01:00,168.15
2010-12-12 13:26:00,767.37
2010-12-12 13:32:00,863.39
2010-12-12 13:37:00,122.7
2010-12-12 13:47:00,169.47
2010-12-12 13:56:00,214.74
2010-12-12 14:03:00,135.39999999999998
2010-12-12 14:21:00,179.1
2010-12-12 14:27:00,835.95
2010-12-12 14:43:00,1393.56
2010-12-12 14:49:00,204.0
2010-12-12 16:05:00,320.28
2010-12-12 16:14:00,1050.35
2010-12-12 16:20:00,31.3
2010-12-13 09:02:00,339.40000000000003
2010-12-13 09:09:00,539.2
2010-12-13 09:29:00,384.55
2010-12-13 09:39:00,881.01
2010-12-13 09:49:00,1206.72
2010-12-13 09:52:00,418.92
2010-12-13 09:57:00,103.5
2010-12-13 10:24:00,777.5600000000001
2010-12-13 10:31:00,676.46
2010-12-13 10:36:00,40.8
2010-12-13 10:39:00,127.0
2010-12-13 10:41:00,347.71
2010-12-13 10:46:00,540.95
2010-12-13 10:52:00,27.8
2010-12-13 10:58:00,309.71999999999997
2010-12-13 11:11:00,1.9
2010-12-13 11:23:00,302.1
2010-12-13 11:29:00,166.22
2010-12-13 11:44:00,310.8
2010-12-13 11:47:00,230.1
2010-12-13 11:51:00,476.76
2010-12-13 11:57:00,218.1
2010-12-13 12:10:00,168.0
2010-12-13 12:26:00,171.04
2010-12-13 12:50:00,1121.92
2010-12-13 12:57:00,767.6
2010-12-13 13:10:00,223.48
2010-12-13 13:25:00,1167.41
2010-12-13 13:27:00,689.04
2010-12-13 13:28:00,620.8100000000001
2010-12-13 13:32:00,250.04
2010-12-13 13:50:00,676.54
2010-12-13 13:52:00,244.19
2010-12-13 14:16:00,232.01
2010-12-13 14:24:00,243.0
2010-12-13 14:32:00,145.0
2010-12-13 14:36:00,1485.78
2010-12-13 14:39:00,12.45
2010-12-13 14:52:00,310.74
2010-12-13 14:55:00,346.14
2010-12-13 14:56:00,760.32
2010-12-13 15:07:00,280.94
2010-12-13 15:12:00,1724.6
2010-12-13 15:13:00,91.9
2010-12-13 15:16:00,109.71000000000001
2010-12-13 15:20:00,97.63
2010-12-13 15:26:00,201.4
2010-12-13 15:34:00,125.2
2010-12-13 15:36:00,585.53
2010-12-13 15:37:00,1228.4
2010-12-13 15:42:00,309.05
2010-12-13 15:44:00,1822.88
2010-12-13 15:45:00,38.1
2010-12-13 15:46:00,1695.1200000000001
2010-12-13 15:56:00,177.35
2010-12-13 16:01:00,1.9
2010-12-13 16:17:00,110.7
2010-12-13 16:18:00,0.95
2010-12-13 16:38:00,365.55
2010-12-13 17:03:00,150.68
2010-12-13 17:40:00,462.3
2010-12-14 09:39:00,15.0
2010-12-14 09:50:00,798.46
2010-12-14 09:52:00,300.92
2010-12-14 10:18:00,102.0
2010-12-14 10:34:00,312.4
2010-12-14 10:38:00,167.85999999999999
2010-12-14 10:43:00,365.27
2010-12-14 10:46:00,151.66
2010-12-14 10:48:00,198.95000000000002
2010-12-14 11:01:00,275.45
2010-12-14 11:03:00,325.22
2010-12-14 11:04:00,17.4
2010-12-14 11:10:00,60.0
2010-12-14 11:11:00,11.8
2010-12-14 11:12:00,307.39
2010-12-14 11:26:00,215.32
2010-12-14 11:29:00,134.64999999999998
2010-12-14 11:38:00,976.7
2010-12-14 11:39:00,206.0
2010-12-14 11:42:00,293.85
2010-12-14 11:43:00,304.5
2010-12-14 11:44:00,10.5
2010-12-14 11:48:00,706.25
2010-12-14 11:51:00,531.88
2010-12-14 12:06:00,252.62
2010-12-14 12:11:00,632.52
2010-12-14 12:17:00,306.52
2010-12-14 12:18:00,140.4
2010-12-14 12:22:00,710.0
2010-12-14 12:25:00,74.25
2010-12-14 12:30:00,504.59000000000003
2010-12-14 12:35:00,479.35
2010-12-14 12:38:00,301.2
2010-12-14 12:58:00,1590.82
2010-12-14 12:59:00,2594.7599999999998
2010-12-14 13:00:00,558.24
2010-12-14 13:01:00,146.46
2010-12-14 13:02:00,337.59999999999997
2010-12-14 13:03:00,413.79
2010-12-14 13:09:00,234.85999999999999
2010-12-14 13:10:00,305.79
2010-12-14 13:11:00,170.55
2010-12-14 13:18:00,154.05
2010-12-14 13:19:00,1287.34
2010-12-14 13:22:00,11.0
2010-12-14 13:28:00,1188.0
2010-12-14 13:31:00,1022.53
2010-12-14 13:32:00,310.85
2010-12-14 13:33:00,198.07
2010-12-14 13:35:00,214.77
2010-12-14 13:44:00,357.1
2010-12-14 13:50:00,488.09
2010-12-14 13:51:00,293.4
2010-12-14 13:58:00,1103.64
2010-12-14 13:59:00,658.2
2010-12-14 14:02:00,115.35
2010-12-14 14:11:00,149.5
2010-12-14 14:15:00,341.65999999999997
2010-12-14 14:26:00,360.06
2010-12-14 14:37:00,91.15
2010-12-14 14:40:00,647.99
2010-12-14 14:42:00,824.02
2010-12-14 14:50:00,61.05
2010-12-14 14:54:00,85.75
2010-12-14 15:02:00,476.70000000000005
2010-12-14 15:13:00,304.90000000000003
2010-12-14 15:18:00,307.8
2010-12-14 15:43:00,267.0
2010-12-14 15:50:00,338.98
2010-12-14 16:07:00,411.4
2010-12-14 16:23:00,125.56
2010-12-14 16:39:00,362.79
2010-12-14 16:53:00,17.4
2010-12-14 17:22:00,202.45
2010-12-15 09:07:00,247.38
2010-12-15 09:09:00,302.78
2010-12-15 09:49:00,123.1
2010-12-15 09:51:00,366.77
2010-12-15 09:58:00,238.65
2010-12-15 10:04:00,306.18
2010-12-15 10:17:00,501.01
2010-12-15 10:31:00,303.15000000000003
2010-12-15 10:40:00,202.79999999999998
2010-12-15 10:41:00,346.79999999999995
2010-12-15 10:48:00,97.5
2010-12-15 10:54:00,165.85
2010-12-15 10:57:00,684.26
2010-12-15 11:08:00,186.64000000000001
2010-12-15 11:14:00,101.23
2010-12-15 11:15:00,253.2
2010-12-15 11:21:00,201.20000000000002
2010-12-15 11:22:00,1761.26
2010-12-15 11:26:00,206.29
2010-12-15 11:32:00,354.48
2010-12-15 11:34:00,303.57
2010-12-15 11:53:00,3240.4
2010-12-15 11:56:00,428.82000000000005
2010-12-15 12:01:00,101.2
2010-12-15 12:05:00,1608.56
2010-12-15 12:06:00,332.1
2010-12-15 12:08:00,2605.88
2010-12-15 12:09:00,1181.0
2010-12-15 12:27:00,185.45
2010-12-15 12:29:00,102.0
2010-12-15 12:30:00,269.31
2010-12-15 12:43:00,336.98
2010-12-15 12:47:00,20.4
2010-12-15 12:54:00,102.28
2010-12-15 13:00:00,105.88
2010-12-15 13:21:00,307.8
2010-12-15 13:24:00,746.07
2010-12-15 13:25:00,67.24000000000001
2010-12-15 13:26:00,1305.6
2010-12-15 13:37:00,343.26
2010-12-15 13:38:00,440.2
2010-12-15 13:49:00,571.48
2010-12-15 13:50:00,15.8
2010-12-15 14:00:00,283.53000000000003
2010-12-15 14:12:00,306.84
2010-12-15 14:25:00,829.7
2010-12-15 14:26:00,228.6
2010-12-15 14:29:00,209.65
2010-12-15 14:35:00,300.87
2010-12-15 14:45:00,308.37
2010-12-15 15:00:00,1256.32
2010-12-15 15:14:00,171.05
2010-12-15 15:34:00,243.22
2010-12-15 15:37:00,209.08
2010-12-15 15:45:00,392.34000000000003
2010-12-15 15:47:00,1536.85
2010-12-15 15:50:00,295.2
2010-12-15 16:03:00,219.6
2010-12-15 16:19:00,80.64
2010-12-15 16:21:00,1244.53
2010-12-15 16:24:00,14.850000000000001
2010-12-15 16:26:00,17.700000000000003
2010-12-15 16:32:00,203.6
2010-12-15 16:38:00,1.45
2010-12-15 16:50:00,58.7
2010-12-15 17:28:00,227.22
2010-12-16 08:03:00,391.0
2010-12-16 08:05:00,314.54999999999995
2010-12-16 08:10:00,379.68
2010-12-16 08:39:00,271.05
2010-12-16 08:41:00,404.82
2010-12-16 09:22:00,205.8
2010-12-16 09:23:00,32.25
2010-12-16 09:31:00,190.35
2010-12-16 09:35:00,562.6
2010-12-16 09:44:00,1168.2
2010-12-16 09:45:00,1827.91
2010-12-16 09:46:00,186.0
2010-12-16 09:52:00,163.8
2010-12-16 10:08:00,527.04
2010-12-16 10:10:00,196.60000000000002
2010-12-16 10:12:00,157.35000000000002
2010-12-16 10:18:00,300.46
2010-12-16 10:19:00,313.2
2010-12-16 10:28:00,395.16
2010-12-16 10:30:00,403.61
2010-12-16 10:35:00,6930.0
2010-12-16 10:37:00,1431.6
2010-12-16 10:38:00,933.3199999999999
2010-12-16 10:43:00,212.33
2010-12-16 10:51:00,920.52
2010-12-16 10:52:00,211.2
2010-12-16 11:03:00,204.0
2010-12-16 11:07:00,1491.0
2010-12-16 11:11:00,217.2
2010-12-16 11:15:00,328.77
2010-12-16 11:24:00,4.949999999999999
2010-12-16 11:27:00,270.19
2010-12-16 11:35:00,211.05
2010-12-16 11:36:00,889.32
2010-12-16 11:43:00,311.64
2010-12-16 11:51:00,135.44
2010-12-16 11:53:00,216.34
2010-12-16 12:09:00,750.64
2010-12-16 12:11:00,322.01
2010-12-16 12:15:00,430.28000000000003
2010-12-16 12:20:00,298.25
2010-12-16 12:23:00,150.06
2010-12-16 12:31:00,141.3
2010-12-16 12:42:00,226.9
2010-12-16 12:46:00,587.66
2010-12-16 12:48:00,3.75
2010-12-16 12:55:00,114.0
2010-12-16 13:00:00,305.7
2010-12-16 13:02:00,1491.46
2010-12-16 13:05:00,147.75
2010-12-16 13:15:00,843.78
2010-12-16 13:21:00,172.2
2010-12-16 13:33:00,466.54
2010-12-16 13:43:00,314.1
2010-12-16 13:44:00,1085.46
2010-12-16 14:17:00,377.52
2010-12-16 14:25:00,243.11999999999998
2010-12-16 14:26:00,308.21999999999997
2010-12-16 14:27:00,468.07
2010-12-16 14:29:00,1722.9
2010-12-16 14:32:00,301.44
2010-12-16 14:34:00,424.49
2010-12-16 14:35:00,351.3
2010-12-16 14:36:00,332.18
2010-12-16 15:02:00,310.48
2010-12-16 15:07:00,131.3
2010-12-16 15:23:00,253.5
2010-12-16 15:24:00,29.700000000000003
2010-12-16 15:27:00,46.85
2010-12-16 15:29:00,97.24000000000001
2010-12-16 15:34:00,403.79999999999995
2010-12-16 15:40:00,76.55
2010-12-16 15:45:00,607.75
2010-12-16 15:47:00,250.65
2010-12-16 15:59:00,105.54
2010-12-16 16:05:00,252.2
2010-12-16 16:28:00,5.5
2010-12-16 16:36:00,133.22
2010-12-16 16:42:00,806.59
2010-12-16 16:45:00,356.35
2010-12-16 16:54:00,348.8
2010-12-16 17:01:00,75.78
2010-12-16 17:20:00,147.9
2010-12-16 17:29:00,136.25
2010-12-16 17:30:00,218.85
2010-12-16 17:34:00,436.86
2010-12-16 17:36:00,302.40000000000003
2010-12-16 17:37:00,320.15
2010-12-16 17:38:00,112.15
2010-12-16 17:43:00,2054.92
2010-12-16 17:48:00,250.46
2010-12-16 17:49:00,279.85
2010-12-16 17:51:00,15.0
2010-12-16 17:53:00,357.94
2010-12-16 18:01:00,556.5
2010-12-16 18:18:00,312.98
2010-12-16 18:20:00,540.45
2010-12-16 18:23:00,230.70000000000002
2010-12-16 18:38:00,97.3
2010-12-16 19:04:00,312.41
2010-12-16 19:09:00,892.8
2010-12-16 19:10:00,292.5
2010-12-16 19:16:00,707.0600000000001
2010-12-16 19:19:00,220.06
2010-12-16 19:22:00,126.9
2010-12-16 19:51:00,124.51
2010-12-17 08:20:00,357.01
2010-12-17 09:22:00,408.16999999999996
2010-12-17 09:24:00,198.3
2010-12-17 09:37:00,300.04
2010-12-17 09:38:00,277.2
2010-12-17 09:39:00,216.0
2010-12-17 09:45:00,144.0
2010-12-17 09:52:00,311.19
2010-12-17 10:12:00,25.95
2010-12-17 10:32:00,320.1
2010-12-17 10:34:00,115.9
2010-12-17 10:54:00,2646.2999999999997
2010-12-17 11:23:00,168.0
2010-12-17 11:30:00,463.5
2010-12-17 11:40:00,347.01
2010-12-17 11:43:00,177.15
2010-12-17 11:51:00,291.34
2010-12-17 11:52:00,1484.25
2010-12-17 11:53:00,29.700000000000003
2010-12-17 12:00:00,53.400000000000006
2010-12-17 12:02:00,792.99
2010-12-17 12:21:00,224.8
2010-12-17 12:24:00,108.92
2010-12-17 12:38:00,919.04
2010-12-17 12:43:00,214.20000000000002
2010-12-17 12:56:00,354.02
2010-12-17 13:17:00,102.0
2010-12-17 13:29:00,258.7
2010-12-17 13:45:00,212.61
2010-12-17 13:49:00,316.58
2010-12-17 13:56:00,29.43
2010-12-17 13:57:00,72.0
2010-12-17 13:58:00,135.12
2010-12-17 14:10:00,415.7
2010-12-17 14:15:00,158.16
2010-12-17 14:21:00,753.74
2010-12-17 14:23:00,190.55
2010-12-17 14:24:00,148.95
2010-12-17 14:46:00,180.0
2010-12-17 15:14:00,323.62
2010-12-17 15:15:00,250.0
2010-12-17 15:39:00,311.15000000000003
2010-12-17 15:52:00,1910.31
2010-12-17 15:57:00,323.38
2010-12-17 15:58:00,858.0
2010-12-17 16:00:00,333.82
2010-12-17 16:53:00,196.75
2010-12-17 17:06:00,741.22
2010-12-17 17:12:00,196.78
2010-12-17 17:17:00,121.02
2010-12-17 17:23:00,190.65
2010-12-17 17:33:00,334.84000000000003
2010-12-17 18:07:00,33.0
2010-12-19 10:21:00,259.55
2010-12-19 11:19:00,507.02
2010-12-19 11:35:00,218.05
2010-12-19 11:38:00,2062.44
2010-12-19 12:46:00,469.87
2010-12-19 13:31:00,663.8000000000001
2010-12-19 13:59:00,283.52
2010-12-19 14:03:00,279.88
2010-12-19 14:16:00,246.70000000000002
2010-12-19 14:23:00,31.62
2010-12-19 14:24:00,411.1
2010-12-19 14:27:00,12.8
2010-12-19 14:41:00,364.98
2010-12-19 14:58:00,365.73
2010-12-19 15:07:00,193.64
2010-12-19 15:31:00,99.5
2010-12-19 15:44:00,947.1899999999999
2010-12-20 09:22:00,215.01
2010-12-20 09:37:00,1001.52
2010-12-20 09:41:00,311.7
2010-12-20 10:00:00,306.15000000000003
2010-12-20 10:09:00,70.96000000000001
2010-12-20 10:38:00,269.5
2010-12-20 10:41:00,286.95
2010-12-20 10:48:00,290.51
2010-12-20 11:08:00,287.45
2010-12-20 11:14:00,383.52
2010-12-20 11:38:00,286.6
2010-12-20 11:41:00,339.72
2010-12-20 11:45:00,756.12
2010-12-20 11:58:00,101.76
2010-12-20 12:05:00,327.6
2010-12-20 12:06:00,15.9
2010-12-20 12:14:00,433.5
2010-12-20 12:45:00,1440.0
2010-12-20 12:51:00,1089.45
2010-12-20 13:08:00,962.24
2010-12-20 13:10:00,754.16
2010-12-20 13:11:00,138.85
2010-12-20 13:21:00,832.0799999999999
2010-12-20 13:24:00,237.60000000000002
2010-12-20 13:27:00,14.850000000000001
2010-12-20 13:31:00,1016.35
2010-12-20 13:52:00,61.199999999999996
2010-12-20 14:06:00,102.0
2010-12-20 14:10:00,1084.59
2010-12-20 14:15:00,221.4
2010-12-20 14:33:00,109.88
2010-12-20 14:49:00,182.52
2010-12-20 14:51:00,239.9
2010-12-20 14:59:00,751.0
2010-12-20 15:09:00,73.80000000000001
2010-12-20 15:12:00,144.5
2010-12-20 15:14:00,728.0400000000001
2010-12-20 15:15:00,631.96
2010-12-20 15:22:00,112.68
2010-12-20 15:26:00,37.67
2010-12-20 15:30:00,134.14
2010-12-20 15:35:00,242.92000000000002
2010-12-20 16:03:00,0.95
2010-12-20 16:04:00,28.5
2010-12-20 16:08:00,216.76
2010-12-20 16:50:00,658.38
2010-12-20 17:05:00,1689.12
2010-12-21 09:34:00,302.95
2010-12-21 09:47:00,842.9
2010-12-21 09:48:00,9.2
2010-12-21 10:18:00,117.60000000000001
2010-12-21 10:26:00,396.84999999999997
2010-12-21 10:30:00,25.200000000000003
2010-12-21 10:41:00,479.4
2010-12-21 10:51:00,114.60000000000001
2010-12-21 10:54:00,237.93
2010-12-21 11:00:00,150.0
2010-12-21 12:57:00,148.0
2010-12-21 13:03:00,65.4
2010-12-21 13:22:00,97.84
2010-12-21 13:34:00,324.0
2010-12-21 13:45:00,762.3000000000001
2010-12-21 13:49:00,434.0
2010-12-21 13:53:00,382.5
2010-12-21 13:58:00,182.19
2010-12-21 14:26:00,1212.52
2010-12-21 14:54:00,193.15
2010-12-21 15:05:00,8520.92
2010-12-21 15:09:00,29.700000000000003
2010-12-21 15:43:00,383.7
2010-12-21 16:06:00,69.29
2010-12-21 16:08:00,45.35
2010-12-21 17:16:00,424.17
2010-12-22 10:29:00,1162.9
2010-12-22 11:07:00,433.5
2010-12-22 11:11:00,351.08
2010-12-22 12:39:00,615.6
2010-12-22 12:44:00,23.8
2010-12-22 12:47:00,110.39999999999999
2010-12-22 13:17:00,108.63
2010-12-22 13:39:00,318.75
2010-12-22 13:46:00,135.34
2010-12-22 13:48:00,222.6
2010-12-22 14:28:00,600.72
2010-12-22 16:19:00,610.8
2010-12-22 16:23:00,192.4
2010-12-23 09:55:00,134.55
2010-12-23 09:59:00,344.88
2010-12-23 10:38:00,172.25
2010-12-23 11:06:00,390.95
2010-12-23 11:09:00,20.3
2010-12-23 11:24:00,529.59
2010-12-23 11:46:00,128.7
2010-12-23 12:03:00,12.35
2010-12-23 12:04:00,121.62
2010-12-23 12:58:00,1262.85
2010-12-23 14:06:00,354.64
2010-12-23 14:35:00,300.42
2010-12-23 14:40:00,256.61
2010-12-23 14:58:00,289.85
2010-12-23 15:16:00,968.77
2010-12-23 15:32:00,6.95
2010-12-23 16:06:00,353.69
2011-01-04 10:00:00,307.3
2011-01-04 10:22:00,474.66
2011-01-04 10:23:00,310.28
2011-01-04 10:37:00,445.12
2011-01-04 10:38:00,190.56
2011-01-04 11:30:00,299.6
2011-01-04 11:34:00,339.68
2011-01-04 11:40:00,510.89
2011-01-04 11:42:00,168.3
2011-01-04 11:48:00,215.41
2011-01-04 12:18:00,413.68
2011-01-04 12:45:00,109.3
2011-01-04 12:51:00,516.97
2011-01-04 12:57:00,388.72
2011-01-04 12:58:00,794.66
2011-01-04 13:03:00,23.8
2011-01-04 13:22:00,323.04
2011-01-04 13:30:00,363.66
2011-01-04 13:38:00,284.6
2011-01-04 13:47:00,90.0
2011-01-04 13:50:00,731.8000000000001
2011-01-04 14:12:00,871.48
2011-01-04 14:20:00,547.56
2011-01-04 14:21:00,173.39000000000001
2011-01-04 14:33:00,385.8
2011-01-04 14:40:00,203.1
2011-01-04 14:47:00,644.13
2011-01-04 15:24:00,112.30000000000001
2011-01-04 15:33:00,312.95
2011-01-04 15:40:00,201.94
2011-01-04 15:43:00,476.48
2011-01-04 15:50:00,160.38
2011-01-04 16:41:00,733.92
2011-01-05 09:11:00,323.87
2011-01-05 09:44:00,243.4
2011-01-05 09:51:00,112.65
2011-01-05 10:08:00,969.36
2011-01-05 10:35:00,366.06
2011-01-05 10:39:00,1179.6
2011-01-05 10:45:00,1209.1
2011-01-05 10:46:00,393.9
2011-01-05 10:51:00,261.5
2011-01-05 10:58:00,364.8
2011-01-05 11:00:00,481.7
2011-01-05 11:25:00,331.6
2011-01-05 11:41:00,1145.33
2011-01-05 11:47:00,72.0
2011-01-05 11:50:00,2574.48
2011-01-05 11:52:00,1207.03
2011-01-05 12:09:00,660.0
2011-01-05 12:13:00,125.86
2011-01-05 12:15:00,445.22
2011-01-05 12:20:00,229.75
2011-01-05 12:21:00,170.4
2011-01-05 12:29:00,138.98000000000002
2011-01-05 12:32:00,116.0
2011-01-05 12:35:00,102.0
2011-01-05 12:37:00,1910.4
2011-01-05 12:40:00,3862.14
2011-01-05 12:42:00,556.07
2011-01-05 12:54:00,481.14
2011-01-05 13:05:00,107.89
2011-01-05 13:09:00,199.44
2011-01-05 13:29:00,229.56
2011-01-05 13:37:00,1220.4
2011-01-05 13:40:00,331.45
2011-01-05 13:41:00,132.66
2011-01-05 13:53:00,653.86
2011-01-05 13:57:00,296.66
2011-01-05 14:48:00,835.11
2011-01-05 15:09:00,417.81
2011-01-05 15:30:00,511.95
2011-01-05 15:42:00,379.44
2011-01-05 15:56:00,1048.85
2011-01-05 15:57:00,583.45
2011-01-05 16:00:00,305.74
2011-01-05 16:06:00,12.75
2011-01-05 16:28:00,1263.72
2011-01-05 17:33:00,238.55
2011-01-06 08:52:00,682.8
2011-01-06 09:00:00,417.3
2011-01-06 09:40:00,771.29
2011-01-06 09:57:00,730.88
2011-01-06 10:01:00,242.54999999999998
2011-01-06 10:03:00,169.8
2011-01-06 10:20:00,432.0
2011-01-06 10:46:00,253.1
2011-01-06 11:12:00,7011.38
2011-01-06 11:25:00,1489.18
2011-01-06 11:39:00,186.0
2011-01-06 11:57:00,563.15
2011-01-06 11:59:00,211.8
2011-01-06 12:11:00,1520.1100000000001
2011-01-06 12:16:00,1520.11
2011-01-06 12:18:00,3120.2200000000003
2011-01-06 12:31:00,433.04
2011-01-06 12:32:00,35.400000000000006
2011-01-06 12:37:00,143.0
2011-01-06 12:45:00,785.65
2011-01-06 13:00:00,464.82
2011-01-06 13:19:00,621.9
2011-01-06 13:56:00,224.11
2011-01-06 14:07:00,660.15
2011-01-06 14:14:00,108.45
2011-01-06 14:26:00,319.77
2011-01-06 14:53:00,499.89
2011-01-06 14:58:00,623.6800000000001
2011-01-06 15:14:00,1374.46
2011-01-06 15:25:00,369.14
2011-01-06 15:29:00,377.7
2011-01-06 15:41:00,304.2
2011-01-06 15:42:00,162.70000000000002
2011-01-06 15:54:00,185.1
2011-01-06 16:03:00,317.06
2011-01-06 16:12:00,479.25
2011-01-06 16:25:00,76.32000000000001
2011-01-06 16:35:00,309.55
2011-01-06 16:41:00,3527.64
2011-01-06 17:10:00,307.35
2011-01-06 17:19:00,303.36
2011-01-06 17:47:00,406.77000000000004
2011-01-06 17:58:00,175.15
2011-01-06 18:24:00,237.65
2011-01-06 18:33:00,969.24
2011-01-06 18:57:00,236.02
2011-01-07 09:23:00,9.3
2011-01-07 09:31:00,1355.1599999999999
2011-01-07 09:40:00,301.66
2011-01-07 09:50:00,582.0
2011-01-07 09:53:00,495.0
2011-01-07 09:55:00,1064.97
2011-01-07 10:00:00,504.25
2011-01-07 10:04:00,387.40000000000003
2011-01-07 10:24:00,311.07
2011-01-07 10:27:00,303.0
2011-01-07 10:29:00,331.55
2011-01-07 10:32:00,603.09
2011-01-07 10:47:00,523.05
2011-01-07 10:55:00,149.41
2011-01-07 11:13:00,207.25
2011-01-07 11:49:00,325.44
2011-01-07 11:54:00,302.45
2011-01-07 11:57:00,368.52
2011-01-07 12:07:00,730.16
2011-01-07 12:14:00,188.0
2011-01-07 12:26:00,102.5
2011-01-07 12:28:00,2169.39
2011-01-07 12:35:00,479.1
2011-01-07 12:44:00,226.86
2011-01-07 12:45:00,434.95000000000005
2011-01-07 13:13:00,334.93
2011-01-07 13:17:00,1429.9
2011-01-07 13:30:00,83.7
2011-01-07 13:34:00,306.0
2011-01-07 13:39:00,300.54
2011-01-07 14:04:00,1138.67
2011-01-07 14:21:00,688.45
2011-01-07 14:22:00,335.8
2011-01-07 14:31:00,716.11
2011-01-07 14:43:00,141.48000000000002
2011-01-07 14:49:00,304.24
2011-01-07 14:53:00,2970.0
2011-01-07 15:19:00,135.9
2011-01-07 15:27:00,816.25
2011-01-07 15:42:00,165.88
2011-01-07 15:48:00,285.28000000000003
2011-01-07 16:32:00,559.85
2011-01-07 16:34:00,300.74
2011-01-07 17:18:00,328.54
2011-01-09 10:06:00,268.8
2011-01-09 10:21:00,365.2
2011-01-09 10:26:00,390.29999999999995
2011-01-09 10:43:00,753.26
2011-01-09 10:50:00,625.04
2011-01-09 11:02:00,208.56
2011-01-09 11:05:00,313.15
2011-01-09 11:12:00,282.25
2011-01-09 11:20:00,2079.75
2011-01-09 11:27:00,537.99
2011-01-09 11:32:00,104.25
2011-01-09 11:34:00,334.26
2011-01-09 11:39:00,142.24
2011-01-09 11:41:00,422.4
2011-01-09 11:43:00,431.77
2011-01-09 11:54:00,182.78
2011-01-09 12:01:00,267.2
2011-01-09 12:02:00,157.09
2011-01-09 12:03:00,97.5
2011-01-09 12:12:00,413.68
2011-01-09 12:31:00,195.45
2011-01-09 12:46:00,114.0
2011-01-09 12:50:00,301.28
2011-01-09 12:51:00,340.94
2011-01-09 12:53:00,660.36
2011-01-09 13:02:00,309.48
2011-01-09 13:41:00,229.48
2011-01-09 13:50:00,615.05
2011-01-09 14:02:00,488.46000000000004
2011-01-09 14:03:00,119.49000000000001
2011-01-09 14:11:00,221.7
2011-01-09 14:12:00,141.05
2011-01-09 14:17:00,25.2
2011-01-09 14:21:00,145.5
2011-01-09 14:28:00,110.17999999999999
2011-01-09 14:36:00,279.02
2011-01-09 14:42:00,557.07
2011-01-09 15:10:00,169.35
2011-01-09 15:13:00,320.21999999999997
2011-01-09 15:18:00,78.2
2011-01-09 15:23:00,380.68
2011-01-09 15:32:00,73.5
2011-01-09 15:35:00,401.49
2011-01-09 15:56:00,686.48
2011-01-09 16:07:00,258.0
2011-01-09 16:11:00,179.1
2011-01-10 09:11:00,1715.85
2011-01-10 09:44:00,376.7
2011-01-10 09:48:00,344.94
2011-01-10 09:55:00,240.45000000000002
2011-01-10 09:58:00,81.6
2011-01-10 10:32:00,326.78
2011-01-10 10:35:00,512.5899999999999
2011-01-10 10:44:00,102.0
2011-01-10 10:58:00,185.97
2011-01-10 11:09:00,332.41
2011-01-10 11:22:00,646.54
2011-01-10 11:35:00,326.82
2011-01-10 11:38:00,311.71
2011-01-10 11:59:00,217.75
2011-01-10 12:03:00,456.97
2011-01-10 12:04:00,212.0
2011-01-10 12:28:00,566.84
2011-01-10 12:36:00,167.6
2011-01-10 13:20:00,279.3
2011-01-10 13:22:00,1238.06
2011-01-10 14:16:00,827.1800000000001
2011-01-10 14:20:00,402.66
2011-01-10 14:57:00,1248.32
2011-01-10 14:58:00,969.87
2011-01-10 14:59:00,404.12
2011-01-10 15:07:00,250.0
2011-01-10 15:16:00,500.48
2011-01-10 15:18:00,263.0
2011-01-10 15:35:00,322.53000000000003
2011-01-10 15:51:00,780.42
2011-01-10 16:24:00,434.03999999999996
2011-01-10 16:29:00,64.14
2011-01-10 17:18:00,237.19
2011-01-11 07:57:00,234.0
2011-01-11 08:43:00,12797.52
2011-01-11 08:45:00,241.26
2011-01-11 08:50:00,1508.6599999999999
2011-01-11 09:12:00,352.51
2011-01-11 09:20:00,369.0
2011-01-11 09:24:00,4314.0199999999995
2011-01-11 09:47:00,462.5
2011-01-11 09:48:00,602.44
2011-01-11 09:58:00,651.95
2011-01-11 10:04:00,302.57
2011-01-11 10:19:00,144.12
2011-01-11 10:26:00,153.9
2011-01-11 10:31:00,69.7
2011-01-11 10:38:00,815.0600000000001
2011-01-11 10:40:00,145.75
2011-01-11 11:15:00,110.95
2011-01-11 11:18:00,252.42000000000002
2011-01-11 11:32:00,184.2
2011-01-11 11:39:00,3417.1200000000003
2011-01-11 11:48:00,871.1999999999999
2011-01-11 11:54:00,153.6
2011-01-11 12:00:00,355.8
2011-01-11 12:05:00,8.5
2011-01-11 12:11:00,727.36
2011-01-11 12:12:00,15.299999999999999
2011-01-11 12:20:00,302.36
2011-01-11 12:25:00,1147.1799999999998
2011-01-11 12:29:00,418.48
2011-01-11 12:30:00,426.9
2011-01-11 12:37:00,374.75
2011-01-11 12:41:00,415.55
2011-01-11 12:55:00,15525.810000000001
2011-01-11 12:56:00,347.95
2011-01-11 12:57:00,7837.5
2011-01-11 13:06:00,23.85
2011-01-11 13:25:00,24.95
2011-01-11 13:26:00,288.5
2011-01-11 13:31:00,252.54
2011-01-11 13:54:00,62.13
2011-01-11 14:00:00,447.28
2011-01-11 14:15:00,344.14
2011-01-11 14:38:00,113.63999999999999
2011-01-11 14:50:00,1578.31
2011-01-11 15:00:00,154.9
2011-01-11 15:13:00,425.1
2011-01-11 15:42:00,364.05
2011-01-11 16:16:00,60.0
2011-01-11 16:24:00,71.5
2011-01-12 09:33:00,492.65000000000003
2011-01-12 09:43:00,102.95
2011-01-12 10:14:00,445.6
2011-01-12 10:16:00,812.25
2011-01-12 10:20:00,314.0
2011-01-12 10:49:00,92.4
2011-01-12 10:58:00,438.67
2011-01-12 11:18:00,202.34999999999997
2011-01-12 11:21:00,575.18
2011-01-12 11:46:00,250.65
2011-01-12 11:51:00,366.12
2011-01-12 11:52:00,1358.29
2011-01-12 11:53:00,721.9200000000001
2011-01-12 12:00:00,311.67
2011-01-12 12:10:00,2.46
2011-01-12 12:12:00,214.18
2011-01-12 12:31:00,220.33
2011-01-12 12:41:00,0.85
2011-01-12 12:43:00,1294.56
2011-01-12 13:10:00,676.5999999999999
2011-01-12 13:16:00,220.85
2011-01-12 13:19:00,174.15
2011-01-12 13:27:00,137.95
2011-01-12 13:30:00,342.46
2011-01-12 13:40:00,770.75
2011-01-12 13:52:00,197.65
2011-01-12 14:10:00,651.16
2011-01-12 14:13:00,392.7
2011-01-12 14:43:00,112.08
2011-01-12 14:57:00,289.7
2011-01-12 15:00:00,919.98
2011-01-12 15:06:00,554.75
2011-01-12 15:22:00,255.25
2011-01-12 15:25:00,287.46000000000004
2011-01-12 15:36:00,1289.5
2011-01-12 15:44:00,148.35
2011-01-12 15:48:00,105.54
2011-01-12 16:14:00,408.29
2011-01-12 16:51:00,258.41
2011-01-12 16:52:00,307.05
2011-01-12 16:57:00,436.23
2011-01-13 09:23:00,201.19
2011-01-13 09:29:00,704.59
2011-01-13 09:40:00,104.0
2011-01-13 09:55:00,130.85
2011-01-13 10:04:00,289.5
2011-01-13 10:08:00,1431.28
2011-01-13 10:28:00,165.0
2011-01-13 10:33:00,188.69
2011-01-13 10:35:00,472.57
2011-01-13 10:39:00,200.25
2011-01-13 10:43:00,323.15000000000003
2011-01-13 10:48:00,72.26
2011-01-13 11:05:00,195.13
2011-01-13 11:26:00,155.17
2011-01-13 11:48:00,271.09
2011-01-13 11:54:00,620.76
2011-01-13 11:57:00,226.37
2011-01-13 12:03:00,1208.76
2011-01-13 12:10:00,551.14
2011-01-13 12:32:00,353.7
2011-01-13 12:37:00,205.75
2011-01-13 12:41:00,692.82
2011-01-13 12:53:00,342.15
2011-01-13 13:21:00,753.4499999999999
2011-01-13 13:36:00,336.07
2011-01-13 14:24:00,596.0600000000001
2011-01-13 14:34:00,660.0
2011-01-13 14:50:00,259.20000000000005
2011-01-13 14:55:00,328.92
2011-01-13 15:01:00,76.32000000000001
2011-01-13 15:10:00,14.95
2011-01-13 15:11:00,342.61
2011-01-13 15:13:00,353.5
2011-01-13 15:17:00,386.05
2011-01-13 15:18:00,174.14999999999998
2011-01-13 15:19:00,175.2
2011-01-13 15:34:00,1608.66
2011-01-14 08:16:00,127.80000000000001
2011-01-14 09:13:00,864.22
2011-01-14 09:20:00,225.89999999999998
2011-01-14 09:23:00,284.62
2011-01-14 09:52:00,534.57
2011-01-14 09:54:00,131.39999999999998
2011-01-14 10:06:00,47.5
2011-01-14 10:10:00,281.88
2011-01-14 10:20:00,643.6
2011-01-14 10:31:00,179.10000000000002
2011-01-14 10:39:00,692.54
2011-01-14 10:42:00,700.31
2011-01-14 11:05:00,313.2
2011-01-14 11:36:00,177.00000000000003
2011-01-14 11:47:00,345.84999999999997
2011-01-14 11:50:00,100.2
2011-01-14 12:09:00,448.95
2011-01-14 12:21:00,302.76
2011-01-14 12:22:00,322.58
2011-01-14 12:23:00,430.7
2011-01-14 12:24:00,10389.06
2011-01-14 12:27:00,361.5
2011-01-14 12:29:00,272.64
2011-01-14 13:28:00,570.07
2011-01-14 13:41:00,487.70000000000005
2011-01-14 13:42:00,1547.58
2011-01-14 13:52:00,416.54
2011-01-14 13:59:00,111.9
2011-01-14 14:02:00,142.82
2011-01-14 14:11:00,16774.72
2011-01-14 14:39:00,254.54
2011-01-14 14:45:00,201.9
2011-01-14 14:47:00,234.62
2011-01-14 15:04:00,214.20000000000002
2011-01-14 15:29:00,349.2
2011-01-14 16:29:00,45.0
2011-01-14 17:16:00,3.35
2011-01-16 10:42:00,391.1
2011-01-16 10:56:00,487.9
2011-01-16 11:07:00,161.3
2011-01-16 11:08:00,191.94
2011-01-16 11:49:00,58.190000000000005
2011-01-16 12:11:00,69.6
2011-01-16 12:35:00,270.34000000000003
2011-01-16 12:41:00,22.200000000000003
2011-01-16 12:44:00,810.0
2011-01-16 13:04:00,8.52
2011-01-16 13:18:00,120.72999999999999
2011-01-16 13:19:00,35.28
2011-01-16 13:25:00,258.25
2011-01-16 13:41:00,203.3
2011-01-16 13:51:00,277.39
2011-01-16 13:54:00,4.25
2011-01-16 14:36:00,477.61
2011-01-16 15:30:00,362.0
2011-01-16 15:38:00,282.6
2011-01-16 15:44:00,145.0
2011-01-16 15:50:00,297.66
2011-01-16 16:10:00,906.9100000000001
2011-01-16 16:23:00,430.04
2011-01-16 16:25:00,969.95
2011-01-17 10:37:00,613.22
2011-01-17 10:52:00,221.44
2011-01-17 11:01:00,1096.0
2011-01-17 11:09:00,155.95
2011-01-17 11:12:00,431.3
2011-01-17 11:17:00,110.45
2011-01-17 11:21:00,189.5
2011-01-17 11:24:00,493.45
2011-01-17 11:28:00,121.20000000000002
2011-01-17 11:34:00,165.0
2011-01-17 11:46:00,220.9
2011-01-17 11:53:00,167.4
2011-01-17 11:55:00,635.8
2011-01-17 11:57:00,1199.33
2011-01-17 11:59:00,64.99000000000001
2011-01-17 12:31:00,895.5
2011-01-17 12:34:00,170.46
2011-01-17 12:45:00,805.45
2011-01-17 13:08:00,475.2
2011-01-17 13:09:00,751.5999999999999
2011-01-17 13:21:00,264.65
2011-01-17 13:23:00,208.32
2011-01-17 13:25:00,409.37
2011-01-17 13:30:00,375.15
2011-01-17 13:39:00,394.57
2011-01-17 13:59:00,157.2
2011-01-17 14:18:00,304.02
2011-01-17 14:27:00,111.35
2011-01-17 14:40:00,146.85
2011-01-17 14:49:00,311.48
2011-01-17 14:51:00,609.88
2011-01-17 15:05:00,7.800000000000001
2011-01-17 15:11:00,412.85
2011-01-17 15:17:00,732.14
2011-01-17 15:19:00,416.08
2011-01-17 15:31:00,152.64000000000001
2011-01-17 15:42:00,316.5
2011-01-17 15:50:00,347.03999999999996
2011-01-17 16:06:00,1207.13
2011-01-17 16:07:00,9.75
2011-01-17 16:14:00,449.58
2011-01-17 16:23:00,262.96
2011-01-17 17:08:00,5.9
2011-01-18 08:43:00,79.2
2011-01-18 08:44:00,440.0
2011-01-18 08:46:00,405.0
2011-01-18 08:53:00,138.35
2011-01-18 09:44:00,302.22
2011-01-18 09:50:00,2271.62
2011-01-18 10:01:00,77183.6
2011-01-18 10:15:00,158.95
2011-01-18 10:22:00,465.58
2011-01-18 10:28:00,155.93
2011-01-18 10:41:00,315.0
2011-01-18 10:58:00,69.6
2011-01-18 11:30:00,305.52
2011-01-18 11:51:00,390.0
2011-01-18 11:54:00,707.88
2011-01-18 12:05:00,132.52
2011-01-18 12:09:00,293.63
2011-01-18 12:40:00,107.45
2011-01-18 12:46:00,193.09
2011-01-18 13:05:00,290.8
2011-01-18 13:15:00,129.51
2011-01-18 13:34:00,780.5
2011-01-18 13:38:00,577.3
2011-01-18 13:40:00,129.95
2011-01-18 14:04:00,681.05
2011-01-18 15:25:00,145.23
2011-01-18 15:37:00,235.6
2011-01-18 15:58:00,15.0
2011-01-18 16:31:00,141.66
2011-01-18 16:39:00,203.55
2011-01-18 16:45:00,128.82
2011-01-18 16:52:00,15.0
2011-01-19 08:34:00,63.0
2011-01-19 09:05:00,2919.5099999999998
2011-01-19 09:13:00,238.5
2011-01-19 09:45:00,169.74
2011-01-19 09:54:00,330.2
2011-01-19 10:09:00,110.6
2011-01-19 10:49:00,594.7
2011-01-19 10:51:00,76.32000000000001
2011-01-19 10:56:00,523.98
2011-01-19 11:15:00,740.39
2011-01-19 11:38:00,192.26
2011-01-19 11:48:00,172.15
2011-01-19 11:50:00,833.44
2011-01-19 11:51:00,752.75
2011-01-19 12:07:00,305.6
2011-01-19 12:14:00,685.12
2011-01-19 12:34:00,7722.04
2011-01-19 12:38:00,169.68
2011-01-19 12:52:00,212.72
2011-01-19 13:21:00,577.02
2011-01-19 13:32:00,112.92
2011-01-19 14:22:00,275.5
2011-01-19 14:39:00,202.93
2011-01-19 14:43:00,487.45000000000005
2011-01-19 14:50:00,410.18
2011-01-19 14:52:00,309.94
2011-01-19 15:20:00,321.4
2011-01-19 15:30:00,295.05
2011-01-19 16:08:00,116.06
2011-01-19 16:18:00,185.92000000000002
2011-01-19 16:19:00,1037.4
2011-01-19 17:17:00,166.68
2011-01-19 17:23:00,335.63
2011-01-20 09:03:00,114.6
2011-01-20 09:25:00,114.68
2011-01-20 09:54:00,305.28000000000003
2011-01-20 10:11:00,74.9
2011-01-20 10:18:00,957.63
2011-01-20 10:43:00,149.42000000000002
2011-01-20 10:47:00,581.55
2011-01-20 10:48:00,935.13
2011-01-20 11:15:00,337.7
2011-01-20 11:39:00,167.39000000000001
2011-01-20 12:04:00,262.55
2011-01-20 12:11:00,87.75
2011-01-20 12:16:00,428.38
2011-01-20 12:20:00,529.91
2011-01-20 12:23:00,330.9
2011-01-20 12:29:00,331.76
2011-01-20 12:34:00,2756.84
2011-01-20 13:01:00,398.6
2011-01-20 13:02:00,255.6
2011-01-20 13:49:00,225.6
2011-01-20 14:01:00,833.52
2011-01-20 14:13:00,115.8
2011-01-20 14:17:00,55.5
2011-01-20 14:18:00,1652.27
2011-01-20 14:24:00,229.46999999999997
2011-01-20 15:00:00,278.6
2011-01-20 15:01:00,330.48
2011-01-20 15:22:00,1761.18
2011-01-20 15:42:00,377.3
2011-01-20 16:17:00,42.2
2011-01-20 19:16:00,222.24
2011-01-21 09:03:00,301.96
2011-01-21 09:06:00,135.75
2011-01-21 09:52:00,341.0
2011-01-21 10:35:00,304.02
2011-01-21 11:08:00,19.5
2011-01-21 11:09:00,441.15
2011-01-21 11:18:00,8060.3
2011-01-21 11:19:00,125.13
2011-01-21 11:34:00,94.36
2011-01-21 11:42:00,661.58
2011-01-21 11:50:00,8.5
2011-01-21 11:55:00,728.16
2011-01-21 12:37:00,717.02
2011-01-21 12:40:00,85.6
2011-01-21 13:05:00,307.6
2011-01-21 13:07:00,7646.16
2011-01-21 13:09:00,302.0
2011-01-21 13:13:00,345.24
2011-01-21 13:21:00,138.55
2011-01-21 13:47:00,259.6
2011-01-21 13:55:00,318.5
2011-01-21 14:04:00,17.2
2011-01-21 14:17:00,387.87
2011-01-21 14:21:00,6.6
2011-01-21 14:38:00,169.75
2011-01-21 14:39:00,91.8
2011-01-21 14:51:00,10.0
2011-01-21 15:25:00,357.12
2011-01-21 15:36:00,424.32
2011-01-21 15:41:00,748.94
2011-01-21 15:45:00,8.25
2011-01-21 15:56:00,491.94
2011-01-21 15:57:00,122.44
2011-01-21 17:14:00,101.85
2011-01-23 10:15:00,161.8
2011-01-23 10:29:00,394.04999999999995
2011-01-23 10:32:00,153.0
2011-01-23 10:43:00,847.85
2011-01-23 11:15:00,376.31
2011-01-23 11:48:00,2.95
2011-01-23 11:53:00,161.03
2011-01-23 12:07:00,181.35
2011-01-23 12:08:00,1045.4
2011-01-23 12:19:00,215.16000000000003
2011-01-23 12:41:00,163.0
2011-01-23 12:43:00,323.09000000000003
2011-01-23 13:25:00,437.71
2011-01-23 13:31:00,497.48
2011-01-23 13:33:00,0.85
2011-01-23 13:34:00,154.79
2011-01-23 13:58:00,244.3
2011-01-23 14:20:00,105.34
2011-01-23 14:29:00,224.75
2011-01-23 14:58:00,106.55
2011-01-23 14:59:00,469.18
2011-01-23 15:16:00,402.41999999999996
2011-01-23 15:17:00,514.5
2011-01-23 15:34:00,460.44
2011-01-23 15:45:00,115.67999999999999
2011-01-23 16:02:00,265.85
2011-01-23 16:17:00,2375.42
2011-01-24 08:20:00,165.0
2011-01-24 09:25:00,417.31
2011-01-24 09:28:00,163.5
2011-01-24 09:52:00,448.74
2011-01-24 10:01:00,1271.88
2011-01-24 10:05:00,117.4
2011-01-24 10:12:00,486.11
2011-01-24 10:38:00,408.3
2011-01-24 10:43:00,66.93
2011-01-24 10:56:00,904.66
2011-01-24 11:12:00,200.10000000000002
2011-01-24 11:21:00,481.41
2011-01-24 11:31:00,91.80000000000001
2011-01-24 11:34:00,241.85999999999999
2011-01-24 11:35:00,352.42
2011-01-24 11:39:00,2661.24
2011-01-24 11:50:00,309.43
2011-01-24 11:56:00,301.53
2011-01-24 12:00:00,206.98
2011-01-24 12:08:00,288.99
2011-01-24 12:13:00,523.34
2011-01-24 12:44:00,282.59999999999997
2011-01-24 12:58:00,162.05
2011-01-24 13:06:00,172.85
2011-01-24 13:27:00,1716.62
2011-01-24 13:35:00,304.1
2011-01-24 13:37:00,387.27000000000004
2011-01-24 13:48:00,1285.62
2011-01-24 13:58:00,431.63
2011-01-24 14:01:00,187.01999999999998
2011-01-24 14:16:00,163.04
2011-01-24 14:39:00,127.70000000000002
2011-01-24 14:44:00,379.7
2011-01-24 14:46:00,91.80000000000001
2011-01-24 14:54:00,282.44
2011-01-24 15:09:00,157.45
2011-01-24 15:32:00,190.2
2011-01-24 15:47:00,15.0
2011-01-24 15:48:00,111.78
2011-01-24 15:52:00,215.78
2011-01-24 15:59:00,374.93
2011-01-24 16:05:00,483.86
2011-01-25 08:03:00,585.0
2011-01-25 08:21:00,417.69
2011-01-25 09:01:00,214.4
2011-01-25 09:11:00,323.44
2011-01-25 09:31:00,431.76
2011-01-25 09:58:00,256.40999999999997
2011-01-25 10:20:00,333.08000000000004
2011-01-25 10:38:00,315.13
2011-01-25 10:42:00,227.44
2011-01-25 10:49:00,620.14
2011-01-25 10:56:00,723.6
2011-01-25 10:57:00,621.6
2011-01-25 11:07:00,1368.38
2011-01-25 11:08:00,88.80000000000001
2011-01-25 11:18:00,337.3
2011-01-25 11:20:00,581.66
2011-01-25 11:41:00,473.45000000000005
2011-01-25 11:57:00,173.8
2011-01-25 11:59:00,568.47
2011-01-25 12:03:00,90.9
2011-01-25 12:15:00,157.4
2011-01-25 12:16:00,1012.01
2011-01-25 12:21:00,15.149999999999999
2011-01-25 12:26:00,130.81
2011-01-25 12:31:00,1081.3
2011-01-25 12:33:00,355.12
2011-01-25 12:35:00,459.84000000000003
2011-01-25 12:39:00,241.89
2011-01-25 12:46:00,500.09999999999997
2011-01-25 12:52:00,199.32999999999998
2011-01-25 13:04:00,146.1
2011-01-25 13:10:00,99.5
2011-01-25 13:15:00,257.9
2011-01-25 13:26:00,2853.26
2011-01-25 13:35:00,389.90000000000003
2011-01-25 13:37:00,1116.9
2011-01-25 13:38:00,846.72
2011-01-25 13:43:00,133.5
2011-01-25 13:46:00,274.74
2011-01-25 13:55:00,967.8100000000001
2011-01-25 14:00:00,451.03
2011-01-25 14:33:00,231.48
2011-01-25 14:36:00,636.94
2011-01-25 14:44:00,339.59999999999997
2011-01-25 14:45:00,302.58
2011-01-25 14:47:00,233.08
2011-01-25 14:53:00,564.39
2011-01-25 15:13:00,287.93
2011-01-25 15:18:00,120.94999999999999
2011-01-25 15:36:00,146.1
2011-01-25 15:55:00,323.71
2011-01-25 15:59:00,36.0
2011-01-25 16:33:00,153.78
2011-01-25 16:36:00,300.0
2011-01-26 08:38:00,326.4
2011-01-26 09:04:00,174.6
2011-01-26 09:23:00,561.3
2011-01-26 09:26:00,419.40000000000003
2011-01-26 09:27:00,160.05
2011-01-26 10:02:00,683.9300000000001
2011-01-26 10:10:00,252.10000000000002
2011-01-26 10:17:00,108.55000000000001
2011-01-26 10:30:00,187.85
2011-01-26 10:33:00,347.15
2011-01-26 10:49:00,102.0
2011-01-26 10:51:00,285.59999999999997
2011-01-26 11:14:00,307.85
2011-01-26 11:27:00,1031.83
2011-01-26 11:34:00,396.71999999999997
2011-01-26 11:35:00,944.34
2011-01-26 12:12:00,244.8
2011-01-26 12:15:00,113.7
2011-01-26 12:19:00,157.02
2011-01-26 12:27:00,825.36
2011-01-26 12:29:00,802.56
2011-01-26 12:35:00,7.800000000000001
2011-01-26 12:36:00,752.54
2011-01-26 12:38:00,211.35
2011-01-26 12:40:00,379.28000000000003
2011-01-26 12:42:00,237.60000000000002
2011-01-26 12:43:00,100.85000000000001
2011-01-26 12:45:00,92.7
2011-01-26 13:20:00,188.86
2011-01-26 13:33:00,328.4
2011-01-26 13:37:00,372.29
2011-01-26 13:38:00,577.8
2011-01-26 13:40:00,1136.58
2011-01-26 13:46:00,658.75
2011-01-26 13:56:00,193.79999999999998
2011-01-26 14:19:00,191.55
2011-01-26 14:30:00,475.39
2011-01-26 14:35:00,567.7
2011-01-26 14:45:00,249.0
2011-01-26 14:51:00,271.56
2011-01-26 14:58:00,156.0
2011-01-26 15:00:00,181.65
2011-01-26 15:31:00,318.23
2011-01-26 15:49:00,305.55
2011-01-26 16:41:00,511.69
2011-01-26 17:08:00,162.4
2011-01-26 17:27:00,142.71
2011-01-26 17:37:00,275.78
2011-01-26 17:43:00,9.9
2011-01-27 08:30:00,490.88
2011-01-27 09:33:00,675.58
2011-01-27 09:42:00,736.7
2011-01-27 10:02:00,339.6
2011-01-27 10:18:00,702.4
2011-01-27 10:19:00,1693.88
2011-01-27 10:30:00,529.01
2011-01-27 10:43:00,564.05
2011-01-27 10:56:00,556.46
2011-01-27 11:05:00,1715.85
2011-01-27 11:15:00,203.25
2011-01-27 11:55:00,149.49
2011-01-27 12:06:00,329.38
2011-01-27 12:10:00,328.74
2011-01-27 12:11:00,74.42
2011-01-27 12:13:00,152.25
2011-01-27 12:19:00,916.3100000000001
2011-01-27 12:23:00,337.5
2011-01-27 12:40:00,396.45
2011-01-27 13:08:00,369.29999999999995
2011-01-27 13:23:00,318.59999999999997
2011-01-27 13:29:00,220.59
2011-01-27 13:37:00,408.78000000000003
2011-01-27 13:38:00,1866.02
2011-01-27 13:40:00,264.26
2011-01-27 13:42:00,178.1
2011-01-27 13:53:00,157.4
2011-01-27 14:07:00,321.1
2011-01-27 14:10:00,204.77
2011-01-27 14:31:00,177.35000000000002
2011-01-27 14:35:00,268.8
2011-01-27 14:45:00,159.60000000000002
2011-01-27 14:46:00,182.45000000000002
2011-01-27 14:48:00,317.15
2011-01-27 15:02:00,556.46
2011-01-27 15:22:00,1308.48
2011-01-27 15:36:00,692.3000000000001
2011-01-27 15:38:00,942.1
2011-01-27 15:51:00,316.21000000000004
2011-01-27 16:11:00,31.799999999999997
2011-01-27 16:13:00,133.45
2011-01-27 16:17:00,283.74
2011-01-27 16:29:00,392.01
2011-01-27 16:30:00,305.25
2011-01-27 16:43:00,242.42000000000002
2011-01-27 16:49:00,116.4
2011-01-27 17:41:00,101.05
2011-01-27 18:05:00,247.54
2011-01-27 19:33:00,181.35
2011-01-28 09:09:00,1131.0
2011-01-28 09:20:00,218.45
2011-01-28 10:00:00,2938.7599999999998
2011-01-28 10:08:00,335.82
2011-01-28 10:10:00,313.70000000000005
2011-01-28 10:28:00,427.40000000000003
2011-01-28 10:40:00,166.8
2011-01-28 10:45:00,401.58000000000004
2011-01-28 10:47:00,316.06
2011-01-28 11:27:00,318.0
2011-01-28 11:58:00,622.62
2011-01-28 12:06:00,743.9
2011-01-28 12:07:00,358.9
2011-01-28 12:11:00,1521.1
2011-01-28 12:19:00,564.5
2011-01-28 12:21:00,238.67
2011-01-28 12:28:00,150.88
2011-01-28 12:43:00,593.17
2011-01-28 12:48:00,522.08
2011-01-28 13:04:00,215.51999999999998
2011-01-28 13:08:00,208.61
2011-01-28 13:18:00,100.8
2011-01-28 13:27:00,583.41
2011-01-28 13:37:00,459.8
2011-01-28 13:54:00,367.29
2011-01-28 14:37:00,384.68
2011-01-28 14:42:00,309.05
2011-01-28 14:45:00,19.8
2011-01-28 14:53:00,160.05
2011-01-28 14:57:00,474.7
2011-01-28 15:09:00,483.90000000000003
2011-01-28 15:21:00,168.1
2011-01-28 15:29:00,243.36
2011-01-28 15:45:00,626.6
2011-01-28 15:53:00,304.74
2011-01-28 16:18:00,159.85
2011-01-28 16:42:00,119.85000000000001
2011-01-30 10:19:00,421.1
2011-01-30 10:27:00,182.8
2011-01-30 10:33:00,159.43
2011-01-30 10:43:00,109.25
2011-01-30 11:01:00,102.64
2011-01-30 11:11:00,310.61
2011-01-30 11:52:00,213.03
2011-01-30 12:09:00,539.84
2011-01-30 12:42:00,225.1
2011-01-30 13:36:00,163.8
2011-01-30 13:48:00,411.75
2011-01-30 13:51:00,269.3
2011-01-30 14:03:00,112.75
2011-01-30 14:05:00,351.56
2011-01-30 14:13:00,572.8100000000001
2011-01-30 14:19:00,165.9
2011-01-30 14:36:00,403.3
2011-01-30 14:37:00,197.25000000000003
2011-01-30 15:22:00,14.95
2011-01-30 15:40:00,249.67000000000002
2011-01-30 15:48:00,709.51
2011-01-30 15:52:00,155.21
2011-01-30 15:54:00,574.19
2011-01-31 08:56:00,343.55
2011-01-31 09:05:00,493.53000000000003
2011-01-31 09:41:00,382.5
2011-01-31 09:51:00,848.12
2011-01-31 09:55:00,132.35
2011-01-31 09:57:00,3174.4300000000003
2011-01-31 10:08:00,60.48
2011-01-31 10:09:00,123.95
2011-01-31 10:13:00,460.5
2011-01-31 10:42:00,494.64
2011-01-31 10:44:00,56.099999999999994
2011-01-31 11:25:00,203.8
2011-01-31 11:42:00,320.0
2011-01-31 11:46:00,1134.01
2011-01-31 12:09:00,305.07
2011-01-31 12:10:00,609.01
2011-01-31 12:16:00,453.7
2011-01-31 12:18:00,101.8
2011-01-31 12:21:00,205.60000000000002
2011-01-31 12:33:00,378.0
2011-01-31 12:34:00,631.36
2011-01-31 12:35:00,131.7
2011-01-31 12:37:00,318.0
2011-01-31 12:50:00,205.3
2011-01-31 13:07:00,662.38
2011-01-31 13:17:00,936.68
2011-01-31 13:19:00,93.60000000000001
2011-01-31 13:27:00,1337.78
2011-01-31 13:39:00,177.5
2011-01-31 14:02:00,263.24
2011-01-31 14:07:00,121.17
2011-01-31 14:13:00,192.2
2011-01-31 14:18:00,218.52
2011-01-31 14:35:00,134.48
2011-01-31 14:38:00,261.59999999999997
2011-01-31 14:53:00,127.89999999999999
2011-01-31 14:59:00,265.05
2011-01-31 15:05:00,14.750000000000002
2011-01-31 15:09:00,136.24
2011-01-31 15:11:00,304.44
2011-01-31 15:17:00,315.57
2011-01-31 15:27:00,219.52
2011-01-31 15:35:00,120.52
2011-01-31 15:36:00,417.54
2011-01-31 15:37:00,0.55
2011-01-31 15:52:00,178.79999999999998
2011-01-31 15:57:00,212.99999999999997
2011-01-31 16:02:00,176.66
2011-01-31 16:26:00,14.750000000000002
2011-01-31 16:47:00,339.29
2011-01-31 16:48:00,1.9
2011-01-31 16:59:00,4.95
2011-02-01 08:23:00,312.9
2011-02-01 08:31:00,797.77
2011-02-01 09:01:00,234.47
2011-02-01 09:36:00,409.5
2011-02-01 09:38:00,698.6
2011-02-01 10:00:00,314.15000000000003
2011-02-01 10:14:00,1025.34
2011-02-01 10:15:00,362.40000000000003
2011-02-01 10:37:00,450.06
2011-02-01 10:38:00,4726.93
2011-02-01 10:47:00,439.3
2011-02-01 10:59:00,336.91
2011-02-01 11:07:00,178.22
2011-02-01 11:08:00,278.21999999999997
2011-02-01 11:16:00,3.67
2011-02-01 11:19:00,47.7
2011-02-01 11:20:00,798.99
2011-02-01 11:21:00,325.75
2011-02-01 11:30:00,184.5
2011-02-01 11:31:00,239.29999999999998
2011-02-01 11:40:00,123.42999999999999
2011-02-01 11:42:00,70.02
2011-02-01 11:51:00,161.2
2011-02-01 11:58:00,316.26000000000005
2011-02-01 12:03:00,969.74
2011-02-01 12:08:00,117.85
2011-02-01 12:25:00,252.66
2011-02-01 12:27:00,259.51
2011-02-01 12:29:00,211.94
2011-02-01 12:42:00,354.24000000000007
2011-02-01 12:54:00,150.2
2011-02-01 13:09:00,320.51
2011-02-01 13:10:00,364.6
2011-02-01 13:15:00,379.1
2011-02-01 13:20:00,241.2
2011-02-01 13:25:00,1003.23
2011-02-01 13:26:00,2489.11
2011-02-01 13:28:00,155.51999999999998
2011-02-01 13:36:00,485.73
2011-02-01 13:45:00,214.45
2011-02-01 13:47:00,289.24
2011-02-01 13:50:00,270.0
2011-02-01 13:55:00,303.0
2011-02-01 14:01:00,409.7
2011-02-01 14:12:00,105.85
2011-02-01 14:24:00,134.1
2011-02-01 14:29:00,88.3
2011-02-01 14:43:00,231.0
2011-02-01 14:46:00,40.8
2011-02-01 14:58:00,510.84999999999997
2011-02-01 15:11:00,288.98
2011-02-01 15:15:00,313.85
2011-02-01 15:24:00,271.55
2011-02-01 15:35:00,734.4000000000001
2011-02-01 15:41:00,509.5
2011-02-01 16:03:00,272.4
2011-02-01 16:18:00,35.8
2011-02-01 16:47:00,762.0
2011-02-02 07:51:00,765.0
2011-02-02 07:58:00,277.5
2011-02-02 09:06:00,490.89
2011-02-02 09:08:00,394.40000000000003
2011-02-02 09:39:00,113.64
2011-02-02 09:49:00,75.60000000000001
2011-02-02 10:06:00,303.56
2011-02-02 10:22:00,505.98
2011-02-02 10:34:00,289.3
2011-02-02 10:41:00,530.1
2011-02-02 10:46:00,184.95
2011-02-02 10:54:00,1341.96
2011-02-02 10:56:00,1063.0
2011-02-02 11:01:00,991.98
2011-02-02 11:14:00,162.1
2011-02-02 11:41:00,154.41
2011-02-02 11:43:00,141.3
2011-02-02 11:55:00,30.0
2011-02-02 12:02:00,303.84000000000003
2011-02-02 12:03:00,675.0
2011-02-02 12:09:00,158.57999999999998
2011-02-02 12:10:00,227.71
2011-02-02 12:26:00,314.63
2011-02-02 12:36:00,117.09
2011-02-02 12:38:00,126.82
2011-02-02 12:42:00,144.2
2011-02-02 12:53:00,326.36
2011-02-02 12:54:00,160.85
2011-02-02 13:07:00,442.88
2011-02-02 13:11:00,128.68
2011-02-02 13:16:00,349.27
2011-02-02 13:25:00,375.40000000000003
2011-02-02 13:28:00,7.2
2011-02-02 13:46:00,398.0
2011-02-02 13:57:00,165.0
2011-02-02 14:17:00,15.0
2011-02-02 14:25:00,21.6
2011-02-02 14:29:00,203.58
2011-02-02 14:36:00,295.06
2011-02-02 14:37:00,654.96
2011-02-02 14:38:00,307.3
2011-02-02 14:39:00,345.02
2011-02-02 14:40:00,68.10000000000001
2011-02-02 14:51:00,153.76
2011-02-02 15:09:00,304.9
2011-02-02 15:13:00,349.89
2011-02-02 15:22:00,150.5
2011-02-02 15:26:00,75.68
2011-02-02 15:39:00,97.5
2011-02-02 15:48:00,208.48000000000002
2011-02-02 15:57:00,133.95
2011-02-02 16:01:00,334.4
2011-02-02 16:15:00,110.45000000000002
2011-02-02 17:06:00,1026.72
2011-02-02 17:08:00,6.85
2011-02-02 17:15:00,44.35
2011-02-03 08:18:00,308.55
2011-02-03 09:04:00,207.22
2011-02-03 09:37:00,121.45
2011-02-03 09:42:00,1866.3000000000002
2011-02-03 09:58:00,427.94000000000005
2011-02-03 10:26:00,150.0
2011-02-03 10:39:00,313.76
2011-02-03 10:41:00,617.25
2011-02-03 10:47:00,947.4
2011-02-03 10:50:00,989.52
2011-02-03 11:28:00,331.24
2011-02-03 11:30:00,170.7
2011-02-03 11:39:00,173.74
2011-02-03 11:49:00,255.76
2011-02-03 12:00:00,6549.12
2011-02-03 12:12:00,270.20000000000005
2011-02-03 12:27:00,558.32
2011-02-03 12:37:00,244.22
2011-02-03 12:44:00,428.11
2011-02-03 13:06:00,458.9
2011-02-03 13:26:00,788.06
2011-02-03 13:27:00,120.75
2011-02-03 13:29:00,1177.8400000000001
2011-02-03 13:30:00,213.89999999999998
2011-02-03 13:31:00,293.96
2011-02-03 13:53:00,231.4
2011-02-03 13:58:00,336.70000000000005
2011-02-03 14:01:00,307.0
2011-02-03 14:08:00,333.3
2011-02-03 14:15:00,610.16
2011-02-03 14:41:00,250.5
2011-02-03 14:51:00,130.8
2011-02-03 14:54:00,64.0
2011-02-03 15:02:00,195.9
2011-02-03 15:17:00,78.0
2011-02-03 15:23:00,164.1
2011-02-03 15:27:00,244.20000000000002
2011-02-03 15:28:00,15.0
2011-02-03 17:01:00,475.37
2011-02-03 18:08:00,340.56
2011-02-03 18:45:00,118.80000000000001
2011-02-03 19:32:00,168.45
2011-02-03 19:58:00,135.55
2011-02-04 08:27:00,655.55
2011-02-04 08:56:00,331.26
2011-02-04 08:58:00,693.48
2011-02-04 08:59:00,376.32
2011-02-04 09:03:00,296.52
2011-02-04 09:30:00,456.05
2011-02-04 09:34:00,267.6
2011-02-04 09:56:00,323.5
2011-02-04 10:31:00,251.24
2011-02-04 10:32:00,23.93
2011-02-04 10:38:00,625.3299999999999
2011-02-04 10:39:00,68.0
2011-02-04 11:13:00,46.7
2011-02-04 11:14:00,303.58000000000004
2011-02-04 11:40:00,196.20000000000002
2011-02-04 11:43:00,334.05
2011-02-04 11:45:00,1236.73
2011-02-04 11:48:00,153.94
2011-02-04 11:52:00,393.49
2011-02-04 11:54:00,217.93
2011-02-04 11:55:00,1987.62
2011-02-04 12:18:00,947.65
2011-02-04 12:29:00,390.71
2011-02-04 12:36:00,310.73
2011-02-04 12:37:00,314.99999999999994
2011-02-04 12:40:00,195.06
2011-02-04 13:04:00,550.8000000000001
2011-02-04 13:19:00,337.2
2011-02-04 13:28:00,755.05
2011-02-04 13:30:00,331.42
2011-02-04 13:47:00,15.8
2011-02-04 14:03:00,381.32
2011-02-04 14:04:00,353.09999999999997
2011-02-04 14:08:00,123.78
2011-02-04 14:14:00,103.25
2011-02-04 14:23:00,585.0
2011-02-04 14:25:00,791.52
2011-02-04 14:43:00,182.15
2011-02-04 14:46:00,335.53
2011-02-04 14:51:00,516.95
2011-02-04 14:58:00,361.70000000000005
2011-02-04 15:32:00,310.0
2011-02-04 15:43:00,303.33
2011-02-04 15:54:00,123.21
2011-02-04 16:34:00,255.03
2011-02-06 11:11:00,136.65
2011-02-06 11:29:00,449.28
2011-02-06 12:48:00,145.5
2011-02-06 12:49:00,142.4
2011-02-06 13:57:00,974.62
2011-02-06 14:33:00,751.2
2011-02-06 14:43:00,203.82
2011-02-06 14:46:00,319.4
2011-02-06 14:56:00,131.9
2011-02-06 15:34:00,94.27
2011-02-06 16:08:00,108.07
2011-02-07 09:15:00,83.35
2011-02-07 09:36:00,137.65
2011-02-07 09:48:00,393.33000000000004
2011-02-07 09:50:00,972.72
2011-02-07 10:03:00,620.37
2011-02-07 10:14:00,182.85
2011-02-07 10:50:00,143.92000000000002
2011-02-07 11:15:00,295.45
2011-02-07 11:20:00,586.8
2011-02-07 11:39:00,127.35000000000001
2011-02-07 11:42:00,1660.44
2011-02-07 11:56:00,340.77
2011-02-07 12:05:00,245.64
2011-02-07 12:22:00,110.7
2011-02-07 12:24:00,205.1
2011-02-07 12:27:00,424.41
2011-02-07 12:46:00,290.0
2011-02-07 13:13:00,219.98999999999998
2011-02-07 13:15:00,155.05
2011-02-07 13:18:00,165.0
2011-02-07 13:32:00,29.65
2011-02-07 13:50:00,1027.62
2011-02-07 13:59:00,124.05000000000001
2011-02-07 14:16:00,122.3
2011-02-07 14:33:00,438.82
2011-02-07 14:49:00,219.36
2011-02-07 14:51:00,1838.9099999999999
2011-02-07 14:53:00,409.93
2011-02-07 15:01:00,67.95
2011-02-07 15:04:00,181.44
2011-02-07 15:05:00,319.35
2011-02-07 15:10:00,67.95
2011-02-07 15:14:00,220.98000000000002
2011-02-07 15:34:00,4379.76
2011-02-07 15:37:00,6155.719999999999
2011-02-07 15:47:00,143.1
2011-02-07 16:21:00,307.23
2011-02-08 09:41:00,1306.28
2011-02-08 09:56:00,150.26000000000002
2011-02-08 10:12:00,306.55
2011-02-08 10:15:00,602.72
2011-02-08 10:17:00,1674.8000000000002
2011-02-08 10:28:00,313.66
2011-02-08 10:32:00,148.21
2011-02-08 10:47:00,199.8
2011-02-08 11:27:00,213.15
2011-02-08 11:31:00,266.85
2011-02-08 11:32:00,244.79999999999998
2011-02-08 11:36:00,449.98
2011-02-08 12:01:00,948.85
2011-02-08 12:12:00,336.0
2011-02-08 12:14:00,303.00000000000006
2011-02-08 12:20:00,140.55
2011-02-08 12:38:00,326.4
2011-02-08 12:41:00,79.2
2011-02-08 12:47:00,603.4399999999999
2011-02-08 13:28:00,354.73
2011-02-08 13:39:00,313.90000000000003
2011-02-08 14:06:00,694.27
2011-02-08 14:15:00,364.32
2011-02-08 14:34:00,459.36
2011-02-08 14:45:00,262.85
2011-02-08 14:58:00,1053.79
2011-02-08 15:09:00,504.23
2011-02-08 15:24:00,303.24
2011-02-08 15:30:00,15.0
2011-02-08 15:38:00,849.04
2011-02-08 15:42:00,90.0
2011-02-08 15:48:00,52.35
2011-02-08 16:25:00,103.1
2011-02-08 17:16:00,133.35000000000002
2011-02-09 09:10:00,78.62
2011-02-09 10:11:00,455.02
2011-02-09 10:19:00,118.95000000000002
2011-02-09 10:24:00,510.07
2011-02-09 10:25:00,197.0
2011-02-09 10:41:00,168.9
2011-02-09 10:49:00,371.6
2011-02-09 11:21:00,5735.24
2011-02-09 11:38:00,691.36
2011-02-09 11:43:00,29.700000000000003
2011-02-09 12:07:00,38.1
2011-02-09 12:08:00,314.1
2011-02-09 12:16:00,178.15
2011-02-09 13:25:00,309.06
2011-02-09 13:37:00,630.7
2011-02-09 13:50:00,84.3
2011-02-09 13:57:00,401.5
2011-02-09 14:18:00,148.4
2011-02-09 14:44:00,903.47
2011-02-09 15:25:00,231.91
2011-02-09 15:33:00,205.48
2011-02-09 16:57:00,119.15
2011-02-10 09:21:00,330.79
2011-02-10 09:29:00,1045.44
2011-02-10 09:43:00,113.10000000000001
2011-02-10 10:08:00,209.25
2011-02-10 10:17:00,493.5
2011-02-10 10:18:00,1592.61
2011-02-10 10:40:00,470.36
2011-02-10 11:16:00,198.8
2011-02-10 11:39:00,238.85
2011-02-10 11:40:00,1127.52
2011-02-10 11:41:00,191.0
2011-02-10 11:44:00,216.57999999999998
2011-02-10 11:46:00,310.5
2011-02-10 11:57:00,263.8
2011-02-10 12:13:00,597.3
2011-02-10 12:15:00,852.9200000000001
2011-02-10 12:19:00,320.52
2011-02-10 12:21:00,168.35
2011-02-10 12:32:00,801.6
2011-02-10 13:06:00,464.82
2011-02-10 13:08:00,0.0
2011-02-10 13:19:00,194.35
2011-02-10 13:27:00,62.6
2011-02-10 13:34:00,116.85
2011-02-10 13:54:00,264.03
2011-02-10 14:30:00,302.7
2011-02-10 14:46:00,384.6
2011-02-10 14:49:00,160.15
2011-02-10 14:51:00,520.5699999999999
2011-02-10 14:59:00,10.5
2011-02-10 15:24:00,160.4
2011-02-10 15:38:00,321.56
2011-02-10 15:40:00,343.92
2011-02-10 16:01:00,121.28
2011-02-10 16:17:00,511.0
2011-02-10 16:52:00,101.34
2011-02-10 17:19:00,197.94
2011-02-10 17:40:00,85.86
2011-02-10 17:54:00,107.65
2011-02-10 19:44:00,116.8
2011-02-10 19:49:00,106.8
2011-02-11 08:45:00,259.05
2011-02-11 09:11:00,610.2
2011-02-11 09:17:00,790.8
2011-02-11 10:06:00,335.3
2011-02-11 10:15:00,479.48
2011-02-11 10:26:00,354.11
2011-02-11 10:38:00,758.25
2011-02-11 10:57:00,136.3
2011-02-11 11:17:00,133.0
2011-02-11 11:22:00,2256.0
2011-02-11 11:23:00,468.0
2011-02-11 11:25:00,306.0
2011-02-11 11:28:00,1806.6
2011-02-11 11:31:00,382.5
2011-02-11 11:36:00,330.8
2011-02-11 11:38:00,223.20000000000002
2011-02-11 11:40:00,128.8
2011-02-11 11:57:00,724.75
2011-02-11 12:16:00,231.51
2011-02-11 12:22:00,494.51
2011-02-11 12:32:00,514.56
2011-02-11 12:36:00,610.5500000000001
2011-02-11 12:45:00,2355.9500000000003
2011-02-11 12:48:00,76.32000000000001
2011-02-11 12:49:00,137.89999999999998
2011-02-11 13:36:00,350.82
2011-02-11 13:50:00,324.25
2011-02-11 13:53:00,124.26
2011-02-11 13:54:00,313.8
2011-02-11 14:26:00,530.15
2011-02-11 15:12:00,377.48
2011-02-11 15:39:00,340.65
2011-02-11 15:56:00,1078.9
2011-02-11 16:19:00,9.25
2011-02-11 16:20:00,243.04
2011-02-11 17:06:00,2.42
2011-02-13 10:24:00,278.65
2011-02-13 11:13:00,178.75
2011-02-13 11:22:00,119.76
2011-02-13 11:36:00,741.85
2011-02-13 11:52:00,210.7
2011-02-13 12:03:00,526.1
2011-02-13 12:05:00,302.67
2011-02-13 12:17:00,401.0
2011-02-13 12:41:00,131.4
2011-02-13 12:48:00,233.96
2011-02-13 13:15:00,121.25
2011-02-13 13:22:00,132.25
2011-02-13 13:52:00,230.81
2011-02-13 14:16:00,140.35
2011-02-13 14:40:00,252.51
2011-02-13 15:02:00,76.75
2011-02-13 15:17:00,981.9
2011-02-13 15:18:00,112.46
2011-02-13 15:26:00,104.33
2011-02-13 16:05:00,436.18
2011-02-14 09:24:00,1374.21
2011-02-14 09:27:00,540.0
2011-02-14 09:31:00,309.5
2011-02-14 09:33:00,421.8
2011-02-14 09:45:00,2024.57
2011-02-14 09:47:00,3376.08
2011-02-14 09:57:00,3257.4
2011-02-14 10:10:00,416.11
2011-02-14 10:24:00,160.2
2011-02-14 10:52:00,321.05
2011-02-14 11:08:00,103.7
2011-02-14 11:22:00,1119.3600000000001
2011-02-14 11:57:00,1165.96
2011-02-14 12:11:00,642.29
2011-02-14 12:13:00,115.0
2011-02-14 12:16:00,105.57
2011-02-14 12:28:00,405.30000000000007
2011-02-14 12:36:00,317.12
2011-02-14 12:46:00,889.24
2011-02-14 12:53:00,379.74
2011-02-14 13:11:00,151.68
2011-02-14 13:19:00,109.5
2011-02-14 13:21:00,298.05
2011-02-14 14:03:00,197.82
2011-02-14 14:13:00,223.74
2011-02-14 14:14:00,288.95000000000005
2011-02-14 14:29:00,102.89999999999999
2011-02-14 14:39:00,901.6
2011-02-14 15:15:00,284.35
2011-02-14 15:23:00,316.89
2011-02-14 15:26:00,1380.4
2011-02-14 15:35:00,710.31
2011-02-14 15:37:00,424.15999999999997
2011-02-14 15:43:00,169.44
2011-02-15 08:18:00,367.76
2011-02-15 08:21:00,281.8
2011-02-15 09:20:00,347.15
2011-02-15 09:35:00,549.04
2011-02-15 09:46:00,3.75
2011-02-15 09:49:00,383.59999999999997
2011-02-15 09:50:00,17.700000000000003
2011-02-15 09:52:00,14022.92
2011-02-15 09:59:00,397.04
2011-02-15 10:17:00,615.0
2011-02-15 10:40:00,305.46
2011-02-15 10:41:00,1696.4
2011-02-15 10:45:00,793.5
2011-02-15 10:46:00,458.53
2011-02-15 10:49:00,160.15
2011-02-15 10:52:00,264.6
2011-02-15 11:30:00,1009.8
2011-02-15 11:31:00,920.33
2011-02-15 11:33:00,211.0
2011-02-15 11:40:00,257.97
2011-02-15 11:50:00,375.56
2011-02-15 11:52:00,91.2
2011-02-15 11:58:00,12.75
2011-02-15 12:05:00,181.8
2011-02-15 12:12:00,1023.84
2011-02-15 12:40:00,433.0
2011-02-15 12:48:00,589.34
2011-02-15 12:56:00,230.15
2011-02-15 13:00:00,120.16
2011-02-15 13:08:00,156.0
2011-02-15 13:12:00,66.0
2011-02-15 13:19:00,784.74
2011-02-15 13:50:00,127.95
2011-02-15 13:52:00,262.44
2011-02-15 13:53:00,181.5
2011-02-15 14:02:00,269.59
2011-02-15 14:08:00,74.34
2011-02-15 14:17:00,255.6
2011-02-15 14:19:00,570.02
2011-02-15 14:30:00,570.76
2011-02-15 14:44:00,1784.71
2011-02-15 14:49:00,856.26
2011-02-15 14:50:00,3506.2400000000002
2011-02-15 15:00:00,75.0
2011-02-15 15:04:00,241.34
2011-02-15 15:41:00,122.39999999999999
2011-02-15 15:44:00,165.0
2011-02-15 15:49:00,855.9999999999999
2011-02-15 15:51:00,303.57
2011-02-15 16:27:00,89.2
2011-02-15 17:02:00,344.69
2011-02-16 08:15:00,210.2
2011-02-16 08:37:00,175.5
2011-02-16 09:03:00,77.5
2011-02-16 09:08:00,363.36
2011-02-16 09:11:00,377.32
2011-02-16 09:25:00,363.7
2011-02-16 09:45:00,142.4
2011-02-16 09:56:00,1683.9
2011-02-16 10:04:00,1129.3500000000001
2011-02-16 10:25:00,254.44
2011-02-16 10:32:00,398.51
2011-02-16 10:33:00,20.38
2011-02-16 10:34:00,81.6
2011-02-16 10:38:00,424.85
2011-02-16 10:47:00,698.26
2011-02-16 10:50:00,173.05
2011-02-16 10:53:00,779.1
2011-02-16 10:56:00,112.45
2011-02-16 11:03:00,184.18
2011-02-16 11:18:00,891.35
2011-02-16 11:37:00,375.78000000000003
2011-02-16 11:45:00,919.66
2011-02-16 11:53:00,285.24
2011-02-16 11:54:00,434.6
2011-02-16 11:58:00,87.8
2011-02-16 11:59:00,129.97
2011-02-16 12:02:00,196.87
2011-02-16 12:10:00,144.0
2011-02-16 12:11:00,254.19
2011-02-16 12:13:00,390.0
2011-02-16 12:15:00,306.0
2011-02-16 12:33:00,296.5
2011-02-16 12:46:00,399.22
2011-02-16 12:47:00,132.60000000000002
2011-02-16 12:48:00,621.69
2011-02-16 12:49:00,826.53
2011-02-16 12:59:00,398.79
2011-02-16 13:00:00,178.66
2011-02-16 13:02:00,639.44
2011-02-16 13:11:00,308.78000000000003
2011-02-16 13:14:00,843.52
2011-02-16 13:16:00,314.4
2011-02-16 13:44:00,348.57000000000005
2011-02-16 14:01:00,76.32000000000001
2011-02-16 14:18:00,94.31
2011-02-16 14:27:00,1853.52
2011-02-16 14:40:00,388.05
2011-02-16 14:44:00,321.25
2011-02-16 14:48:00,233.42000000000002
2011-02-16 14:56:00,519.08
2011-02-16 15:13:00,328.40000000000003
2011-02-16 15:43:00,786.8399999999999
2011-02-16 15:51:00,149.46
2011-02-16 16:31:00,257.85
2011-02-16 16:40:00,133.0
2011-02-16 16:56:00,193.01
2011-02-16 16:57:00,772.8000000000001
2011-02-16 16:58:00,17.700000000000003
2011-02-17 08:23:00,640.1
2011-02-17 08:40:00,597.58
2011-02-17 08:58:00,152.7
2011-02-17 09:47:00,202.9
2011-02-17 09:52:00,105.5
2011-02-17 09:53:00,84.0
2011-02-17 10:04:00,244.68
2011-02-17 10:08:00,250.0
2011-02-17 10:30:00,479.1
2011-02-17 10:51:00,235.79
2011-02-17 11:01:00,281.12
2011-02-17 11:05:00,331.2
2011-02-17 11:46:00,304.65999999999997
2011-02-17 11:58:00,114.05000000000001
2011-02-17 12:01:00,1019.42
2011-02-17 12:21:00,228.26999999999998
2011-02-17 12:23:00,373.98
2011-02-17 12:24:00,655.28
2011-02-17 12:27:00,1131.46
2011-02-17 12:29:00,1257.8700000000001
2011-02-17 12:33:00,304.65
2011-02-17 12:42:00,897.27
2011-02-17 12:43:00,1097.58
2011-02-17 12:47:00,55.44
2011-02-17 12:48:00,46.199999999999996
2011-02-17 12:51:00,790.86
2011-02-17 12:55:00,414.0
2011-02-17 12:59:00,147.33
2011-02-17 13:16:00,166.6
2011-02-17 13:28:00,161.95
2011-02-17 13:47:00,175.75
2011-02-17 13:54:00,205.5
2011-02-17 13:57:00,278.1
2011-02-17 14:04:00,161.28
2011-02-17 14:11:00,347.1
2011-02-17 14:17:00,928.58
2011-02-17 14:19:00,175.04
2011-02-17 14:26:00,8.25
2011-02-17 14:36:00,200.59
2011-02-17 14:42:00,301.76
2011-02-17 14:49:00,640.14
2011-02-17 14:51:00,152.65
2011-02-17 15:03:00,110.98
2011-02-17 15:40:00,57.599999999999994
2011-02-17 15:50:00,145.2
2011-02-17 16:35:00,100.5
2011-02-17 16:43:00,53.400000000000006
2011-02-17 16:59:00,147.20000000000002
2011-02-17 17:05:00,15.0
2011-02-17 17:34:00,333.0
2011-02-17 19:16:00,118.80000000000001
2011-02-17 19:21:00,101.25
2011-02-17 19:36:00,145.57999999999998
2011-02-18 08:34:00,401.57
2011-02-18 08:47:00,311.55
2011-02-18 09:04:00,904.85
2011-02-18 09:41:00,152.4
2011-02-18 09:43:00,377.27000000000004
2011-02-18 10:03:00,398.22
2011-02-18 10:07:00,96.9
2011-02-18 10:11:00,825.0
2011-02-18 10:16:00,298.73
2011-02-18 10:32:00,359.8
2011-02-18 10:42:00,77.28
2011-02-18 10:53:00,968.3
2011-02-18 11:18:00,201.12
2011-02-18 11:27:00,623.78
2011-02-18 11:36:00,162.7
2011-02-18 11:53:00,314.68
2011-02-18 11:54:00,2807.31
2011-02-18 11:56:00,214.04999999999998
2011-02-18 12:02:00,307.4
2011-02-18 12:13:00,301.85
2011-02-18 12:27:00,518.2
2011-02-18 12:28:00,256.0
2011-02-18 12:31:00,1092.43
2011-02-18 12:56:00,177.9
2011-02-18 13:10:00,179.6
2011-02-18 13:26:00,428.22
2011-02-18 13:29:00,61.0
2011-02-18 13:32:00,799.38
2011-02-18 14:18:00,341.7
2011-02-18 14:21:00,245.91
2011-02-18 15:21:00,212.56
2011-02-18 15:23:00,6.3
2011-02-18 15:41:00,34.0
2011-02-18 15:45:00,5.1
2011-02-20 10:16:00,358.8
2011-02-20 10:28:00,645.56
2011-02-20 10:29:00,94.89999999999999
2011-02-20 10:43:00,136.0
2011-02-20 10:51:00,400.45
2011-02-20 10:56:00,560.15
2011-02-20 11:28:00,42.0
2011-02-20 11:39:00,111.67
2011-02-20 12:01:00,111.88
2011-02-20 12:14:00,138.83
2011-02-20 12:23:00,1271.55
2011-02-20 12:32:00,177.68
2011-02-20 13:06:00,149.55
2011-02-20 13:13:00,173.91
2011-02-20 13:18:00,589.11
2011-02-20 13:21:00,542.15
2011-02-20 13:46:00,333.6
2011-02-20 13:52:00,752.14
2011-02-20 14:01:00,302.37
2011-02-20 14:08:00,893.16
2011-02-20 14:21:00,540.94
2011-02-20 14:31:00,535.32
2011-02-20 14:38:00,141.69
2011-02-20 15:06:00,209.05
2011-02-20 15:43:00,113.85
2011-02-20 15:51:00,298.38
2011-02-21 08:38:00,603.42
2011-02-21 08:50:00,504.72
2011-02-21 09:09:00,355.40000000000003
2011-02-21 09:45:00,305.15999999999997
2011-02-21 09:52:00,192.31
2011-02-21 09:55:00,45.0
2011-02-21 09:58:00,328.88
2011-02-21 10:07:00,567.8399999999999
2011-02-21 10:11:00,399.6
2011-02-21 10:28:00,11956.1
2011-02-21 10:32:00,6323.38
2011-02-21 10:36:00,113.93
2011-02-21 10:41:00,659.28
2011-02-21 10:53:00,525.3399999999999
2011-02-21 11:10:00,1159.47
2011-02-21 11:35:00,146.8
2011-02-21 11:42:00,973.6500000000001
2011-02-21 12:29:00,185.39999999999998
2011-02-21 12:53:00,306.0
2011-02-21 12:54:00,773.66
2011-02-21 12:58:00,732.36
2011-02-21 13:07:00,834.22
2011-02-21 13:21:00,558.59
2011-02-21 13:40:00,892.95
2011-02-21 13:51:00,320.69
2011-02-21 14:04:00,320.69
2011-02-21 14:38:00,250.23999999999998
2011-02-21 14:58:00,143.4
2011-02-21 15:04:00,1117.8
2011-02-21 15:20:00,560.47
2011-02-21 15:30:00,171.04999999999998
2011-02-21 17:35:00,211.0
2011-02-21 17:42:00,262.93
2011-02-22 08:24:00,108.15
2011-02-22 09:00:00,528.27
2011-02-22 09:01:00,437.9
2011-02-22 09:10:00,634.2
2011-02-22 09:11:00,364.32000000000005
2011-02-22 09:13:00,79.2
2011-02-22 09:15:00,165.0
2011-02-22 10:00:00,253.75
2011-02-22 10:09:00,380.34000000000003
2011-02-22 10:43:00,3202.9199999999996
2011-02-22 10:59:00,131.8
2011-02-22 11:02:00,307.25
2011-02-22 11:05:00,35.400000000000006
2011-02-22 11:20:00,487.75
2011-02-22 11:33:00,325.42
2011-02-22 11:41:00,139.8
2011-02-22 11:43:00,395.1
2011-02-22 11:46:00,513.06
2011-02-22 11:58:00,1240.4
2011-02-22 12:06:00,373.74
2011-02-22 12:13:00,402.65999999999997
2011-02-22 12:24:00,324.05
2011-02-22 12:40:00,53.5
2011-02-22 12:51:00,1972.7
2011-02-22 12:53:00,479.76
2011-02-22 12:56:00,113.44
2011-02-22 13:02:00,440.83
2011-02-22 13:08:00,2346.34
2011-02-22 13:18:00,425.92
2011-02-22 13:20:00,220.1
2011-02-22 13:47:00,590.03
2011-02-22 13:59:00,574.02
2011-02-22 14:10:00,65.09
2011-02-22 14:43:00,426.6
2011-02-22 14:55:00,664.45
2011-02-22 15:00:00,250.68
2011-02-22 15:09:00,1980.82
2011-02-22 15:10:00,1355.94
2011-02-22 15:14:00,292.63
2011-02-22 15:22:00,181.13
2011-02-22 15:45:00,3211.7
2011-02-22 15:46:00,825.04
2011-02-22 15:59:00,116.09
2011-02-22 16:03:00,141.48
2011-02-22 16:13:00,450.78
2011-02-22 16:15:00,254.12
2011-02-22 16:19:00,9.6
2011-02-22 17:13:00,666.89
2011-02-22 17:20:00,7.8
2011-02-22 17:25:00,212.52
2011-02-23 08:29:00,312.55
2011-02-23 08:46:00,432.90000000000003
2011-02-23 08:48:00,1480.2
2011-02-23 09:09:00,723.63
2011-02-23 09:14:00,622.88
2011-02-23 09:25:00,94.0
2011-02-23 09:30:00,411.02
2011-02-23 09:38:00,341.2
2011-02-23 09:44:00,185.0
2011-02-23 09:53:00,259.2
2011-02-23 09:54:00,172.79999999999998
2011-02-23 10:10:00,271.68
2011-02-23 10:27:00,903.86
2011-02-23 10:44:00,649.02
2011-02-23 10:46:00,182.75
2011-02-23 10:57:00,151.55
2011-02-23 10:58:00,312.40999999999997
2011-02-23 11:11:00,417.96
2011-02-23 11:32:00,220.53000000000003
2011-02-23 12:00:00,726.83
2011-02-23 12:03:00,452.91
2011-02-23 12:04:00,123.30000000000001
2011-02-23 12:18:00,354.56
2011-02-23 12:25:00,499.70000000000005
2011-02-23 12:27:00,757.68
2011-02-23 12:33:00,322.24
2011-02-23 12:37:00,1329.36
2011-02-23 12:41:00,218.88
2011-02-23 12:50:00,385.46000000000004
2011-02-23 13:21:00,432.29
2011-02-23 13:37:00,497.59
2011-02-23 13:43:00,158.4
2011-02-23 13:44:00,187.65
2011-02-23 13:45:00,431.67
2011-02-23 13:48:00,310.08
2011-02-23 13:57:00,376.74
2011-02-23 14:29:00,114.07
2011-02-23 14:40:00,346.28
2011-02-23 14:50:00,419.43
2011-02-23 15:03:00,229.5
2011-02-23 15:11:00,171.85
2011-02-23 15:41:00,8.5
2011-02-23 15:53:00,1023.71
2011-02-23 16:23:00,104.95
2011-02-23 16:37:00,224.91
2011-02-23 16:41:00,485.03999999999996
2011-02-23 16:44:00,344.0
2011-02-23 16:45:00,95.75999999999999
2011-02-23 17:15:00,69.59
2011-02-24 09:05:00,109.0
2011-02-24 09:08:00,291.0
2011-02-24 09:28:00,900.02
2011-02-24 09:32:00,2945.08
2011-02-24 09:36:00,18.75
2011-02-24 10:10:00,769.24
2011-02-24 10:15:00,188.5
2011-02-24 10:25:00,310.71000000000004
2011-02-24 10:29:00,161.41
2011-02-24 10:34:00,145.92
2011-02-24 10:50:00,596.79
2011-02-24 11:11:00,169.32999999999998
2011-02-24 11:15:00,101.19
2011-02-24 11:38:00,339.4
2011-02-24 11:42:00,205.16
2011-02-24 11:54:00,504.56
2011-02-24 11:55:00,308.95
2011-02-24 12:00:00,77.95
2011-02-24 12:01:00,596.24
2011-02-24 12:09:00,553.76
2011-02-24 12:22:00,214.71
2011-02-24 12:25:00,25.5
2011-02-24 12:27:00,129.2
2011-02-24 12:32:00,190.93
2011-02-24 12:41:00,295.15
2011-02-24 13:43:00,405.03000000000003
2011-02-24 13:46:00,311.25
2011-02-24 13:54:00,116.19999999999999
2011-02-24 14:13:00,528.32
2011-02-24 14:15:00,462.95
2011-02-24 14:27:00,363.65
2011-02-24 14:32:00,2575.58
2011-02-24 15:01:00,392.12
2011-02-24 15:12:00,303.22
2011-02-24 15:26:00,127.86
2011-02-24 15:39:00,314.36
2011-02-24 15:41:00,179.04
2011-02-24 15:42:00,132.17000000000002
2011-02-24 15:56:00,296.25
2011-02-24 16:30:00,836.24
2011-02-24 16:31:00,884.25
2011-02-24 16:35:00,400.8
2011-02-24 16:46:00,180.68
2011-02-24 17:14:00,79.2
2011-02-24 17:18:00,246.32
2011-02-24 17:28:00,234.0
2011-02-24 17:50:00,89.30000000000001
2011-02-24 17:51:00,15.9
2011-02-24 18:14:00,310.92
2011-02-24 18:26:00,198.51
2011-02-24 18:59:00,1340.32
2011-02-25 08:14:00,307.2
2011-02-25 08:44:00,1012.82
2011-02-25 09:01:00,389.5
2011-02-25 09:09:00,544.03
2011-02-25 09:37:00,1295.3999999999999
2011-02-25 10:09:00,351.56
2011-02-25 10:10:00,141.79999999999998
2011-02-25 10:19:00,455.28000000000003
2011-02-25 10:25:00,169.94
2011-02-25 10:29:00,365.1
2011-02-25 10:39:00,929.22
2011-02-25 10:46:00,292.40000000000003
2011-02-25 10:53:00,847.38
2011-02-25 11:30:00,676.9200000000001
2011-02-25 11:32:00,299.8
2011-02-25 11:33:00,812.7
2011-02-25 11:53:00,287.58000000000004
2011-02-25 11:56:00,297.64
2011-02-25 12:28:00,381.6
2011-02-25 12:37:00,234.15
2011-02-25 12:40:00,317.38
2011-02-25 12:43:00,278.28000000000003
2011-02-25 12:48:00,741.26
2011-02-25 13:05:00,43.650000000000006
2011-02-25 13:08:00,20.4
2011-02-25 13:09:00,467.52
2011-02-25 13:15:00,502.85
2011-02-25 13:40:00,176.05
2011-02-25 13:51:00,258.3
2011-02-25 13:53:00,302.86
2011-02-25 13:56:00,759.08
2011-02-25 14:03:00,74.60000000000001
2011-02-25 14:11:00,371.39
2011-02-25 14:24:00,522.75
2011-02-25 14:25:00,678.15
2011-02-25 14:51:00,247.8
2011-02-25 15:21:00,264.7
2011-02-25 15:27:00,69.0
2011-02-25 15:32:00,532.72
2011-02-25 15:35:00,401.37
2011-02-25 15:37:00,476.8
2011-02-25 16:42:00,179.35
2011-02-25 17:03:00,430.26
2011-02-25 17:25:00,169.15
2011-02-27 10:02:00,386.90000000000003
2011-02-27 10:13:00,67.23
2011-02-27 10:22:00,373.65
2011-02-27 10:30:00,524.95
2011-02-27 10:41:00,845.1
2011-02-27 11:05:00,202.1
2011-02-27 11:31:00,333.92
2011-02-27 11:40:00,644.75
2011-02-27 11:42:00,327.84999999999997
2011-02-27 11:48:00,180.65
2011-02-27 11:53:00,109.85
2011-02-27 11:57:00,375.16999999999996
2011-02-27 11:58:00,110.6
2011-02-27 12:27:00,333.48
2011-02-27 12:41:00,723.7
2011-02-27 12:45:00,6.6
2011-02-27 12:48:00,486.65000000000003
2011-02-27 12:49:00,299.14
2011-02-27 13:03:00,317.87
2011-02-27 13:04:00,277.17
2011-02-27 13:47:00,406.74
2011-02-27 13:52:00,14.95
2011-02-27 14:07:00,275.25
2011-02-27 14:26:00,134.72
2011-02-27 14:29:00,154.5
2011-02-27 14:43:00,412.55
2011-02-27 14:44:00,239.17000000000002
2011-02-27 14:49:00,258.4
2011-02-27 15:25:00,240.60000000000002
2011-02-27 15:42:00,240.0
2011-02-27 15:59:00,222.29
2011-02-28 08:43:00,549.26
2011-02-28 09:26:00,626.65
2011-02-28 09:28:00,306.70000000000005
2011-02-28 09:33:00,319.9
2011-02-28 09:43:00,147.9
2011-02-28 10:07:00,10.08
2011-02-28 10:30:00,102.89999999999999
2011-02-28 10:33:00,301.91
2011-02-28 10:35:00,683.98
2011-02-28 10:37:00,421.6
2011-02-28 10:40:00,103.65
2011-02-28 10:55:00,441.92
2011-02-28 11:19:00,928.08
2011-02-28 11:43:00,353.43
2011-02-28 11:46:00,513.45
2011-02-28 11:57:00,11.9
2011-02-28 11:58:00,720.86
2011-02-28 12:08:00,149.95
2011-02-28 12:14:00,308.44
2011-02-28 12:19:00,251.9
2011-02-28 12:27:00,736.7
2011-02-28 12:46:00,50.76
2011-02-28 12:47:00,306.84
2011-02-28 12:57:00,203.35
2011-02-28 13:09:00,425.5
2011-02-28 13:25:00,122.0
2011-02-28 13:27:00,414.7
2011-02-28 13:28:00,584.35
2011-02-28 13:31:00,13.05
2011-02-28 13:34:00,195.0
2011-02-28 13:35:00,480.90000000000003
2011-02-28 13:39:00,216.04999999999998
2011-02-28 13:40:00,173.7
2011-02-28 13:41:00,109.95
2011-02-28 14:03:00,239.13
2011-02-28 14:15:00,170.04999999999998
2011-02-28 14:42:00,200.72
2011-02-28 14:45:00,176.5
2011-02-28 14:48:00,154.99
2011-02-28 14:59:00,314.90000000000003
2011-02-28 15:00:00,249.57
2011-02-28 15:04:00,79.2
2011-02-28 15:05:00,229.9
2011-02-28 15:18:00,109.8
2011-02-28 15:19:00,598.96
2011-02-28 15:32:00,242.95
2011-02-28 15:39:00,240.25
2011-02-28 16:36:00,190.7
2011-02-28 16:39:00,158.68
2011-02-28 17:01:00,463.40999999999997
2011-03-01 08:30:00,235.35
2011-03-01 08:35:00,521.1
2011-03-01 08:49:00,200.10000000000002
2011-03-01 08:58:00,34.0
2011-03-01 09:03:00,182.7
2011-03-01 09:22:00,161.8
2011-03-01 09:33:00,1943.4
2011-03-01 09:35:00,2474.62
2011-03-01 09:47:00,79.2
2011-03-01 09:52:00,54.300000000000004
2011-03-01 10:08:00,307.62
2011-03-01 10:19:00,897.8
2011-03-01 10:25:00,72.12
2011-03-01 10:26:00,256.85
2011-03-01 10:31:00,352.2
2011-03-01 10:38:00,133.25
2011-03-01 11:02:00,395.33
2011-03-01 11:30:00,110.75
2011-03-01 11:36:00,122.5
2011-03-01 11:42:00,117.0
2011-03-01 11:48:00,1390.06
2011-03-01 11:55:00,470.88
2011-03-01 12:01:00,210.3
2011-03-01 12:07:00,313.58
2011-03-01 12:09:00,762.5
2011-03-01 12:24:00,323.16
2011-03-01 12:26:00,794.06
2011-03-01 12:46:00,297.16
2011-03-01 12:48:00,204.5
2011-03-01 12:51:00,498.15000000000003
2011-03-01 12:58:00,317.15
2011-03-01 13:04:00,13.2
2011-03-01 13:19:00,133.11
2011-03-01 13:40:00,138.15
2011-03-01 13:45:00,172.67
2011-03-01 13:51:00,186.33
2011-03-01 13:55:00,242.03
2011-03-01 14:11:00,559.12
2011-03-01 14:26:00,556.32
2011-03-01 14:42:00,412.32
2011-03-01 14:47:00,2541.15
2011-03-01 14:53:00,310.78
2011-03-01 14:56:00,580.57
2011-03-01 14:57:00,144.35
2011-03-01 14:58:00,268.6
2011-03-01 15:01:00,329.34000000000003
2011-03-01 15:12:00,34.75
2011-03-01 15:16:00,417.2
2011-03-01 15:47:00,119.65
2011-03-01 15:49:00,2.5
2011-03-01 15:52:00,840.3
2011-03-01 16:34:00,272.05
2011-03-01 16:53:00,551.2
2011-03-01 17:28:00,234.35
2011-03-01 17:32:00,338.34
2011-03-02 08:26:00,463.0
2011-03-02 08:41:00,1375.24
2011-03-02 09:03:00,1642.5
2011-03-02 09:04:00,194.55
2011-03-02 09:05:00,162.3
2011-03-02 09:24:00,312.18
2011-03-02 09:33:00,382.1
2011-03-02 09:49:00,312.38
2011-03-02 10:20:00,76.32000000000001
2011-03-02 10:49:00,134.97
2011-03-02 11:07:00,172.6
2011-03-02 11:32:00,122.07
2011-03-02 11:43:00,1463.47
2011-03-02 11:48:00,828.84
2011-03-02 12:03:00,501.99
2011-03-02 12:10:00,848.05
2011-03-02 12:18:00,615.33
2011-03-02 12:21:00,388.3
2011-03-02 12:24:00,852.8100000000001
2011-03-02 12:43:00,838.8000000000001
2011-03-02 13:03:00,453.79
2011-03-02 13:35:00,603.17
2011-03-02 13:42:00,576.0
2011-03-02 13:56:00,85.0
2011-03-02 14:16:00,374.64
2011-03-02 14:34:00,337.1
2011-03-02 14:39:00,100.43
2011-03-02 14:41:00,286.61
2011-03-02 14:43:00,430.5
2011-03-02 14:46:00,150.83
2011-03-02 14:50:00,306.7
2011-03-02 14:58:00,374.0
2011-03-02 15:15:00,207.50000000000003
2011-03-02 15:28:00,183.0
2011-03-02 16:17:00,108.32000000000001
2011-03-02 16:26:00,779.92
2011-03-02 16:34:00,1193.88
2011-03-02 16:35:00,15.299999999999999
2011-03-02 17:21:00,151.07
2011-03-02 17:32:00,1.9
2011-03-02 17:33:00,279.53
2011-03-03 08:24:00,936.83
2011-03-03 08:36:00,96.75
2011-03-03 09:25:00,114.84
2011-03-03 09:26:00,1396.0
2011-03-03 09:39:00,105.45
2011-03-03 09:41:00,436.68
2011-03-03 10:09:00,345.85
2011-03-03 10:26:00,137.1
2011-03-03 10:34:00,306.94
2011-03-03 10:55:00,1120.53
2011-03-03 10:59:00,16726.84
2011-03-03 11:07:00,134.5
2011-03-03 11:34:00,183.65
2011-03-03 11:40:00,482.81
2011-03-03 12:00:00,124.68
2011-03-03 12:06:00,757.41
2011-03-03 12:20:00,38.4
2011-03-03 12:24:00,309.38
2011-03-03 12:27:00,348.2
2011-03-03 12:30:00,76.1
2011-03-03 12:35:00,303.03
2011-03-03 12:41:00,210.05
2011-03-03 12:53:00,191.95
2011-03-03 13:14:00,225.9
2011-03-03 13:45:00,2114.71
2011-03-03 14:04:00,475.44
2011-03-03 14:05:00,222.3
2011-03-03 14:09:00,73.92
2011-03-03 14:12:00,410.0
2011-03-03 14:43:00,727.6
2011-03-03 14:56:00,294.33
2011-03-03 15:02:00,187.11
2011-03-03 15:11:00,148.49
2011-03-03 15:17:00,137.62
2011-03-03 15:30:00,249.84
2011-03-03 15:31:00,774.25
2011-03-03 16:28:00,166.04
2011-03-03 16:34:00,602.61
2011-03-03 16:58:00,124.10000000000001
2011-03-03 18:16:00,122.7
2011-03-03 18:28:00,515.38
2011-03-03 18:46:00,99.75
2011-03-03 19:18:00,161.5
2011-03-03 19:21:00,137.49
2011-03-04 08:10:00,387.31
2011-03-04 08:43:00,378.21000000000004
2011-03-04 09:05:00,3547.34
2011-03-04 09:08:00,317.25
2011-03-04 09:32:00,312.4
2011-03-04 09:46:00,282.74
2011-03-04 10:03:00,222.99
2011-03-04 10:21:00,333.2
2011-03-04 10:24:00,316.11
2011-03-04 10:28:00,356.9
2011-03-04 10:30:00,369.95
2011-03-04 10:31:00,102.4
2011-03-04 10:39:00,167.91
2011-03-04 10:49:00,265.0
2011-03-04 10:58:00,50.15
2011-03-04 11:49:00,299.26
2011-03-04 12:06:00,332.4
2011-03-04 12:12:00,308.18
2011-03-04 12:14:00,240.68
2011-03-04 12:15:00,416.69
2011-03-04 12:16:00,292.03
2011-03-04 12:26:00,235.91
2011-03-04 12:37:00,1920.48
2011-03-04 12:42:00,55.55
2011-03-04 12:46:00,159.4
2011-03-04 13:09:00,96.8
2011-03-04 13:14:00,119.31
2011-03-04 13:27:00,50.8
2011-03-04 13:39:00,935.54
2011-03-04 13:46:00,345.68
2011-03-04 13:58:00,198.59
2011-03-04 14:02:00,877.31
2011-03-04 14:13:00,311.94
2011-03-04 14:21:00,45.0
2011-03-04 14:28:00,310.77
2011-03-04 14:41:00,829.85
2011-03-04 14:42:00,208.2
2011-03-04 14:52:00,162.07999999999998
2011-03-04 15:15:00,463.63
2011-03-04 15:20:00,164.4
2011-03-04 17:02:00,532.13
2011-03-06 10:05:00,186.9
2011-03-06 10:07:00,292.75
2011-03-06 10:26:00,261.76
2011-03-06 11:27:00,346.1
2011-03-06 11:28:00,655.03
2011-03-06 11:39:00,253.79
2011-03-06 11:50:00,533.18
2011-03-06 11:52:00,279.8
2011-03-06 11:55:00,126.02000000000001
2011-03-06 12:09:00,137.9
2011-03-06 12:20:00,508.45
2011-03-06 12:42:00,635.17
2011-03-06 12:46:00,427.03000000000003
2011-03-06 12:52:00,263.04
2011-03-06 12:58:00,510.7
2011-03-06 14:09:00,796.86
2011-03-06 14:10:00,120.0
2011-03-06 14:15:00,841.37
2011-03-06 14:21:00,230.0
2011-03-06 14:38:00,147.23
2011-03-06 14:44:00,225.14
2011-03-06 14:50:00,220.77
2011-03-06 14:57:00,166.45
2011-03-06 15:17:00,1695.21
2011-03-06 15:21:00,136.76999999999998
2011-03-07 08:30:00,215.55
2011-03-07 09:00:00,217.2
2011-03-07 09:10:00,219.3
2011-03-07 09:35:00,673.9
2011-03-07 09:39:00,142.28
2011-03-07 09:49:00,282.65999999999997
2011-03-07 09:52:00,430.5
2011-03-07 10:22:00,315.6
2011-03-07 10:28:00,1656.15
2011-03-07 10:52:00,608.45
2011-03-07 11:06:00,475.20000000000005
2011-03-07 11:32:00,162.85
2011-03-07 11:44:00,75.6
2011-03-07 11:52:00,1588.68
2011-03-07 11:54:00,431.28
2011-03-07 11:56:00,806.05
2011-03-07 12:00:00,294.17
2011-03-07 12:12:00,17.0
2011-03-07 12:17:00,326.91
2011-03-07 12:26:00,967.45
2011-03-07 12:31:00,102.0
2011-03-07 12:46:00,40.2
2011-03-07 12:50:00,591.02
2011-03-07 12:53:00,17.9
2011-03-07 13:03:00,318.24
2011-03-07 13:10:00,455.04
2011-03-07 13:17:00,117.55
2011-03-07 13:33:00,106.37
2011-03-07 13:37:00,557.0
2011-03-07 13:38:00,16.05
2011-03-07 13:45:00,108.97999999999999
2011-03-07 13:50:00,162.7
2011-03-07 13:51:00,580.79
2011-03-07 13:52:00,246.29999999999998
2011-03-07 13:54:00,89.70000000000002
2011-03-07 14:10:00,593.9200000000001
2011-03-07 14:17:00,2597.4
2011-03-07 14:33:00,145.7
2011-03-07 14:45:00,211.75
2011-03-07 14:51:00,516.65
2011-03-07 14:54:00,110.2
2011-03-07 15:02:00,79.4
2011-03-07 15:40:00,147.95000000000002
2011-03-07 16:14:00,461.22
2011-03-07 16:39:00,92.80000000000001
2011-03-07 17:04:00,211.36
2011-03-07 17:19:00,61.589999999999996
2011-03-07 17:23:00,88.05
2011-03-07 17:30:00,74.7
2011-03-07 17:42:00,195.0
2011-03-07 17:52:00,1031.37
2011-03-07 17:55:00,250.0
2011-03-08 08:52:00,126.65
2011-03-08 08:53:00,197.0
2011-03-08 09:23:00,1120.93
2011-03-08 09:24:00,300.36
2011-03-08 09:26:00,461.25
2011-03-08 09:45:00,639.64
2011-03-08 10:04:00,237.36
2011-03-08 10:12:00,181.44
2011-03-08 10:33:00,325.1
2011-03-08 10:39:00,431.58000000000004
2011-03-08 11:39:00,3678.03
2011-03-08 11:44:00,329.08
2011-03-08 11:46:00,278.13
2011-03-08 11:55:00,391.52
2011-03-08 11:59:00,357.18
2011-03-08 12:04:00,496.0
2011-03-08 12:05:00,1570.19
2011-03-08 12:07:00,122.61
2011-03-08 12:19:00,678.76
2011-03-08 12:30:00,111.0
2011-03-08 12:49:00,277.17
2011-03-08 12:51:00,105.53999999999999
2011-03-08 12:52:00,301.4
2011-03-08 12:57:00,301.4
2011-03-08 13:12:00,896.7099999999999
2011-03-08 13:21:00,123.35
2011-03-08 13:23:00,421.09
2011-03-08 13:50:00,305.1
2011-03-08 13:54:00,767.84
2011-03-08 14:12:00,983.16
2011-03-08 14:35:00,987.7
2011-03-08 14:44:00,1195.95
2011-03-08 14:47:00,72.0
2011-03-08 15:03:00,329.36
2011-03-08 15:07:00,370.77
2011-03-08 15:17:00,794.41
2011-03-08 15:22:00,108.5
2011-03-08 15:45:00,328.37
2011-03-08 16:31:00,367.20000000000005
2011-03-08 16:38:00,238.01
2011-03-08 16:39:00,8.5
2011-03-08 16:48:00,534.4200000000001
2011-03-08 17:23:00,339.36
2011-03-08 17:25:00,39.49
2011-03-09 08:09:00,444.8
2011-03-09 08:33:00,924.5400000000001
2011-03-09 08:59:00,136.2
2011-03-09 09:11:00,286.65
2011-03-09 09:12:00,15.9
2011-03-09 09:44:00,309.64
2011-03-09 09:50:00,229.8
2011-03-09 09:52:00,240.10000000000002
2011-03-09 10:00:00,247.4
2011-03-09 10:19:00,588.6700000000001
2011-03-09 10:51:00,148.63
2011-03-09 10:58:00,2099.7
2011-03-09 11:05:00,188.25
2011-03-09 11:25:00,221.4
2011-03-09 11:27:00,38.98
2011-03-09 11:28:00,617.1
2011-03-09 11:35:00,84.36
2011-03-09 11:44:00,506.41
2011-03-09 11:48:00,660.34
2011-03-09 11:53:00,1576.3600000000001
2011-03-09 11:54:00,380.5
2011-03-09 11:59:00,1711.06
2011-03-09 12:04:00,342.58
2011-03-09 12:12:00,206.33999999999997
2011-03-09 12:14:00,304.5
2011-03-09 12:19:00,98.7
2011-03-09 12:21:00,268.51
2011-03-09 12:33:00,233.17
2011-03-09 12:35:00,382.86
2011-03-09 12:38:00,261.6
2011-03-09 12:39:00,122.53999999999999
2011-03-09 12:44:00,330.0
2011-03-09 13:18:00,146.18
2011-03-09 13:50:00,371.84000000000003
2011-03-09 13:53:00,764.58
2011-03-09 13:56:00,704.33
2011-03-09 14:14:00,846.45
2011-03-09 14:22:00,308.98
2011-03-09 14:23:00,79.92
2011-03-09 14:30:00,155.45
2011-03-09 14:32:00,91.54
2011-03-09 14:49:00,264.27
2011-03-09 14:57:00,411.18
2011-03-09 15:17:00,358.5
2011-03-09 15:20:00,984.88
2011-03-09 15:35:00,439.28
2011-03-09 15:47:00,210.9
2011-03-10 07:42:00,337.5
2011-03-10 07:43:00,500.0
2011-03-10 08:29:00,394.63
2011-03-10 08:31:00,232.6
2011-03-10 08:40:00,74.56
2011-03-10 09:30:00,298.5
2011-03-10 09:41:00,223.95000000000002
2011-03-10 09:49:00,3277.24
2011-03-10 09:52:00,122.39999999999999
2011-03-10 10:03:00,146.23000000000002
2011-03-10 10:04:00,547.35
2011-03-10 10:08:00,312.8
2011-03-10 10:10:00,270.4
2011-03-10 10:27:00,660.0
2011-03-10 10:31:00,130.56
2011-03-10 10:32:00,585.32
2011-03-10 10:53:00,366.53
2011-03-10 10:56:00,300.53999999999996
2011-03-10 10:57:00,199.2
2011-03-10 11:33:00,3500.5
2011-03-10 11:37:00,1614.6
2011-03-10 11:52:00,124.94999999999999
2011-03-10 11:56:00,853.48
2011-03-10 12:11:00,144.9
2011-03-10 12:16:00,541.1
2011-03-10 12:22:00,462.28000000000003
2011-03-10 12:26:00,397.55
2011-03-10 12:42:00,115.57000000000001
2011-03-10 12:48:00,938.39
2011-03-10 12:50:00,333.08
2011-03-10 12:59:00,185.15
2011-03-10 13:07:00,360.78000000000003
2011-03-10 13:08:00,310.47
2011-03-10 13:28:00,789.9
2011-03-10 13:34:00,101.34
2011-03-10 13:46:00,214.5
2011-03-10 13:58:00,99.95
2011-03-10 14:14:00,282.93
2011-03-10 14:37:00,576.1
2011-03-10 14:42:00,1104.13
2011-03-10 14:44:00,130.26
2011-03-10 14:45:00,268.58
2011-03-10 14:56:00,245.51999999999998
2011-03-10 15:01:00,601.39
2011-03-10 15:06:00,209.94
2011-03-10 15:08:00,4.25
2011-03-10 15:21:00,93.18
2011-03-10 15:52:00,117.11
2011-03-10 16:16:00,232.43
2011-03-10 16:26:00,330.6
2011-03-10 19:05:00,166.5
2011-03-11 08:31:00,365.18
2011-03-11 08:59:00,182.7
2011-03-11 09:07:00,314.96
2011-03-11 09:20:00,254.99999999999997
2011-03-11 09:23:00,345.59999999999997
2011-03-11 09:39:00,310.0
2011-03-11 09:42:00,191.39999999999998
2011-03-11 09:54:00,307.44
2011-03-11 10:15:00,583.3
2011-03-11 10:19:00,1687.17
2011-03-11 10:22:00,1687.17
2011-03-11 10:30:00,141.45
2011-03-11 10:31:00,57.45
2011-03-11 11:35:00,987.42
2011-03-11 11:37:00,106.11
2011-03-11 11:38:00,1726.6000000000001
2011-03-11 11:41:00,67.5
2011-03-11 11:47:00,349.2
2011-03-11 12:00:00,712.8499999999999
2011-03-11 12:05:00,10.0
2011-03-11 12:11:00,311.07
2011-03-11 12:13:00,121.17000000000002
2011-03-11 12:17:00,578.02
2011-03-11 12:26:00,13.0
2011-03-11 12:29:00,19.740000000000002
2011-03-11 12:44:00,227.77999999999997
2011-03-11 12:54:00,312.93
2011-03-11 13:03:00,826.0699999999999
2011-03-11 13:13:00,1588.16
2011-03-11 13:31:00,157.65
2011-03-11 13:34:00,572.8
2011-03-11 13:56:00,751.9
2011-03-11 14:03:00,14.399999999999999
2011-03-11 14:06:00,103.65
2011-03-11 14:15:00,202.82
2011-03-11 14:26:00,627.13
2011-03-11 14:35:00,108.21000000000001
2011-03-11 14:37:00,153.75
2011-03-11 14:52:00,516.42
2011-03-11 14:58:00,231.3
2011-03-11 15:14:00,21.9
2011-03-11 15:22:00,729.4
2011-03-11 15:42:00,127.2
2011-03-11 16:05:00,198.6
2011-03-11 16:43:00,1919.04
2011-03-11 16:50:00,70.28999999999999
2011-03-11 16:54:00,3.0999999999999996
2011-03-13 10:25:00,183.25
2011-03-13 10:27:00,488.06000000000006
2011-03-13 10:48:00,629.25
2011-03-13 10:57:00,109.58
2011-03-13 11:06:00,157.56
2011-03-13 11:18:00,129.46
2011-03-13 11:21:00,301.04
2011-03-13 11:38:00,288.71000000000004
2011-03-13 12:39:00,220.47
2011-03-13 12:51:00,119.72
2011-03-13 13:36:00,263.59000000000003
2011-03-13 13:46:00,296.88
2011-03-13 14:29:00,103.89
2011-03-13 14:55:00,343.29
2011-03-13 15:25:00,371.37
2011-03-13 15:55:00,142.0
2011-03-14 08:05:00,414.3
2011-03-14 08:21:00,227.0
2011-03-14 08:37:00,117.92999999999999
2011-03-14 08:41:00,357.07
2011-03-14 09:37:00,356.19
2011-03-14 09:42:00,126.7
2011-03-14 09:46:00,371.23
2011-03-14 09:59:00,3840.88
2011-03-14 10:31:00,535.02
2011-03-14 10:36:00,446.8
2011-03-14 10:38:00,207.3
2011-03-14 10:41:00,349.8
2011-03-14 10:55:00,208.79999999999998
2011-03-14 10:57:00,1094.68
2011-03-14 11:04:00,370.53000000000003
2011-03-14 11:38:00,774.4000000000001
2011-03-14 11:41:00,377.88
2011-03-14 11:44:00,538.76
2011-03-14 11:46:00,177.59
2011-03-14 12:11:00,184.5
2011-03-14 12:15:00,522.6
2011-03-14 12:17:00,175.72
2011-03-14 12:28:00,706.6
2011-03-14 12:34:00,679.5
2011-03-14 12:41:00,373.84000000000003
2011-03-14 12:42:00,52.199999999999996
2011-03-14 12:51:00,110.84
2011-03-14 12:58:00,619.6
2011-03-14 12:59:00,285.0
2011-03-14 13:00:00,149.4
2011-03-14 13:04:00,2420.9500000000003
2011-03-14 13:25:00,4400.28
2011-03-14 13:35:00,391.8
2011-03-14 13:36:00,140.0
2011-03-14 13:53:00,140.54
2011-03-14 13:56:00,571.06
2011-03-14 14:32:00,181.44
2011-03-14 14:51:00,582.35
2011-03-14 15:05:00,512.28
2011-03-14 15:11:00,596.05
2011-03-14 15:13:00,308.09000000000003
2011-03-14 15:40:00,174.85999999999999
2011-03-14 15:41:00,454.08
2011-03-14 15:48:00,118.05
2011-03-14 16:46:00,258.41
2011-03-14 16:54:00,6.35
2011-03-15 08:18:00,271.5
2011-03-15 08:52:00,158.23000000000002
2011-03-15 09:13:00,251.56
2011-03-15 09:22:00,696.85
2011-03-15 09:32:00,309.02
2011-03-15 10:26:00,62.5
2011-03-15 10:34:00,548.75
2011-03-15 10:45:00,317.56
2011-03-15 10:49:00,343.62
2011-03-15 10:53:00,1477.56
2011-03-15 11:09:00,870.59
2011-03-15 11:30:00,108.1
2011-03-15 11:38:00,422.53999999999996
2011-03-15 11:45:00,170.75
2011-03-15 12:03:00,300.0
2011-03-15 12:05:00,76.32000000000001
2011-03-15 12:06:00,163.2
2011-03-15 12:10:00,78.03999999999999
2011-03-15 12:11:00,221.19
2011-03-15 12:19:00,137.9
2011-03-15 12:37:00,292.3
2011-03-15 12:52:00,410.7
2011-03-15 12:54:00,309.34
2011-03-15 12:56:00,238.20000000000002
2011-03-15 13:13:00,317.78
2011-03-15 13:23:00,542.97
2011-03-15 13:28:00,339.34
2011-03-15 13:49:00,138.28
2011-03-15 14:20:00,5.1
2011-03-15 14:21:00,501.25
2011-03-15 14:25:00,242.40000000000003
2011-03-15 14:32:00,1041.45
2011-03-15 14:36:00,95.0
2011-03-15 15:06:00,215.49
2011-03-15 15:31:00,236.1
2011-03-15 15:33:00,218.1
2011-03-15 15:36:00,983.3
2011-03-15 15:37:00,610.88
2011-03-15 16:29:00,363.4
2011-03-15 16:39:00,565.54
2011-03-15 16:47:00,283.73
2011-03-16 08:29:00,301.9
2011-03-16 08:31:00,352.6
2011-03-16 09:38:00,248.27
2011-03-16 09:47:00,1829.04
2011-03-16 09:52:00,670.09
2011-03-16 09:58:00,422.43
2011-03-16 10:17:00,175.3
2011-03-16 10:24:00,680.4
2011-03-16 10:25:00,148.5
2011-03-16 10:45:00,306.64
2011-03-16 11:02:00,6.7
2011-03-16 11:09:00,290.0
2011-03-16 11:36:00,233.75
2011-03-16 11:39:00,961.5600000000001
2011-03-16 11:41:00,139.35000000000002
2011-03-16 11:47:00,705.6000000000001
2011-03-16 11:49:00,705.6000000000001
2011-03-16 11:52:00,853.75
2011-03-16 11:57:00,853.08
2011-03-16 12:12:00,3018.34
2011-03-16 12:22:00,99.0
2011-03-16 12:26:00,704.5
2011-03-16 12:42:00,370.48
2011-03-16 12:43:00,328.6
2011-03-16 12:44:00,15.0
2011-03-16 12:45:00,311.66
2011-03-16 12:55:00,142.5
2011-03-16 13:00:00,309.46
2011-03-16 13:13:00,384.0
2011-03-16 13:29:00,702.8
2011-03-16 13:44:00,282.29999999999995
2011-03-16 13:58:00,300.7
2011-03-16 14:00:00,516.15
2011-03-16 14:02:00,432.20000000000005
2011-03-16 14:12:00,28.18
2011-03-16 14:31:00,300.98
2011-03-16 14:37:00,147.70999999999998
2011-03-16 14:49:00,52.8
2011-03-16 14:51:00,77.16
2011-03-16 14:54:00,584.76
2011-03-16 14:57:00,859.01
2011-03-16 15:17:00,115.09
2011-03-16 15:19:00,200.7
2011-03-16 15:34:00,152.76
2011-03-16 15:45:00,581.89
2011-03-16 15:58:00,152.64000000000001
2011-03-16 16:08:00,138.88
2011-03-16 16:38:00,625.85
2011-03-17 07:40:00,3978.9900000000002
2011-03-17 09:03:00,473.82
2011-03-17 09:13:00,232.4
2011-03-17 09:49:00,633.1
2011-03-17 09:56:00,302.52
2011-03-17 09:57:00,239.0
2011-03-17 10:01:00,398.97999999999996
2011-03-17 10:02:00,209.85
2011-03-17 10:17:00,10065.0
2011-03-17 10:26:00,136.57
2011-03-17 10:38:00,665.46
2011-03-17 10:52:00,622.5
2011-03-17 11:56:00,71.4
2011-03-17 12:00:00,62.85
2011-03-17 12:10:00,449.87
2011-03-17 12:15:00,606.84
2011-03-17 12:18:00,333.74
2011-03-17 12:37:00,372.12
2011-03-17 12:40:00,592.18
2011-03-17 12:47:00,128.49
2011-03-17 12:51:00,437.40000000000003
2011-03-17 12:53:00,18.15
2011-03-17 13:13:00,101.35000000000001
2011-03-17 13:20:00,653.57
2011-03-17 13:23:00,771.02
2011-03-17 13:27:00,111.96
2011-03-17 13:34:00,73.5
2011-03-17 13:58:00,218.83
2011-03-17 14:12:00,372.64
2011-03-17 14:19:00,217.43
2011-03-17 14:47:00,316.82
2011-03-17 15:03:00,381.78
2011-03-17 15:34:00,914.9300000000001
2011-03-17 15:41:00,676.2
2011-03-17 15:47:00,232.39000000000001
2011-03-17 16:00:00,120.33
2011-03-17 16:10:00,300.0
2011-03-17 16:11:00,16.0
2011-03-17 16:23:00,326.04
2011-03-17 16:33:00,251.51999999999998
2011-03-17 16:38:00,1017.68
2011-03-17 16:58:00,142.4
2011-03-17 17:13:00,80.0
2011-03-17 17:26:00,401.31
2011-03-17 18:03:00,223.0
2011-03-17 18:18:00,320.42
2011-03-17 18:27:00,955.0
2011-03-17 18:28:00,25.200000000000003
2011-03-17 18:30:00,33.2
2011-03-17 18:59:00,316.85
2011-03-17 19:01:00,220.6
2011-03-17 19:46:00,145.55
2011-03-17 19:47:00,337.71000000000004
2011-03-17 20:12:00,474.19
2011-03-17 20:18:00,248.29
2011-03-18 08:12:00,177.15
2011-03-18 08:31:00,359.73
2011-03-18 08:32:00,50.25000000000001
2011-03-18 09:17:00,743.71
2011-03-18 09:19:00,309.4
2011-03-18 09:55:00,1086.76
2011-03-18 09:57:00,33.0
2011-03-18 09:59:00,904.26
2011-03-18 10:03:00,166.8
2011-03-18 10:06:00,183.6
2011-03-18 10:09:00,464.7
2011-03-18 10:11:00,108.5
2011-03-18 10:15:00,1175.44
2011-03-18 10:16:00,326.5
2011-03-18 10:34:00,555.3
2011-03-18 11:13:00,567.44
2011-03-18 11:24:00,340.75
2011-03-18 11:30:00,377.64
2011-03-18 11:39:00,302.6
2011-03-18 12:18:00,1214.63
2011-03-18 12:21:00,152.55
2011-03-18 12:26:00,114.85
2011-03-18 12:27:00,795.75
2011-03-18 12:35:00,266.0
2011-03-18 12:41:00,111.95
2011-03-18 12:55:00,213.98000000000002
2011-03-18 12:56:00,566.37
2011-03-18 12:57:00,282.12
2011-03-18 12:59:00,530.4
2011-03-18 13:08:00,167.43
2011-03-18 13:18:00,4666.4400000000005
2011-03-18 13:19:00,280.57
2011-03-18 13:20:00,152.64000000000001
2011-03-18 13:25:00,141.41
2011-03-18 13:27:00,234.24
2011-03-18 13:32:00,177.84
2011-03-18 13:47:00,683.4200000000001
2011-03-18 13:51:00,323.3
2011-03-18 13:52:00,357.12
2011-03-18 14:02:00,315.18
2011-03-18 14:13:00,118.75
2011-03-18 14:14:00,321.75
2011-03-18 14:20:00,806.47
2011-03-18 14:51:00,113.35
2011-03-18 14:53:00,174.6
2011-03-18 14:54:00,115.78
2011-03-18 15:42:00,368.36
2011-03-18 15:43:00,197.72
2011-03-18 15:44:00,22.240000000000002
2011-03-18 15:54:00,833.1
2011-03-18 17:07:00,344.90000000000003
2011-03-20 10:13:00,447.5
2011-03-20 10:17:00,776.8
2011-03-20 10:24:00,662.62
2011-03-20 10:28:00,168.7
2011-03-20 10:30:00,361.4
2011-03-20 10:33:00,282.28000000000003
2011-03-20 10:35:00,380.4
2011-03-20 10:37:00,1224.6
2011-03-20 10:51:00,308.1
2011-03-20 10:53:00,62.7
2011-03-20 10:56:00,300.0
2011-03-20 11:33:00,225.4
2011-03-20 11:37:00,585.12
2011-03-20 11:43:00,146.87
2011-03-20 11:46:00,982.08
2011-03-20 11:52:00,197.8
2011-03-20 11:56:00,330.5
2011-03-20 12:02:00,163.25
2011-03-20 12:06:00,138.68
2011-03-20 12:07:00,171.75
2011-03-20 12:08:00,499.84000000000003
2011-03-20 12:14:00,119.08
2011-03-20 12:25:00,87.8
2011-03-20 12:28:00,130.05
2011-03-20 12:44:00,693.1800000000001
2011-03-20 12:50:00,172.9
2011-03-20 12:57:00,135.44
2011-03-20 13:21:00,226.3
2011-03-20 13:28:00,224.49
2011-03-20 13:33:00,2449.79
2011-03-20 13:38:00,506.47
2011-03-20 13:41:00,562.63
2011-03-20 13:43:00,501.24
2011-03-20 13:48:00,393.0
2011-03-20 13:52:00,242.0
2011-03-20 13:58:00,205.13
2011-03-20 13:59:00,239.85
2011-03-20 14:01:00,76.72
2011-03-20 14:23:00,345.82000000000005
2011-03-20 14:35:00,1163.09
2011-03-20 14:37:00,446.15
2011-03-20 14:38:00,93.4
2011-03-20 14:41:00,350.8
2011-03-20 15:02:00,267.18
2011-03-20 15:06:00,113.5
2011-03-20 15:07:00,222.9
2011-03-20 15:21:00,247.25
2011-03-20 15:24:00,94.65
2011-03-20 15:41:00,124.08000000000001
2011-03-20 15:46:00,409.2
2011-03-20 15:58:00,316.02
2011-03-20 16:02:00,304.9
2011-03-20 16:12:00,203.4
2011-03-21 08:18:00,226.21
2011-03-21 08:20:00,300.52
2011-03-21 08:39:00,922.1
2011-03-21 09:03:00,332.6
2011-03-21 09:13:00,198.8
2011-03-21 09:33:00,259.35
2011-03-21 10:13:00,409.1
2011-03-21 10:30:00,158.95000000000002
2011-03-21 10:31:00,536.78
2011-03-21 10:34:00,585.0
2011-03-21 10:41:00,1005.1
2011-03-21 10:54:00,527.85
2011-03-21 11:20:00,305.52
2011-03-21 11:24:00,614.85
2011-03-21 11:34:00,174.16000000000003
2011-03-21 11:36:00,227.92000000000002
2011-03-21 11:46:00,347.35
2011-03-21 11:49:00,164.34
2011-03-21 11:52:00,298.11
2011-03-21 11:57:00,169.73000000000002
2011-03-21 12:06:00,600.0
2011-03-21 12:10:00,15.600000000000001
2011-03-21 12:13:00,151.45000000000002
2011-03-21 12:32:00,95.8
2011-03-21 12:42:00,990.1500000000001
2011-03-21 12:44:00,4.63
2011-03-21 12:45:00,108.42
2011-03-21 12:53:00,131.5
2011-03-21 13:01:00,188.73
2011-03-21 13:35:00,489.12
2011-03-21 13:38:00,248.20000000000002
2011-03-21 13:51:00,265.63
2011-03-21 13:58:00,90.8
2011-03-21 14:00:00,313.55
2011-03-21 14:18:00,151.9
2011-03-21 14:25:00,15.0
2011-03-21 14:44:00,2340.05
2011-03-21 15:02:00,154.4
2011-03-21 15:06:00,200.29
2011-03-21 15:07:00,175.1
2011-03-21 15:10:00,500.34
2011-03-21 15:33:00,110.65
2011-03-21 15:40:00,147.6
2011-03-21 16:20:00,315.90000000000003
2011-03-21 16:32:00,103.72
2011-03-21 16:59:00,246.92000000000002
2011-03-21 17:10:00,131.26
2011-03-22 08:49:00,114.56
2011-03-22 08:54:00,596.4
2011-03-22 09:01:00,440.28999999999996
2011-03-22 09:43:00,398.22
2011-03-22 10:13:00,357.58000000000004
2011-03-22 10:44:00,687.15
2011-03-22 11:05:00,448.65
2011-03-22 11:27:00,317.8
2011-03-22 11:28:00,523.98
2011-03-22 11:43:00,346.7
2011-03-22 11:53:00,362.0
2011-03-22 12:02:00,313.77
2011-03-22 12:05:00,657.68
2011-03-22 12:15:00,493.11
2011-03-22 12:25:00,918.83
2011-03-22 12:27:00,326.8
2011-03-22 12:30:00,517.55
2011-03-22 12:31:00,365.36
2011-03-22 12:33:00,3221.88
2011-03-22 12:36:00,235.71
2011-03-22 13:02:00,215.05
2011-03-22 13:11:00,200.16
2011-03-22 13:32:00,200.51999999999998
2011-03-22 13:38:00,314.6
2011-03-22 13:46:00,156.3
2011-03-22 13:52:00,450.5
2011-03-22 13:54:00,284.23
2011-03-22 14:24:00,512.13
2011-03-22 14:43:00,401.35
2011-03-22 14:56:00,905.1
2011-03-22 15:13:00,498.32
2011-03-22 15:20:00,214.28
2011-03-22 15:25:00,201.39
2011-03-22 15:31:00,237.07
2011-03-22 15:42:00,803.66
2011-03-22 15:46:00,18.0
2011-03-22 16:00:00,1085.99
2011-03-22 16:08:00,452.8
2011-03-22 16:32:00,70.80000000000001
2011-03-22 17:00:00,198.02
2011-03-23 08:22:00,114.0
2011-03-23 08:26:00,170.94
2011-03-23 08:54:00,21.25
2011-03-23 09:42:00,288.05
2011-03-23 09:43:00,589.4
2011-03-23 09:54:00,216.95000000000002
2011-03-23 10:08:00,25.5
2011-03-23 10:15:00,382.6
2011-03-23 10:25:00,698.65
2011-03-23 10:27:00,1649.58
2011-03-23 10:43:00,345.92
2011-03-23 10:51:00,327.25
2011-03-23 10:55:00,247.60000000000002
2011-03-23 11:16:00,366.02
2011-03-23 11:18:00,330.24
2011-03-23 11:30:00,270.15
2011-03-23 11:44:00,99.15
2011-03-23 11:48:00,265.02
2011-03-23 12:05:00,133.49
2011-03-23 12:06:00,1720.58
2011-03-23 12:08:00,207.79999999999998
2011-03-23 12:13:00,261.68
2011-03-23 12:15:00,776.23
2011-03-23 12:24:00,201.48
2011-03-23 12:39:00,524.8199999999999
2011-03-23 12:41:00,59.400000000000006
2011-03-23 12:44:00,77.3
2011-03-23 13:33:00,877.88
2011-03-23 13:39:00,637.84
2011-03-23 13:42:00,1562.28
2011-03-23 13:44:00,285.58
2011-03-23 13:46:00,584.5
2011-03-23 13:59:00,313.45
2011-03-23 14:00:00,396.87
2011-03-23 14:02:00,330.52
2011-03-23 14:04:00,385.79999999999995
2011-03-23 14:33:00,326.5
2011-03-23 14:39:00,1320.0
2011-03-23 14:46:00,320.0
2011-03-23 14:55:00,456.9
2011-03-23 15:00:00,197.05
2011-03-23 15:07:00,163.3
2011-03-23 15:16:00,249.5
2011-03-23 15:17:00,264.8
2011-03-23 15:19:00,193.6
2011-03-23 15:22:00,495.0
2011-03-23 15:26:00,291.84000000000003
2011-03-23 15:37:00,202.22
2011-03-23 15:40:00,283.03
2011-03-23 15:41:00,335.72
2011-03-23 16:00:00,36.4
2011-03-23 16:22:00,79.6
2011-03-23 16:35:00,307.92
2011-03-23 16:45:00,162.65
2011-03-23 17:25:00,147.0
2011-03-24 08:44:00,358.90000000000003
2011-03-24 08:47:00,851.4000000000001
2011-03-24 08:56:00,227.32
2011-03-24 09:21:00,774.8100000000001
2011-03-24 09:42:00,27.0
2011-03-24 09:44:00,442.47
2011-03-24 09:50:00,1470.1399999999999
2011-03-24 09:52:00,432.3
2011-03-24 10:03:00,251.21
2011-03-24 10:04:00,157.16
2011-03-24 10:37:00,609.6
2011-03-24 10:38:00,485.89
2011-03-24 10:40:00,120.0
2011-03-24 10:48:00,713.9499999999999
2011-03-24 11:07:00,562.3199999999999
2011-03-24 11:29:00,543.22
2011-03-24 11:34:00,154.95
2011-03-24 11:38:00,418.18
2011-03-24 11:40:00,197.9
2011-03-24 11:43:00,232.9
2011-03-24 11:44:00,37.5
2011-03-24 12:02:00,368.92
2011-03-24 12:08:00,459.3
2011-03-24 12:11:00,433.29
2011-03-24 12:15:00,236.07
2011-03-24 12:21:00,515.9
2011-03-24 12:32:00,73.77
2011-03-24 12:52:00,418.18
2011-03-24 12:53:00,217.56
2011-03-24 12:58:00,401.3
2011-03-24 13:04:00,357.53
2011-03-24 13:05:00,286.25
2011-03-24 13:12:00,150.34
2011-03-24 13:16:00,902.26
2011-03-24 13:17:00,445.2
2011-03-24 13:23:00,850.3100000000001
2011-03-24 13:25:00,483.3
2011-03-24 13:28:00,131.41
2011-03-24 13:37:00,163.46
2011-03-24 13:41:00,380.39
2011-03-24 13:45:00,62.379999999999995
2011-03-24 13:54:00,264.24
2011-03-24 13:59:00,187.2
2011-03-24 14:46:00,762.89
2011-03-24 14:47:00,74.7
2011-03-24 14:49:00,310.40000000000003
2011-03-24 14:52:00,356.3
2011-03-24 14:54:00,137.4
2011-03-24 14:55:00,315.95
2011-03-24 14:56:00,186.12
2011-03-24 15:02:00,364.84000000000003
2011-03-24 15:12:00,40.5
2011-03-24 15:15:00,176.38
2011-03-24 16:23:00,409.57
2011-03-24 16:30:00,51.0
2011-03-24 16:45:00,415.45
2011-03-24 17:10:00,1140.76
2011-03-24 18:20:00,229.49
2011-03-24 18:25:00,2278.8
2011-03-24 18:28:00,585.0
2011-03-24 18:34:00,11343.199999999999
2011-03-24 18:43:00,279.73
2011-03-24 19:31:00,380.98
2011-03-25 08:41:00,157.7
2011-03-25 08:43:00,427.0
2011-03-25 08:50:00,246.54
2011-03-25 08:52:00,344.41
2011-03-25 08:53:00,17.4
2011-03-25 09:39:00,57.599999999999994
2011-03-25 10:05:00,307.5
2011-03-25 10:08:00,420.6
2011-03-25 10:14:00,256.78
2011-03-25 10:19:00,357.90999999999997
2011-03-25 10:42:00,102.69999999999999
2011-03-25 10:49:00,465.84000000000003
2011-03-25 10:50:00,878.16
2011-03-25 10:51:00,146.88
2011-03-25 10:52:00,366.18
2011-03-25 11:01:00,349.51
2011-03-25 11:31:00,83.14
2011-03-25 11:34:00,231.77
2011-03-25 11:41:00,878.02
2011-03-25 11:44:00,180.06
2011-03-25 11:57:00,409.5
2011-03-25 12:04:00,1378.52
2011-03-25 12:07:00,9.9
2011-03-25 12:10:00,654.75
2011-03-25 12:13:00,207.21
2011-03-25 12:21:00,171.8
2011-03-25 12:34:00,1407.86
2011-03-25 12:48:00,708.66
2011-03-25 12:55:00,134.56
2011-03-25 12:57:00,554.18
2011-03-25 13:23:00,227.70000000000002
2011-03-25 13:30:00,6.8
2011-03-25 13:35:00,474.05
2011-03-25 13:54:00,185.1
2011-03-25 14:01:00,194.92000000000002
2011-03-25 14:06:00,5513.32
2011-03-25 14:19:00,785.78
2011-03-25 14:30:00,25.25
2011-03-25 14:34:00,17.549999999999997
2011-03-25 14:39:00,76.2
2011-03-25 14:45:00,94.19
2011-03-25 14:46:00,141.72
2011-03-25 14:50:00,960.0
2011-03-25 14:53:00,1444.8
2011-03-25 15:01:00,155.65
2011-03-25 15:08:00,197.94
2011-03-25 15:18:00,354.65999999999997
2011-03-25 15:24:00,410.53
2011-03-25 16:25:00,3962.06
2011-03-25 17:34:00,161.89
2011-03-27 10:16:00,633.6
2011-03-27 10:18:00,485.45
2011-03-27 10:26:00,266.55
2011-03-27 10:54:00,649.78
2011-03-27 10:56:00,324.70000000000005
2011-03-27 11:02:00,520.13
2011-03-27 11:14:00,343.03000000000003
2011-03-27 11:22:00,51.0
2011-03-27 11:44:00,388.9
2011-03-27 11:51:00,121.95
2011-03-27 11:59:00,194.05
2011-03-27 12:06:00,311.57
2011-03-27 12:21:00,549.68
2011-03-27 12:36:00,353.3
2011-03-27 12:54:00,190.5
2011-03-27 13:07:00,164.05
2011-03-27 13:10:00,115.26
2011-03-27 13:21:00,197.89
2011-03-27 13:56:00,609.95
2011-03-27 14:18:00,173.77
2011-03-27 14:28:00,277.43
2011-03-27 14:34:00,177.25
2011-03-27 15:33:00,218.34
2011-03-27 15:39:00,215.7
2011-03-27 15:40:00,612.38
2011-03-27 15:41:00,254.0
2011-03-27 15:46:00,165.82999999999998
2011-03-27 16:01:00,131.3
2011-03-27 16:03:00,83.16000000000001
2011-03-27 16:05:00,251.56
2011-03-27 16:08:00,192.34
2011-03-28 07:53:00,539.0
2011-03-28 08:40:00,307.76
2011-03-28 09:07:00,665.28
2011-03-28 09:16:00,220.8
2011-03-28 09:21:00,329.44
2011-03-28 09:30:00,453.98
2011-03-28 09:59:00,588.0
2011-03-28 10:03:00,223.9
2011-03-28 10:14:00,302.21999999999997
2011-03-28 10:15:00,1136.3
2011-03-28 10:25:00,191.25
2011-03-28 10:26:00,277.8
2011-03-28 10:52:00,113.14
2011-03-28 11:34:00,246.61
2011-03-28 11:36:00,400.53999999999996
2011-03-28 11:49:00,374.7
2011-03-28 11:51:00,148.8
2011-03-28 11:58:00,121.25
2011-03-28 11:59:00,407.09
2011-03-28 12:13:00,215.07
2011-03-28 12:18:00,88.2
2011-03-28 12:22:00,179.73
2011-03-28 12:23:00,458.87
2011-03-28 12:25:00,137.6
2011-03-28 12:27:00,174.8
2011-03-28 12:35:00,297.5
2011-03-28 12:49:00,1001.82
2011-03-28 12:52:00,251.5
2011-03-28 13:28:00,628.66
2011-03-28 13:32:00,183.9
2011-03-28 13:35:00,82.55000000000001
2011-03-28 13:39:00,369.01
2011-03-28 13:57:00,602.86
2011-03-28 13:59:00,229.48
2011-03-28 14:01:00,28.0
2011-03-28 14:07:00,257.2
2011-03-28 14:19:00,240.35
2011-03-28 14:23:00,56.05
2011-03-28 14:27:00,239.95999999999998
2011-03-28 14:33:00,433.9
2011-03-28 14:42:00,127.5
2011-03-28 14:43:00,460.23
2011-03-28 14:46:00,1267.5
2011-03-28 14:57:00,106.5
2011-03-28 14:59:00,429.48
2011-03-28 15:03:00,2188.5
2011-03-28 15:10:00,198.89999999999998
2011-03-28 15:27:00,184.57
2011-03-28 15:38:00,330.51
2011-03-28 15:42:00,250.42000000000002
2011-03-28 15:47:00,63.42
2011-03-28 16:27:00,250.76
2011-03-28 16:28:00,4.95
2011-03-28 16:37:00,119.55
2011-03-28 16:41:00,817.5
2011-03-29 08:43:00,413.7
2011-03-29 08:46:00,169.05
2011-03-29 09:11:00,444.52
2011-03-29 09:53:00,263.58
2011-03-29 09:54:00,30.0
2011-03-29 10:39:00,289.25
2011-03-29 10:49:00,305.54
2011-03-29 10:50:00,428.05
2011-03-29 10:51:00,300.75
2011-03-29 11:04:00,2527.94
2011-03-29 11:14:00,15719.56
2011-03-29 11:15:00,317.56
2011-03-29 11:25:00,65.16000000000001
2011-03-29 11:29:00,579.83
2011-03-29 11:39:00,35.04
2011-03-29 11:42:00,357.25
2011-03-29 12:01:00,356.84000000000003
2011-03-29 12:03:00,317.9
2011-03-29 12:29:00,328.2
2011-03-29 12:31:00,297.2
2011-03-29 12:55:00,142.28
2011-03-29 12:57:00,277.07
2011-03-29 13:04:00,305.68
2011-03-29 13:05:00,304.4
2011-03-29 13:06:00,465.7
2011-03-29 13:22:00,108.2
2011-03-29 13:27:00,1518.0
2011-03-29 13:28:00,341.93
2011-03-29 13:32:00,69.4
2011-03-29 13:33:00,1700.4
2011-03-29 13:48:00,2106.46
2011-03-29 13:53:00,280.85
2011-03-29 13:58:00,963.01
2011-03-29 14:13:00,328.15
2011-03-29 14:20:00,283.71
2011-03-29 14:31:00,272.76
2011-03-29 14:35:00,504.61
2011-03-29 14:58:00,371.83000000000004
2011-03-29 15:02:00,539.3
2011-03-29 15:12:00,243.81
2011-03-29 15:15:00,141.41
2011-03-29 15:18:00,258.18
2011-03-29 15:22:00,247.45000000000002
2011-03-29 15:44:00,118.55
2011-03-29 15:53:00,113.30000000000001
2011-03-29 16:05:00,351.01
2011-03-29 16:12:00,287.04
2011-03-29 16:36:00,346.6
2011-03-29 17:12:00,314.1
2011-03-29 17:23:00,338.40999999999997
2011-03-30 09:06:00,1807.04
2011-03-30 09:12:00,940.1700000000001
2011-03-30 09:15:00,475.69
2011-03-30 09:17:00,266.2
2011-03-30 09:19:00,355.12
2011-03-30 09:27:00,91.8
2011-03-30 09:31:00,81.6
2011-03-30 09:36:00,301.48
2011-03-30 10:16:00,396.59999999999997
2011-03-30 10:18:00,152.64000000000001
2011-03-30 10:32:00,315.0
2011-03-30 10:34:00,216.3
2011-03-30 10:36:00,459.0
2011-03-30 10:46:00,383.07
2011-03-30 10:50:00,56.4
2011-03-30 10:54:00,2161.32
2011-03-30 11:04:00,662.3
2011-03-30 11:12:00,244.13
2011-03-30 11:18:00,176.21
2011-03-30 11:32:00,180.38000000000002
2011-03-30 11:39:00,481.2
2011-03-30 11:48:00,631.06
2011-03-30 11:51:00,1012.6
2011-03-30 12:00:00,417.75
2011-03-30 12:02:00,242.55
2011-03-30 12:05:00,183.0
2011-03-30 12:12:00,384.45
2011-03-30 12:15:00,465.37
2011-03-30 12:24:00,127.78999999999999
2011-03-30 12:34:00,303.32
2011-03-30 12:35:00,238.79999999999998
2011-03-30 12:43:00,270.26
2011-03-30 12:45:00,453.05
2011-03-30 12:48:00,245.2
2011-03-30 12:54:00,418.70000000000005
2011-03-30 13:00:00,193.5
2011-03-30 13:01:00,1935.98
2011-03-30 13:02:00,189.84
2011-03-30 13:05:00,297.17
2011-03-30 13:14:00,611.94
2011-03-30 13:26:00,136.99
2011-03-30 13:28:00,427.15000000000003
2011-03-30 13:39:00,331.80000000000007
2011-03-30 13:44:00,132.70000000000002
2011-03-30 13:56:00,271.0
2011-03-30 13:57:00,132.09
2011-03-30 14:06:00,719.67
2011-03-30 14:08:00,174.31
2011-03-30 14:23:00,306.39
2011-03-30 14:39:00,519.96
2011-03-30 14:51:00,850.82
2011-03-30 15:05:00,760.18
2011-03-30 15:06:00,600.0
2011-03-30 15:29:00,836.79
2011-03-30 15:31:00,493.92
2011-03-30 15:38:00,310.87
2011-03-30 15:48:00,558.4
2011-03-30 15:51:00,1337.78
2011-03-30 15:52:00,70.92
2011-03-30 16:14:00,229.33
2011-03-30 16:28:00,353.7
2011-03-30 16:34:00,116.45
2011-03-30 16:52:00,457.42
2011-03-30 17:33:00,632.8000000000001
2011-03-31 09:07:00,141.85
2011-03-31 09:36:00,16.95
2011-03-31 09:38:00,1169.95
2011-03-31 09:48:00,1015.83
2011-03-31 09:57:00,872.56
2011-03-31 10:07:00,306.59999999999997
2011-03-31 10:26:00,388.45000000000005
2011-03-31 10:27:00,1937.06
2011-03-31 10:29:00,413.4
2011-03-31 10:38:00,111.0
2011-03-31 10:53:00,205.75
2011-03-31 11:07:00,225.49
2011-03-31 11:08:00,168.4
2011-03-31 11:20:00,516.2900000000001
2011-03-31 11:25:00,543.6
2011-03-31 11:37:00,307.53
2011-03-31 11:49:00,152.16
2011-03-31 11:52:00,102.4
2011-03-31 11:53:00,300.6
2011-03-31 11:57:00,125.65
2011-03-31 12:08:00,142.51
2011-03-31 12:19:00,61.10000000000001
2011-03-31 12:28:00,118.25
2011-03-31 12:36:00,415.52000000000004
2011-03-31 12:43:00,145.27
2011-03-31 12:51:00,278.65
2011-03-31 13:10:00,205.98
2011-03-31 13:13:00,624.8
2011-03-31 13:14:00,1428.73
2011-03-31 13:33:00,1182.0
2011-03-31 13:40:00,3243.13
2011-03-31 13:43:00,1622.41
2011-03-31 13:46:00,301.6
2011-03-31 13:47:00,133.47
2011-03-31 13:49:00,204.78
2011-03-31 13:50:00,106.81
2011-03-31 14:42:00,3.9
2011-03-31 14:47:00,31.770000000000003
2011-03-31 15:00:00,296.2
2011-03-31 15:02:00,216.12
2011-03-31 15:43:00,276.94
2011-03-31 15:54:00,136.6
2011-03-31 16:40:00,320.17
2011-03-31 16:41:00,652.52
2011-03-31 16:56:00,490.99
2011-03-31 17:06:00,11.8
2011-03-31 17:12:00,1170.0
2011-03-31 17:17:00,980.41
2011-03-31 17:28:00,269.62
2011-03-31 17:59:00,58.49
2011-03-31 18:05:00,198.2
2011-03-31 18:49:00,353.45
2011-03-31 19:12:00,423.55
2011-03-31 19:20:00,111.6
2011-03-31 19:42:00,226.85
2011-03-31 19:54:00,102.0
2011-03-31 19:55:00,120.9
2011-04-01 08:22:00,244.79
2011-04-01 08:56:00,364.8
2011-04-01 09:06:00,239.75
2011-04-01 09:19:00,1026.95
2011-04-01 09:21:00,316.90000000000003
2011-04-01 09:25:00,237.89999999999998
2011-04-01 09:56:00,180.09
2011-04-01 10:05:00,257.23
2011-04-01 10:08:00,206.7
2011-04-01 10:10:00,297.12
2011-04-01 10:11:00,557.53
2011-04-01 10:21:00,125.63
2011-04-01 10:23:00,413.88
2011-04-01 10:27:00,127.30000000000001
2011-04-01 10:34:00,270.1
2011-04-01 10:43:00,283.21
2011-04-01 11:10:00,252.0
2011-04-01 11:20:00,151.5
2011-04-01 11:28:00,292.85
2011-04-01 11:31:00,386.22
2011-04-01 11:34:00,645.91
2011-04-01 11:46:00,35.28
2011-04-01 11:47:00,183.46
2011-04-01 11:48:00,307.59999999999997
2011-04-01 11:50:00,554.26
2011-04-01 11:51:00,9.959999999999999
2011-04-01 11:54:00,201.53
2011-04-01 12:09:00,249.60000000000002
2011-04-01 12:10:00,85.0
2011-04-01 12:19:00,1445.6000000000001
2011-04-01 12:21:00,355.20000000000005
2011-04-01 12:22:00,355.20000000000005
2011-04-01 12:24:00,117.4
2011-04-01 12:25:00,1333.79
2011-04-01 12:26:00,87.10000000000001
2011-04-01 12:27:00,538.72
2011-04-01 12:29:00,266.85
2011-04-01 12:41:00,47.7
2011-04-01 12:56:00,577.2
2011-04-01 13:00:00,145.24
2011-04-01 13:01:00,72.0
2011-04-01 13:02:00,396.0
2011-04-01 13:04:00,313.38
2011-04-01 13:20:00,1534.3
2011-04-01 13:21:00,210.0
2011-04-01 13:22:00,490.4
2011-04-01 13:33:00,444.75
2011-04-01 13:34:00,135.0
2011-04-01 13:47:00,661.26
2011-04-01 14:05:00,16.7
2011-04-01 14:07:00,8.8
2011-04-01 14:19:00,464.24
2011-04-01 14:24:00,505.2
2011-04-01 14:28:00,350.0
2011-04-01 14:45:00,1407.19
2011-04-01 14:53:00,193.08
2011-04-01 14:58:00,1317.8
2011-04-01 15:03:00,37.4
2011-04-01 15:13:00,136.8
2011-04-01 15:37:00,212.13
2011-04-01 16:18:00,291.44
2011-04-01 16:49:00,785.5
2011-04-01 16:50:00,828.4
2011-04-03 10:10:00,142.5
2011-04-03 10:49:00,713.8
2011-04-03 10:55:00,259.6
2011-04-03 11:11:00,146.99
2011-04-03 11:36:00,510.86
2011-04-03 11:37:00,178.65
2011-04-03 11:45:00,937.7099999999999
2011-04-03 11:47:00,189.12
2011-04-03 11:51:00,231.3
2011-04-03 12:08:00,127.84
2011-04-03 12:41:00,704.6
2011-04-03 12:46:00,280.56
2011-04-03 13:24:00,282.6
2011-04-03 14:24:00,201.01
2011-04-03 14:42:00,687.13
2011-04-03 15:07:00,467.3
2011-04-03 15:22:00,583.79
2011-04-03 15:50:00,273.14
2011-04-04 08:50:00,2183.82
2011-04-04 09:08:00,134.0
2011-04-04 09:38:00,367.74
2011-04-04 09:55:00,903.01
2011-04-04 10:11:00,475.5
2011-04-04 10:16:00,535.34
2011-04-04 10:29:00,583.87
2011-04-04 10:40:00,183.4
2011-04-04 10:52:00,435.56
2011-04-04 11:01:00,432.48
2011-04-04 11:18:00,585.55
2011-04-04 11:28:00,412.49
2011-04-04 11:34:00,599.84
2011-04-04 12:00:00,542.63
2011-04-04 12:05:00,500.35
2011-04-04 12:07:00,313.28999999999996
2011-04-04 12:10:00,624.29
2011-04-04 12:11:00,50.0
2011-04-04 12:17:00,300.85
2011-04-04 12:29:00,451.78
2011-04-04 12:31:00,357.5
2011-04-04 12:34:00,223.19
2011-04-04 12:37:00,483.65
2011-04-04 12:42:00,618.79
2011-04-04 12:44:00,375.45
2011-04-04 12:52:00,357.7
2011-04-04 12:54:00,2298.0
2011-04-04 12:55:00,375.0
2011-04-04 13:03:00,4037.77
2011-04-04 13:04:00,2053.07
2011-04-04 13:26:00,25.09
2011-04-04 13:29:00,264.3
2011-04-04 13:32:00,221.25
2011-04-04 13:38:00,406.82
2011-04-04 13:42:00,304.25
2011-04-04 13:47:00,12.75
2011-04-04 13:57:00,1713.74
2011-04-04 14:00:00,123.59
2011-04-04 14:09:00,328.2
2011-04-04 14:17:00,223.46
2011-04-04 14:28:00,556.77
2011-04-04 14:31:00,130.2
2011-04-04 14:41:00,129.18
2011-04-04 14:42:00,199.48
2011-04-04 15:10:00,214.2
2011-04-04 15:18:00,786.16
2011-04-04 15:35:00,124.15
2011-04-04 16:21:00,297.28000000000003
2011-04-04 16:28:00,160.57
2011-04-04 16:31:00,825.96
2011-04-04 16:36:00,174.45999999999998
2011-04-05 08:25:00,505.0
2011-04-05 08:43:00,705.8399999999999
2011-04-05 08:51:00,259.20000000000005
2011-04-05 09:09:00,155.19000000000003
2011-04-05 09:32:00,463.95
2011-04-05 09:45:00,1136.3
2011-04-05 10:07:00,422.34000000000003
2011-04-05 10:13:00,552.86
2011-04-05 10:18:00,649.32
2011-04-05 10:19:00,493.45
2011-04-05 10:31:00,81.6
2011-04-05 10:40:00,105.0
2011-04-05 10:46:00,430.13
2011-04-05 10:47:00,367.0
2011-04-05 10:58:00,2118.74
2011-04-05 11:01:00,1129.1999999999998
2011-04-05 11:03:00,1155.0
2011-04-05 11:29:00,184.84
2011-04-05 11:44:00,355.12
2011-04-05 11:47:00,689.36
2011-04-05 12:08:00,784.45
2011-04-05 12:12:00,382.82
2011-04-05 12:24:00,594.0
2011-04-05 12:30:00,114.64
2011-04-05 12:37:00,561.29
2011-04-05 12:46:00,105.0
2011-04-05 12:50:00,853.97
2011-04-05 13:07:00,346.5
2011-04-05 13:42:00,316.02
2011-04-05 13:48:00,112.49
2011-04-05 13:52:00,838.0799999999999
2011-04-05 13:56:00,3599.38
2011-04-05 14:38:00,304.13
2011-04-05 14:51:00,306.89
2011-04-05 15:00:00,226.06
2011-04-05 15:12:00,297.94
2011-04-05 15:20:00,457.63
2011-04-05 15:21:00,374.57
2011-04-05 15:36:00,282.88
2011-04-05 16:13:00,173.24
2011-04-05 16:23:00,83.4
2011-04-05 16:42:00,260.55
2011-04-05 17:02:00,5424.0
2011-04-06 09:11:00,345.35
2011-04-06 10:07:00,415.81
2011-04-06 10:14:00,113.1
2011-04-06 10:19:00,365.79
2011-04-06 10:20:00,305.78
2011-04-06 10:21:00,312.19
2011-04-06 10:33:00,203.4
2011-04-06 10:40:00,123.1
2011-04-06 10:46:00,198.91000000000003
2011-04-06 11:07:00,229.27
2011-04-06 11:34:00,450.87
2011-04-06 11:43:00,703.5400000000001
2011-04-06 12:05:00,117.6
2011-04-06 12:08:00,46.970000000000006
2011-04-06 12:41:00,1722.02
2011-04-06 12:49:00,554.38
2011-04-06 12:56:00,136.92
2011-04-06 13:18:00,955.99
2011-04-06 13:23:00,319.42
2011-04-06 13:28:00,178.4
2011-04-06 13:33:00,465.32
2011-04-06 14:02:00,301.48
2011-04-06 14:03:00,480.9
2011-04-06 14:13:00,206.21
2011-04-06 14:23:00,1096.33
2011-04-06 14:25:00,305.26
2011-04-06 14:53:00,273.21
2011-04-06 15:02:00,275.1
2011-04-06 15:07:00,75.9
2011-04-06 15:31:00,187.7
2011-04-06 15:47:00,871.6
2011-04-06 16:47:00,311.6
2011-04-06 17:25:00,72.9
2011-04-07 09:12:00,150.24
2011-04-07 09:16:00,144.95000000000002
2011-04-07 09:35:00,639.82
2011-04-07 09:39:00,270.0
2011-04-07 10:09:00,175.2
2011-04-07 10:10:00,308.12
2011-04-07 10:11:00,229.3
2011-04-07 10:13:00,229.39999999999998
2011-04-07 10:20:00,348.85
2011-04-07 10:24:00,415.7
2011-04-07 10:33:00,356.23
2011-04-07 10:38:00,104.4
2011-04-07 10:43:00,636.25
2011-04-07 10:54:00,326.4
2011-04-07 11:06:00,482.78999999999996
2011-04-07 11:12:00,301.82
2011-04-07 11:16:00,553.13
2011-04-07 11:29:00,179.30999999999997
2011-04-07 11:30:00,388.77
2011-04-07 11:37:00,364.34999999999997
2011-04-07 11:40:00,336.38
2011-04-07 11:41:00,227.18
2011-04-07 11:47:00,144.10000000000002
2011-04-07 11:59:00,117.51
2011-04-07 12:00:00,27.349999999999998
2011-04-07 12:02:00,1072.2
2011-04-07 12:04:00,587.48
2011-04-07 12:10:00,303.04
2011-04-07 12:16:00,191.06
2011-04-07 12:23:00,305.95000000000005
2011-04-07 12:24:00,91.8
2011-04-07 12:29:00,191.49
2011-04-07 12:30:00,329.09999999999997
2011-04-07 12:33:00,228.84
2011-04-07 12:34:00,107.07000000000001
2011-04-07 12:35:00,580.58
2011-04-07 12:38:00,269.83
2011-04-07 12:39:00,244.5
2011-04-07 12:59:00,358.25000000000006
2011-04-07 13:05:00,312.0
2011-04-07 13:07:00,366.2
2011-04-07 13:09:00,160.12
2011-04-07 13:11:00,364.8
2011-04-07 13:16:00,347.64
2011-04-07 13:18:00,429.9
2011-04-07 13:19:00,571.3
2011-04-07 13:24:00,192.5
2011-04-07 13:32:00,321.65
2011-04-07 13:37:00,365.4
2011-04-07 13:45:00,102.12
2011-04-07 18:03:00,78.25999999999999
2011-04-07 18:05:00,40.41
2011-04-07 18:09:00,188.13
2011-04-07 19:05:00,254.96
2011-04-07 19:10:00,91.09
2011-04-07 19:16:00,119.35
2011-04-07 19:27:00,203.2
2011-04-08 07:37:00,394.44
2011-04-08 07:49:00,213.8
2011-04-08 08:20:00,625.05
2011-04-08 08:21:00,768.83
2011-04-08 08:24:00,487.51
2011-04-08 08:25:00,449.64
2011-04-08 08:27:00,239.0
2011-04-08 08:39:00,301.53000000000003
2011-04-08 08:40:00,152.3
2011-04-08 08:48:00,148.74
2011-04-08 09:08:00,266.4
2011-04-08 09:13:00,136.36
2011-04-08 09:15:00,215.34
2011-04-08 09:20:00,190.82000000000002
2011-04-08 09:25:00,310.05
2011-04-08 09:26:00,112.8
2011-04-08 09:45:00,421.6
2011-04-08 09:54:00,1321.25
2011-04-08 09:58:00,484.95
2011-04-08 10:01:00,247.95
2011-04-08 10:09:00,129.45
2011-04-08 10:14:00,118.75
2011-04-08 10:19:00,373.27
2011-04-08 10:20:00,230.98000000000002
2011-04-08 10:26:00,320.28000000000003
2011-04-08 10:32:00,806.54
2011-04-08 11:21:00,117.6
2011-04-08 11:23:00,174.02
2011-04-08 11:26:00,110.8
2011-04-08 11:28:00,210.64999999999998
2011-04-08 11:33:00,483.0
2011-04-08 11:43:00,718.6
2011-04-08 11:44:00,79.80000000000001
2011-04-08 11:50:00,651.6
2011-04-08 11:54:00,337.67
2011-04-08 12:01:00,453.0
2011-04-08 12:06:00,313.5
2011-04-08 12:17:00,1163.75
2011-04-08 12:20:00,115.7
2011-04-08 12:28:00,149.89999999999998
2011-04-08 12:30:00,350.76
2011-04-08 12:33:00,481.46000000000004
2011-04-08 12:34:00,113.89
2011-04-08 12:42:00,776.52
2011-04-08 12:43:00,9.9
2011-04-08 12:56:00,435.84
2011-04-08 13:00:00,375.0
2011-04-08 13:01:00,270.0
2011-04-08 13:14:00,314.07
2011-04-08 13:20:00,138.24
2011-04-08 14:07:00,306.18
2011-04-08 14:12:00,304.33000000000004
2011-04-08 14:14:00,318.07
2011-04-08 14:26:00,194.75
2011-04-08 14:27:00,1867.86
2011-04-08 14:39:00,73.5
2011-04-08 15:19:00,817.44
2011-04-08 15:34:00,528.93
2011-04-08 15:35:00,32.65
2011-04-08 15:49:00,431.78
2011-04-08 17:25:00,32.32
2011-04-10 10:10:00,292.79999999999995
2011-04-10 10:16:00,138.24
2011-04-10 11:11:00,862.8199999999999
2011-04-10 11:14:00,197.5
2011-04-10 11:24:00,705.56
2011-04-10 11:33:00,423.4
2011-04-10 11:35:00,281.01
2011-04-10 11:45:00,157.6
2011-04-10 11:48:00,491.79
2011-04-10 11:58:00,110.97
2011-04-10 12:22:00,147.06
2011-04-10 12:36:00,480.34000000000003
2011-04-10 12:52:00,180.4
2011-04-10 12:53:00,212.12
2011-04-10 12:59:00,108.42
2011-04-10 13:21:00,170.95
2011-04-10 13:25:00,476.49
2011-04-10 13:26:00,91.74
2011-04-10 13:36:00,239.49
2011-04-10 13:48:00,117.43
2011-04-10 14:02:00,113.61999999999999
2011-04-10 14:16:00,112.55000000000001
2011-04-10 14:27:00,110.55
2011-04-10 15:07:00,261.58
2011-04-10 15:09:00,1476.22
2011-04-10 15:15:00,280.66
2011-04-10 15:19:00,156.22
2011-04-10 15:25:00,560.67
2011-04-10 15:32:00,191.86
2011-04-10 16:01:00,260.92
2011-04-10 16:02:00,329.05
2011-04-10 16:04:00,173.95
2011-04-11 08:14:00,476.37
2011-04-11 08:16:00,2050.08
2011-04-11 08:49:00,834.6800000000001
2011-04-11 09:18:00,225.61
2011-04-11 09:44:00,151.65
2011-04-11 09:46:00,514.9300000000001
2011-04-11 09:47:00,185.65
2011-04-11 09:54:00,158.4
2011-04-11 10:01:00,475.88
2011-04-11 10:04:00,658.1600000000001
2011-04-11 10:09:00,423.0
2011-04-11 10:10:00,841.4999999999999
2011-04-11 10:14:00,310.26
2011-04-11 10:18:00,162.5
2011-04-11 10:25:00,470.4
2011-04-11 10:59:00,903.87
2011-04-11 11:06:00,309.52
2011-04-11 11:23:00,403.34000000000003
2011-04-11 11:38:00,293.24
2011-04-11 11:40:00,666.32
2011-04-11 11:43:00,274.08
2011-04-11 11:45:00,375.96000000000004
2011-04-11 11:51:00,390.54
2011-04-11 12:13:00,148.0
2011-04-11 12:17:00,134.8
2011-04-11 12:20:00,744.41
2011-04-11 12:21:00,2.55
2011-04-11 12:45:00,141.20000000000002
2011-04-11 12:57:00,435.0
2011-04-11 12:59:00,60.0
2011-04-11 13:02:00,337.08
2011-04-11 13:19:00,309.88
2011-04-11 13:22:00,269.95
2011-04-11 13:24:00,112.8
2011-04-11 13:29:00,299.1
2011-04-11 13:40:00,22.650000000000002
2011-04-11 13:41:00,380.34
2011-04-11 13:42:00,183.5
2011-04-11 13:43:00,284.35
2011-04-11 13:45:00,36.2
2011-04-11 13:55:00,153.0
2011-04-11 14:00:00,145.26
2011-04-11 14:07:00,485.31
2011-04-11 14:11:00,282.4
2011-04-11 14:40:00,165.71
2011-04-11 14:43:00,331.58000000000004
2011-04-11 14:56:00,15.0
2011-04-11 15:03:00,252.53
2011-04-11 15:04:00,183.85
2011-04-11 15:25:00,142.84
2011-04-11 15:35:00,254.12
2011-04-11 15:59:00,118.45
2011-04-11 16:15:00,112.86
2011-04-11 16:17:00,263.41
2011-04-11 16:35:00,217.14
2011-04-11 16:47:00,758.92
2011-04-11 16:56:00,312.01
2011-04-11 17:12:00,532.0
2011-04-12 08:42:00,659.3000000000001
2011-04-12 09:02:00,173.01
2011-04-12 09:03:00,158.8
2011-04-12 09:35:00,308.82
2011-04-12 09:49:00,520.8
2011-04-12 09:53:00,383.65
2011-04-12 10:01:00,720.22
2011-04-12 10:05:00,392.41
2011-04-12 10:30:00,316.2
2011-04-12 10:33:00,356.75
2011-04-12 10:38:00,2846.02
2011-04-12 10:41:00,614.0
2011-04-12 10:42:00,497.82
2011-04-12 10:45:00,387.7
2011-04-12 10:48:00,113.25
2011-04-12 10:58:00,737.42
2011-04-12 11:01:00,50.0
2011-04-12 11:32:00,314.52
2011-04-12 11:34:00,394.56
2011-04-12 11:36:00,94.2
2011-04-12 11:43:00,427.54
2011-04-12 11:58:00,180.43
2011-04-12 12:00:00,611.91
2011-04-12 12:02:00,199.38
2011-04-12 12:16:00,136.04
2011-04-12 12:47:00,350.57
2011-04-12 12:53:00,440.5
2011-04-12 12:56:00,366.08000000000004
2011-04-12 13:01:00,117.83
2011-04-12 13:10:00,1120.59
2011-04-12 13:19:00,1015.14
2011-04-12 13:20:00,302.4
2011-04-12 13:24:00,1444.66
2011-04-12 13:32:00,180.85
2011-04-12 13:38:00,1311.9
2011-04-12 13:39:00,96.0
2011-04-12 13:45:00,101.8
2011-04-12 13:52:00,3.3
2011-04-12 13:55:00,162.70000000000002
2011-04-12 14:04:00,300.12
2011-04-12 14:17:00,420.46999999999997
2011-04-12 14:22:00,504.27
2011-04-12 14:43:00,362.26
2011-04-12 14:58:00,44.550000000000004
2011-04-12 15:08:00,477.91999999999996
2011-04-12 15:23:00,294.66
2011-04-12 15:30:00,614.5
2011-04-12 15:32:00,461.25
2011-04-12 16:17:00,625.96
2011-04-12 16:19:00,355.77
2011-04-12 16:20:00,49.01
2011-04-12 16:28:00,183.64
2011-04-12 16:30:00,313.8
2011-04-12 16:43:00,293.96
2011-04-12 17:12:00,112.75
2011-04-13 08:26:00,446.7
2011-04-13 09:32:00,722.25
2011-04-13 09:39:00,272.54
2011-04-13 09:42:00,145.87
2011-04-13 09:48:00,267.96
2011-04-13 09:52:00,123.2
2011-04-13 09:59:00,193.62
2011-04-13 10:10:00,112.2
2011-04-13 10:12:00,1119.3600000000001
2011-04-13 10:14:00,725.76
2011-04-13 10:19:00,3694.36
2011-04-13 10:20:00,324.0
2011-04-13 10:32:00,350.75
2011-04-13 10:40:00,124.8
2011-04-13 11:04:00,370.20000000000005
2011-04-13 11:05:00,110.1
2011-04-13 11:29:00,514.05
2011-04-13 11:40:00,328.55
2011-04-13 11:42:00,408.0
2011-04-13 11:46:00,334.2
2011-04-13 11:48:00,1357.63
2011-04-13 11:53:00,81.6
2011-04-13 12:04:00,136.20000000000002
2011-04-13 12:09:00,122.91
2011-04-13 12:23:00,240.0
2011-04-13 12:44:00,189.83999999999997
2011-04-13 12:47:00,451.58
2011-04-13 12:57:00,705.48
2011-04-13 13:15:00,1206.29
2011-04-13 13:25:00,172.09
2011-04-13 13:42:00,186.88
2011-04-13 13:45:00,151.55
2011-04-13 13:47:00,775.82
2011-04-13 13:51:00,25.5
2011-04-13 14:12:00,903.67
2011-04-13 14:17:00,784.9399999999999
2011-04-13 14:21:00,490.05000000000007
2011-04-13 14:24:00,381.0
2011-04-13 14:25:00,154.8
2011-04-13 14:27:00,408.9
2011-04-13 14:31:00,110.25
2011-04-13 14:38:00,272.86
2011-04-13 14:39:00,106.4
2011-04-13 14:54:00,171.06
2011-04-13 15:00:00,243.69
2011-04-13 15:06:00,31.0
2011-04-13 15:36:00,317.26
2011-04-13 15:49:00,298.40999999999997
2011-04-13 15:52:00,505.57
2011-04-13 15:55:00,157.29
2011-04-13 15:57:00,623.5
2011-04-13 15:58:00,1103.73
2011-04-13 16:43:00,431.65000000000003
2011-04-13 16:58:00,349.25
2011-04-13 17:31:00,147.3
2011-04-14 08:13:00,348.4
2011-04-14 08:14:00,516.0
2011-04-14 08:26:00,349.44
2011-04-14 08:27:00,41.6
2011-04-14 08:32:00,1056.3600000000001
2011-04-14 08:45:00,375.35999999999996
2011-04-14 08:46:00,183.6
2011-04-14 08:49:00,498.16
2011-04-14 09:09:00,770.65
2011-04-14 09:18:00,582.72
2011-04-14 09:28:00,387.29
2011-04-14 09:30:00,68.0
2011-04-14 09:43:00,127.07000000000001
2011-04-14 09:56:00,279.18
2011-04-14 09:58:00,310.0
2011-04-14 10:10:00,242.39
2011-04-14 10:13:00,527.0
2011-04-14 10:17:00,294.04
2011-04-14 10:54:00,1748.06
2011-04-14 11:07:00,569.2
2011-04-14 11:19:00,146.0
2011-04-14 11:28:00,42.89999999999999
2011-04-14 11:32:00,642.0
2011-04-14 11:39:00,56.86
2011-04-14 11:45:00,193.96
2011-04-14 11:48:00,1500.92
2011-04-14 12:00:00,593.65
2011-04-14 12:01:00,129.09
2011-04-14 12:12:00,437.56
2011-04-14 12:31:00,228.42
2011-04-14 12:35:00,278.5
2011-04-14 12:38:00,147.6
2011-04-14 12:39:00,1488.0
2011-04-14 12:41:00,328.1
2011-04-14 12:42:00,444.63
2011-04-14 12:43:00,129.5
2011-04-14 13:17:00,1139.78
2011-04-14 13:27:00,108.03999999999999
2011-04-14 13:33:00,224.73
2011-04-14 13:50:00,814.83
2011-04-14 13:52:00,1220.4
2011-04-14 13:56:00,301.8
2011-04-14 13:59:00,2221.02
2011-04-14 14:02:00,162.35
2011-04-14 14:14:00,297.16
2011-04-14 14:15:00,669.2
2011-04-14 14:36:00,205.8
2011-04-14 14:37:00,330.34
2011-04-14 14:39:00,59.400000000000006
2011-04-14 14:41:00,140.25
2011-04-14 14:43:00,162.23000000000002
2011-04-14 14:45:00,103.25
2011-04-14 14:54:00,183.3
2011-04-14 15:02:00,501.12
2011-04-14 15:26:00,128.25
2011-04-14 15:39:00,896.6700000000001
2011-04-14 15:46:00,1811.5800000000002
2011-04-14 15:58:00,419.74
2011-04-14 16:23:00,168.54000000000002
2011-04-14 16:26:00,925.88
2011-04-14 16:31:00,301.42
2011-04-14 16:38:00,328.15999999999997
2011-04-14 16:41:00,238.1
2011-04-14 16:58:00,186.5
2011-04-14 17:25:00,444.82
2011-04-14 17:29:00,195.68
2011-04-14 17:33:00,411.87
2011-04-14 17:44:00,331.28000000000003
2011-04-14 17:58:00,1266.23
2011-04-14 18:02:00,116.00999999999999
2011-04-14 18:22:00,579.0
2011-04-14 18:28:00,504.3
2011-04-14 18:40:00,258.75
2011-04-14 18:57:00,669.25
2011-04-14 19:15:00,233.12
2011-04-14 19:16:00,139.05
2011-04-14 19:59:00,241.29
2011-04-15 08:45:00,306.2
2011-04-15 09:27:00,2042.761
2011-04-15 09:43:00,300.25
2011-04-15 10:09:00,425.93
2011-04-15 10:14:00,39.6
2011-04-15 10:19:00,30.599999999999998
2011-04-15 10:20:00,397.5
2011-04-15 10:21:00,64.2
2011-04-15 10:25:00,1143.6
2011-04-15 10:27:00,760.1
2011-04-15 11:06:00,146.0
2011-04-15 11:15:00,354.84000000000003
2011-04-15 11:31:00,65.28
2011-04-15 11:36:00,224.14000000000001
2011-04-15 11:44:00,299.82
2011-04-15 11:47:00,190.98000000000002
2011-04-15 12:05:00,339.2
2011-04-15 12:10:00,81.4
2011-04-15 12:14:00,1612.83
2011-04-15 12:23:00,344.40000000000003
2011-04-15 12:35:00,278.22
2011-04-15 12:48:00,763.66
2011-04-15 13:16:00,721.55
2011-04-15 13:31:00,462.31
2011-04-15 13:48:00,219.0
2011-04-15 13:56:00,141.68
2011-04-15 14:05:00,639.48
2011-04-15 14:10:00,142.16
2011-04-15 14:14:00,668.6
2011-04-15 14:15:00,138.79
2011-04-15 14:21:00,168.4
2011-04-15 14:32:00,291.63
2011-04-15 14:45:00,328.15000000000003
2011-04-15 15:17:00,165.9
2011-04-15 15:31:00,58.85
2011-04-15 15:54:00,172.72
2011-04-15 15:58:00,321.83
2011-04-15 16:11:00,223.42000000000002
2011-04-15 16:46:00,2945.5
2011-04-17 10:15:00,345.05
2011-04-17 10:17:00,446.74
2011-04-17 10:21:00,232.48000000000002
2011-04-17 10:27:00,729.31
2011-04-17 10:56:00,308.64
2011-04-17 10:57:00,358.0
2011-04-17 10:59:00,83.4
2011-04-17 11:04:00,1002.02
2011-04-17 11:18:00,379.32
2011-04-17 11:21:00,545.57
2011-04-17 11:30:00,218.55
2011-04-17 11:44:00,314.84000000000003
2011-04-17 11:45:00,314.45
2011-04-17 11:56:00,346.4
2011-04-17 12:25:00,143.69
2011-04-17 12:37:00,522.81
2011-04-17 12:38:00,236.07
2011-04-17 12:49:00,124.98
2011-04-17 12:53:00,158.47
2011-04-17 12:57:00,856.63
2011-04-17 13:02:00,302.92
2011-04-17 13:04:00,302.85
2011-04-17 13:05:00,140.55
2011-04-17 13:07:00,539.81
2011-04-17 13:18:00,175.27
2011-04-17 13:20:00,303.49
2011-04-17 13:27:00,63.36
2011-04-17 13:43:00,290.52
2011-04-17 13:53:00,229.59
2011-04-17 14:05:00,258.85
2011-04-17 14:06:00,197.35000000000002
2011-04-17 14:09:00,459.18
2011-04-17 14:36:00,118.85
2011-04-17 14:55:00,246.74
2011-04-17 15:29:00,2.1
2011-04-17 15:33:00,84.65
2011-04-17 15:40:00,338.95
2011-04-17 15:53:00,436.78
2011-04-17 15:55:00,391.67
2011-04-17 15:56:00,174.6
2011-04-18 09:00:00,2949.12
2011-04-18 09:06:00,51.0
2011-04-18 09:31:00,308.20000000000005
2011-04-18 09:33:00,282.94
2011-04-18 09:38:00,406.48
2011-04-18 10:04:00,837.97
2011-04-18 10:20:00,184.48
2011-04-18 10:21:00,225.72
2011-04-18 10:28:00,222.75
2011-04-18 10:35:00,151.85
2011-04-18 10:41:00,366.48
2011-04-18 10:55:00,394.83000000000004
2011-04-18 11:10:00,840.24
2011-04-18 11:13:00,635.0
2011-04-18 11:29:00,152.2
2011-04-18 11:45:00,34.0
2011-04-18 11:53:00,212.34
2011-04-18 11:59:00,501.84
2011-04-18 12:14:00,192.33
2011-04-18 12:16:00,712.24
2011-04-18 12:17:00,458.25
2011-04-18 12:25:00,269.66
2011-04-18 12:36:00,902.6700000000001
2011-04-18 12:42:00,20.85
2011-04-18 12:45:00,304.04999999999995
2011-04-18 12:47:00,90.0
2011-04-18 12:56:00,169.47
2011-04-18 12:58:00,130.8
2011-04-18 13:12:00,1231.6000000000001
2011-04-18 13:17:00,189.98
2011-04-18 13:20:00,21535.9
2011-04-18 13:22:00,198.0
2011-04-18 13:30:00,484.25
2011-04-18 13:31:00,121.25000000000001
2011-04-18 13:36:00,257.34
2011-04-18 13:43:00,405.16
2011-04-18 13:46:00,178.41
2011-04-18 13:54:00,192.68
2011-04-18 14:00:00,122.03999999999999
2011-04-18 14:01:00,1688.43
2011-04-18 14:05:00,192.26
2011-04-18 14:08:00,164.75
2011-04-18 14:12:00,42.400000000000006
2011-04-18 14:21:00,200.32000000000002
2011-04-18 14:27:00,273.71
2011-04-18 14:32:00,298.3
2011-04-18 14:37:00,19.8
2011-04-18 14:44:00,187.75
2011-04-18 14:50:00,1026.6100000000001
2011-04-18 15:00:00,202.88
2011-04-18 15:08:00,408.0
2011-04-18 15:14:00,99.45
2011-04-18 15:31:00,311.42
2011-04-18 15:43:00,274.45
2011-04-18 16:31:00,391.9
2011-04-18 16:37:00,379.56
2011-04-18 16:49:00,320.58
2011-04-18 17:29:00,217.07
2011-04-18 17:32:00,89.55
2011-04-19 08:17:00,614.02
2011-04-19 08:55:00,360.65
2011-04-19 09:31:00,516.28
2011-04-19 09:43:00,309.56
2011-04-19 09:49:00,424.64
2011-04-19 10:04:00,429.57
2011-04-19 10:08:00,653.11
2011-04-19 10:19:00,480.27
2011-04-19 10:40:00,347.49
2011-04-19 10:48:00,1411.67
2011-04-19 10:49:00,188.87
2011-04-19 10:59:00,35.400000000000006
2011-04-19 11:02:00,117.14
2011-04-19 11:19:00,155.6
2011-04-19 11:27:00,144.35
2011-04-19 11:46:00,142.2
2011-04-19 11:52:00,319.48
2011-04-19 12:08:00,255.04000000000002
2011-04-19 12:17:00,232.22
2011-04-19 12:19:00,970.2
2011-04-19 12:22:00,89.55
2011-04-19 12:26:00,922.3000000000001
2011-04-19 12:41:00,293.92
2011-04-19 12:59:00,354.78000000000003
2011-04-19 13:03:00,376.0
2011-04-19 13:09:00,367.62
2011-04-19 13:21:00,150.3
2011-04-19 13:39:00,777.25
2011-04-19 13:41:00,171.01
2011-04-19 13:49:00,935.15
2011-04-19 13:56:00,132.9
2011-04-19 13:57:00,109.04
2011-04-19 14:02:00,425.67999999999995
2011-04-19 14:23:00,185.08
2011-04-19 14:36:00,447.52
2011-04-19 14:37:00,101.19
2011-04-19 14:48:00,169.35999999999999
2011-04-19 14:49:00,1507.67
2011-04-19 14:51:00,409.40000000000003
2011-04-19 14:56:00,151.3
2011-04-19 14:57:00,300.09000000000003
2011-04-19 15:02:00,27.299999999999997
2011-04-19 15:20:00,423.36
2011-04-19 15:39:00,397.14
2011-04-19 15:46:00,314.51
2011-04-19 16:14:00,35.96
2011-04-19 16:19:00,383.95
2011-04-19 16:30:00,11.25
2011-04-19 16:31:00,146.65
2011-04-19 16:37:00,25.5
2011-04-19 16:52:00,489.05
2011-04-19 17:19:00,113.5
2011-04-20 08:07:00,409.94
2011-04-20 08:24:00,302.56
2011-04-20 09:01:00,426.24
2011-04-20 09:02:00,347.17
2011-04-20 09:03:00,67.5
2011-04-20 09:20:00,541.2
2011-04-20 09:29:00,544.26
2011-04-20 09:30:00,36.0
2011-04-20 09:31:00,417.6
2011-04-20 09:35:00,469.19
2011-04-20 09:48:00,2016.0
2011-04-20 10:04:00,214.98
2011-04-20 10:10:00,179.0
2011-04-20 10:28:00,379.0
2011-04-20 10:29:00,244.8
2011-04-20 10:39:00,267.7
2011-04-20 10:48:00,308.55
2011-04-20 11:05:00,3108.64
2011-04-20 11:06:00,2047.66
2011-04-20 11:11:00,12.5
2011-04-20 11:12:00,478.2
2011-04-20 11:19:00,115.43
2011-04-20 11:45:00,351.45000000000005
2011-04-20 11:57:00,596.9999999999999
2011-04-20 12:01:00,103.3
2011-04-20 12:02:00,157.2
2011-04-20 12:26:00,103.15
2011-04-20 12:28:00,204.46
2011-04-20 12:30:00,234.25
2011-04-20 12:32:00,301.68
2011-04-20 12:44:00,712.6400000000001
2011-04-20 12:56:00,212.19
2011-04-20 13:13:00,74.7
2011-04-20 13:15:00,395.78999999999996
2011-04-20 13:18:00,1639.46
2011-04-20 13:19:00,140.85
2011-04-20 13:35:00,307.16
2011-04-20 13:36:00,1905.47
2011-04-20 13:43:00,460.94
2011-04-20 13:55:00,232.9
2011-04-20 13:58:00,454.24
2011-04-20 13:59:00,370.68
2011-04-20 14:02:00,267.03
2011-04-20 14:06:00,60.0
2011-04-20 14:38:00,128.41
2011-04-20 14:40:00,54.72
2011-04-20 14:41:00,290.4
2011-04-20 14:46:00,310.02
2011-04-20 15:04:00,212.5
2011-04-20 15:21:00,307.46
2011-04-20 15:25:00,225.05
2011-04-20 15:32:00,329.24
2011-04-20 15:38:00,548.4300000000001
2011-04-20 15:44:00,268.68
2011-04-20 16:04:00,119.1
2011-04-20 17:00:00,132.03
2011-04-20 17:10:00,141.49
2011-04-20 17:37:00,430.76
2011-04-21 08:43:00,341.58
2011-04-21 08:54:00,73.5
2011-04-21 09:26:00,1007.9
2011-04-21 09:36:00,2210.05
2011-04-21 10:00:00,8.25
2011-04-21 10:12:00,284.76
2011-04-21 10:16:00,633.05
2011-04-21 10:19:00,403.90000000000003
2011-04-21 10:29:00,345.35
2011-04-21 10:31:00,397.20000000000005
2011-04-21 10:48:00,24.75
2011-04-21 10:51:00,162.02
2011-04-21 10:52:00,791.97
2011-04-21 10:55:00,572.25
2011-04-21 11:03:00,199.75
2011-04-21 11:31:00,121.11
2011-04-21 11:59:00,335.0
2011-04-21 12:00:00,526.5
2011-04-21 12:07:00,1009.69
2011-04-21 12:11:00,682.38
2011-04-21 12:12:00,257.89
2011-04-21 12:34:00,1368.16
2011-04-21 12:35:00,306.5
2011-04-21 13:11:00,1079.4
2011-04-21 13:17:00,313.65
2011-04-21 13:22:00,302.55
2011-04-21 13:29:00,1701.5
2011-04-21 13:30:00,133.59
2011-04-21 13:39:00,139.35
2011-04-21 13:40:00,721.4399999999999
2011-04-21 14:03:00,335.5
2011-04-21 14:06:00,19.5
2011-04-21 14:07:00,110.1
2011-04-21 14:21:00,597.8199999999999
2011-04-21 14:30:00,147.45
2011-04-21 14:33:00,642.0
2011-04-21 14:37:00,237.25
2011-04-21 15:15:00,622.0
2011-04-21 15:16:00,333.48
2011-04-21 15:25:00,385.69
2011-04-21 15:26:00,615.0
2011-04-21 15:46:00,400.64
2011-04-21 15:51:00,289.1
2011-04-21 15:52:00,202.5
2011-04-21 16:01:00,8.97
2011-04-21 16:26:00,318.78000000000003
2011-04-21 16:37:00,615.22
2011-04-21 16:39:00,180.1
2011-04-21 16:48:00,504.9
2011-04-21 16:53:00,118.7
2011-04-21 16:58:00,47.39999999999999
2011-04-21 16:59:00,727.78
2011-04-21 17:03:00,184.64
2011-04-21 17:05:00,99.63
2011-04-21 17:06:00,875.79
2011-04-21 17:10:00,173.46
2011-04-21 17:31:00,305.43
2011-04-21 18:10:00,309.0
2011-04-21 18:22:00,255.69
2011-04-21 18:31:00,447.6
2011-04-21 18:59:00,153.84
2011-04-21 19:05:00,126.32
2011-04-21 19:51:00,476.8
2011-04-21 19:55:00,481.4
2011-04-26 08:33:00,451.6
2011-04-26 08:57:00,314.91999999999996
2011-04-26 09:04:00,488.01
2011-04-26 09:12:00,448.5
2011-04-26 09:15:00,159.2
2011-04-26 09:31:00,564.5
2011-04-26 09:37:00,413.46
2011-04-26 09:44:00,339.93
2011-04-26 10:23:00,187.04999999999998
2011-04-26 10:54:00,191.4
2011-04-26 11:04:00,1932.24
2011-04-26 11:09:00,765.85
2011-04-26 11:25:00,326.4
2011-04-26 11:30:00,308.73
2011-04-26 11:32:00,354.26
2011-04-26 11:34:00,632.74
2011-04-26 11:44:00,437.98
2011-04-26 11:51:00,765.73
2011-04-26 11:59:00,285.04
2011-04-26 12:07:00,110.52
2011-04-26 12:08:00,360.03
2011-04-26 12:12:00,2.1
2011-04-26 12:16:00,884.4
2011-04-26 12:29:00,535.97
2011-04-26 12:31:00,413.45000000000005
2011-04-26 12:47:00,640.23
2011-04-26 13:00:00,708.6
2011-04-26 13:02:00,604.73
2011-04-26 13:04:00,7.25
2011-04-26 13:05:00,673.97
2011-04-26 13:06:00,38.160000000000004
2011-04-26 13:12:00,22.5
2011-04-26 13:22:00,426.4
2011-04-26 13:25:00,103.3
2011-04-26 13:36:00,76.32000000000001
2011-04-26 13:37:00,107.10000000000001
2011-04-26 13:45:00,59.0
2011-04-26 14:07:00,305.46000000000004
2011-04-26 14:12:00,1265.3999999999999
2011-04-26 14:19:00,231.31
2011-04-26 14:37:00,159.1
2011-04-26 14:38:00,134.4
2011-04-26 14:47:00,366.96
2011-04-26 15:00:00,358.38
2011-04-26 15:02:00,147.6
2011-04-26 15:04:00,938.9200000000001
2011-04-26 15:26:00,319.27000000000004
2011-04-26 15:45:00,339.24
2011-04-26 15:52:00,160.54000000000002
2011-04-26 15:56:00,20.4
2011-04-26 15:58:00,81.6
2011-04-26 16:01:00,918.0
2011-04-26 16:40:00,301.8
2011-04-26 16:45:00,282.7
2011-04-26 16:53:00,111.76
2011-04-27 08:17:00,600.8999999999999
2011-04-27 08:43:00,107.28
2011-04-27 08:59:00,169.5
2011-04-27 09:03:00,305.28000000000003
2011-04-27 09:21:00,330.0
2011-04-27 10:01:00,25.2
2011-04-27 10:02:00,362.9
2011-04-27 10:03:00,312.6
2011-04-27 10:04:00,870.0
2011-04-27 10:52:00,816.0
2011-04-27 10:54:00,414.12
2011-04-27 11:05:00,228.15
2011-04-27 11:12:00,114.84
2011-04-27 11:26:00,514.08
2011-04-27 11:30:00,373.44
2011-04-27 11:32:00,13.500000000000002
2011-04-27 11:33:00,122.39999999999999
2011-04-27 11:40:00,443.25
2011-04-27 11:41:00,167.92
2011-04-27 11:47:00,476.4
2011-04-27 11:56:00,316.85
2011-04-27 12:00:00,261.24
2011-04-27 12:02:00,1209.8
2011-04-27 12:04:00,1642.5
2011-04-27 12:05:00,117.66
2011-04-27 12:08:00,201.19
2011-04-27 12:21:00,854.0699999999999
2011-04-27 12:35:00,524.52
2011-04-27 12:39:00,203.95
2011-04-27 12:49:00,29.880000000000003
2011-04-27 12:50:00,665.52
2011-04-27 12:57:00,414.24
2011-04-27 13:03:00,506.38
2011-04-27 13:06:00,641.61
2011-04-27 13:13:00,323.0
2011-04-27 13:19:00,172.79999999999998
2011-04-27 13:31:00,215.84
2011-04-27 13:44:00,223.33
2011-04-27 14:01:00,592.41
2011-04-27 14:05:00,253.94
2011-04-27 14:16:00,397.02
2011-04-27 14:17:00,47.2
2011-04-27 14:18:00,720.92
2011-04-27 14:25:00,207.50000000000003
2011-04-27 14:26:00,1502.78
2011-04-27 14:27:00,431.74
2011-04-27 14:28:00,428.64
2011-04-27 14:43:00,154.66
2011-04-27 14:48:00,15.0
2011-04-27 14:49:00,1007.4
2011-04-27 14:58:00,337.36
2011-04-27 15:07:00,1292.96
2011-04-27 15:08:00,304.16
2011-04-27 16:23:00,450.45000000000005
2011-04-27 16:39:00,5.9
2011-04-27 16:54:00,145.91
2011-04-27 17:03:00,5.11
2011-04-28 07:52:00,459.45000000000005
2011-04-28 08:34:00,318.3
2011-04-28 08:57:00,200.20000000000002
2011-04-28 09:02:00,433.7
2011-04-28 09:03:00,692.36
2011-04-28 09:12:00,495.24
2011-04-28 09:20:00,354.34999999999997
2011-04-28 10:03:00,371.4
2011-04-28 10:15:00,438.0
2011-04-28 10:20:00,4694.18
2011-04-28 10:54:00,119.9
2011-04-28 11:31:00,454.90000000000003
2011-04-28 11:38:00,390.85
2011-04-28 11:40:00,226.85
2011-04-28 11:45:00,209.10000000000002
2011-04-28 12:03:00,259.45
2011-04-28 12:06:00,385.2
2011-04-28 12:07:00,160.95
2011-04-28 12:22:00,654.6
2011-04-28 12:47:00,112.32
2011-04-28 12:49:00,430.38
2011-04-28 12:55:00,232.65
2011-04-28 13:09:00,436.3
2011-04-28 13:17:00,371.29
2011-04-28 13:18:00,593.16
2011-04-28 13:23:00,6.0
2011-04-28 13:31:00,207.05
2011-04-28 13:33:00,314.22
2011-04-28 13:35:00,1537.2
2011-04-28 13:36:00,78.6
2011-04-28 13:39:00,23.8
2011-04-28 13:41:00,547.27
2011-04-28 13:50:00,112.25
2011-04-28 13:51:00,400.0
2011-04-28 14:00:00,385.5
2011-04-28 14:04:00,82.5
2011-04-28 14:34:00,16.95
2011-04-28 14:39:00,440.0
2011-04-28 14:56:00,142.52
2011-04-28 14:59:00,305.56
2011-04-28 15:13:00,375.27
2011-04-28 15:23:00,453.2
2011-04-28 15:26:00,327.71999999999997
2011-04-28 15:29:00,173.43
2011-04-28 15:58:00,87.45
2011-04-28 16:11:00,331.18
2011-04-28 16:20:00,286.88
2011-04-28 16:23:00,15.27
2011-04-28 16:39:00,112.96000000000001
2011-04-28 16:40:00,275.54
2011-04-28 16:53:00,354.72
2011-04-28 18:11:00,340.72
2011-04-28 19:53:00,94.45
2011-05-01 10:51:00,320.88
2011-05-01 11:10:00,800.01
2011-05-01 11:14:00,204.24
2011-05-01 11:36:00,443.85
2011-05-01 11:50:00,383.45
2011-05-01 11:55:00,153.86
2011-05-01 12:09:00,53.1
2011-05-01 12:35:00,477.09
2011-05-01 12:37:00,439.85
2011-05-01 12:41:00,388.21000000000004
2011-05-01 12:54:00,116.09
2011-05-01 13:18:00,1094.33
2011-05-01 13:26:00,2.1
2011-05-01 13:45:00,654.17
2011-05-01 14:17:00,313.26
2011-05-01 14:58:00,164.86
2011-05-01 14:59:00,810.56
2011-05-01 15:33:00,153.75
2011-05-03 08:40:00,528.88
2011-05-03 09:05:00,306.5
2011-05-03 09:26:00,134.8
2011-05-03 09:33:00,692.84
2011-05-03 09:34:00,341.02
2011-05-03 09:44:00,446.62
2011-05-03 09:46:00,248.25
2011-05-03 09:47:00,40.35
2011-05-03 10:09:00,36.0
2011-05-03 10:25:00,108.87
2011-05-03 10:30:00,150.32
2011-05-03 10:41:00,327.71
2011-05-03 10:42:00,612.16
2011-05-03 10:43:00,820.74
2011-05-03 10:49:00,306.82
2011-05-03 10:51:00,159.35999999999999
2011-05-03 10:55:00,1102.8600000000001
2011-05-03 10:56:00,534.65
2011-05-03 11:11:00,609.5
2011-05-03 11:19:00,21.599999999999998
2011-05-03 11:22:00,450.52
2011-05-03 11:33:00,204.00000000000003
2011-05-03 11:34:00,780.19
2011-05-03 11:40:00,157.75
2011-05-03 11:41:00,489.59999999999997
2011-05-03 11:42:00,626.1
2011-05-03 11:44:00,214.15
2011-05-03 11:59:00,62.28
2011-05-03 12:02:00,1313.2
2011-05-03 12:03:00,691.44
2011-05-03 12:04:00,195.1
2011-05-03 12:07:00,115.95
2011-05-03 12:10:00,619.2
2011-05-03 12:12:00,545.01
2011-05-03 12:13:00,481.64
2011-05-03 12:16:00,106.66
2011-05-03 12:17:00,63.910000000000004
2011-05-03 12:24:00,311.13
2011-05-03 12:35:00,374.0
2011-05-03 12:53:00,478.51
2011-05-03 13:22:00,309.35
2011-05-03 13:31:00,299.81
2011-05-03 13:36:00,303.61
2011-05-03 13:39:00,797.26
2011-05-03 13:46:00,8142.75
2011-05-03 13:52:00,1132.95
2011-05-03 14:16:00,494.84999999999997
2011-05-03 15:12:00,275.93
2011-05-03 15:15:00,173.07999999999998
2011-05-03 15:23:00,337.38
2011-05-03 15:59:00,257.86
2011-05-03 16:35:00,76.65
2011-05-03 16:49:00,288.75
2011-05-03 17:12:00,209.99
2011-05-04 08:15:00,565.0
2011-05-04 08:17:00,593.52
2011-05-04 08:40:00,688.35
2011-05-04 08:51:00,133.6
2011-05-04 08:52:00,20.8
2011-05-04 09:52:00,306.36
2011-05-04 09:57:00,424.42
2011-05-04 10:15:00,779.61
2011-05-04 10:47:00,534.24
2011-05-04 10:58:00,141.94
2011-05-04 11:00:00,2805.2799999999997
2011-05-04 11:12:00,109.38
2011-05-04 11:21:00,775.0
2011-05-04 11:23:00,250.04
2011-05-04 11:26:00,476.29
2011-05-04 11:32:00,3797.4100000000003
2011-05-04 11:37:00,756.73
2011-05-04 11:39:00,319.74
2011-05-04 11:43:00,224.78000000000003
2011-05-04 11:45:00,95.8
2011-05-04 11:46:00,77.1
2011-05-04 11:50:00,444.6
2011-05-04 11:57:00,238.74
2011-05-04 11:58:00,364.18
2011-05-04 12:11:00,429.6
2011-05-04 12:20:00,270.02
2011-05-04 12:26:00,159.20000000000002
2011-05-04 12:29:00,261.95
2011-05-04 12:32:00,506.6
2011-05-04 12:33:00,8.4
2011-05-04 13:11:00,9.36
2011-05-04 13:12:00,500.09
2011-05-04 13:13:00,75.66
2011-05-04 13:17:00,411.54
2011-05-04 13:22:00,203.86999999999998
2011-05-04 13:34:00,453.02
2011-05-04 13:36:00,1030.7
2011-05-04 13:52:00,223.22
2011-05-04 13:57:00,252.1
2011-05-04 14:03:00,131.18
2011-05-04 14:11:00,419.0
2011-05-04 14:33:00,1334.93
2011-05-04 14:43:00,997.5
2011-05-04 14:52:00,278.4
2011-05-04 14:55:00,302.88
2011-05-04 15:08:00,814.71
2011-05-04 15:25:00,312.71999999999997
2011-05-04 15:33:00,454.91
2011-05-04 15:37:00,230.03
2011-05-04 15:41:00,110.64
2011-05-04 16:07:00,227.65
2011-05-04 16:29:00,1380.11
2011-05-04 16:36:00,418.2
2011-05-04 16:51:00,194.3
2011-05-04 17:19:00,206.6
2011-05-05 07:37:00,385.14
2011-05-05 08:16:00,484.12000000000006
2011-05-05 08:18:00,313.4
2011-05-05 08:30:00,179.0
2011-05-05 08:32:00,119.7
2011-05-05 08:33:00,311.29999999999995
2011-05-05 09:05:00,303.82
2011-05-05 09:11:00,346.08
2011-05-05 09:13:00,108.95
2011-05-05 09:15:00,306.72
2011-05-05 09:17:00,296.88
2011-05-05 09:18:00,378.24
2011-05-05 09:23:00,129.18
2011-05-05 09:29:00,287.0
2011-05-05 09:34:00,306.72
2011-05-05 09:44:00,134.7
2011-05-05 09:53:00,186.86
2011-05-05 10:07:00,464.3
2011-05-05 10:20:00,64.95000000000002
2011-05-05 10:22:00,89.4
2011-05-05 10:29:00,170.96
2011-05-05 10:31:00,81.10000000000001
2011-05-05 10:49:00,99.6
2011-05-05 10:51:00,116.95
2011-05-05 11:08:00,110.38
2011-05-05 11:09:00,15.0
2011-05-05 11:18:00,307.0
2011-05-05 11:38:00,366.86
2011-05-05 11:46:00,633.0
2011-05-05 11:47:00,494.7
2011-05-05 11:53:00,593.72
2011-05-05 12:13:00,425.4
2011-05-05 12:22:00,599.45
2011-05-05 12:24:00,303.54
2011-05-05 12:37:00,263.24
2011-05-05 12:38:00,579.34
2011-05-05 12:39:00,386.5
2011-05-05 12:40:00,123.75
2011-05-05 12:52:00,305.9
2011-05-05 13:14:00,369.95
2011-05-05 13:19:00,208.36
2011-05-05 13:29:00,809.4
2011-05-05 13:34:00,225.60000000000002
2011-05-05 13:43:00,292.11
2011-05-05 13:44:00,185.39999999999998
2011-05-05 13:46:00,109.25
2011-05-05 13:53:00,897.5999999999999
2011-05-05 13:56:00,1051.99
2011-05-05 14:32:00,562.29
2011-05-05 14:37:00,281.66
2011-05-05 14:38:00,149.97
2011-05-05 14:41:00,239.52
2011-05-05 14:55:00,250.47
2011-05-05 15:08:00,154.8
2011-05-05 15:12:00,265.2
2011-05-05 15:13:00,68.0
2011-05-05 15:29:00,89.39999999999999
2011-05-05 15:31:00,442.96
2011-05-05 15:39:00,99.21
2011-05-05 15:42:00,437.52000000000004
2011-05-05 15:44:00,352.26
2011-05-05 15:48:00,258.6
2011-05-05 16:31:00,147.44
2011-05-05 16:34:00,622.47
2011-05-05 16:56:00,310.78
2011-05-05 17:13:00,311.2
2011-05-05 17:26:00,292.42
2011-05-05 17:28:00,138.85
2011-05-05 17:34:00,2388.31
2011-05-05 17:42:00,217.8
2011-05-05 17:59:00,400.3
2011-05-05 18:04:00,378.95
2011-05-05 18:06:00,108.0
2011-05-05 18:09:00,64.06
2011-05-05 18:16:00,67.95
2011-05-05 18:36:00,214.56
2011-05-05 18:38:00,143.45999999999998
2011-05-05 19:16:00,211.15
2011-05-05 19:48:00,240.6
2011-05-06 08:08:00,3869.18
2011-05-06 08:10:00,4655.85
2011-05-06 08:19:00,522.6
2011-05-06 08:25:00,105.9
2011-05-06 09:00:00,1208.31
2011-05-06 09:14:00,449.42
2011-05-06 09:22:00,365.83
2011-05-06 09:44:00,370.77
2011-05-06 10:00:00,519.0
2011-05-06 10:10:00,415.02
2011-05-06 10:16:00,186.9
2011-05-06 10:19:00,353.06
2011-05-06 10:32:00,327.96
2011-05-06 10:33:00,356.40000000000003
2011-05-06 10:34:00,251.75
2011-05-06 10:36:00,647.75
2011-05-06 10:37:00,140.57999999999998
2011-05-06 10:39:00,76.32000000000001
2011-05-06 10:43:00,1264.0800000000002
2011-05-06 10:45:00,95.56
2011-05-06 11:05:00,118.3
2011-05-06 11:20:00,190.54
2011-05-06 11:26:00,300.4
2011-05-06 11:27:00,404.40000000000003
2011-05-06 11:36:00,289.82
2011-05-06 11:40:00,261.36
2011-05-06 11:47:00,59.9
2011-05-06 11:50:00,550.12
2011-05-06 11:51:00,19.919999999999998
2011-05-06 11:55:00,162.24
2011-05-06 12:00:00,700.6
2011-05-06 12:21:00,371.96
2011-05-06 12:23:00,93.75
2011-05-06 12:28:00,226.9
2011-05-06 12:44:00,115.15
2011-05-06 12:53:00,216.3
2011-05-06 13:01:00,1128.6
2011-05-06 13:03:00,640.0
2011-05-06 13:07:00,15.600000000000001
2011-05-06 13:25:00,127.38
2011-05-06 13:31:00,116.49000000000001
2011-05-06 13:35:00,430.46000000000004
2011-05-06 13:36:00,1484.4
2011-05-06 13:38:00,195.14999999999998
2011-05-06 13:43:00,336.08
2011-05-06 13:52:00,464.01
2011-05-06 13:53:00,483.02000000000004
2011-05-06 14:01:00,381.08
2011-05-06 14:04:00,10.08
2011-05-06 14:12:00,58.9
2011-05-06 14:16:00,315.66
2011-05-06 14:22:00,243.51999999999998
2011-05-06 14:25:00,204.29999999999998
2011-05-06 14:32:00,349.63
2011-05-06 14:47:00,90.12
2011-05-06 14:51:00,165.85
2011-05-06 15:01:00,246.07999999999998
2011-05-06 15:13:00,304.21
2011-05-06 15:47:00,628.85
2011-05-06 15:54:00,112.05000000000001
2011-05-06 16:17:00,313.3
2011-05-06 16:29:00,529.7
2011-05-06 16:48:00,185.31
2011-05-06 16:54:00,367.52
2011-05-06 17:04:00,199.85000000000002
2011-05-06 19:22:00,62.67999999999999
2011-05-06 19:37:00,84.49
2011-05-06 19:39:00,29.89
2011-05-06 19:42:00,108.87
2011-05-06 19:44:00,19.720000000000002
2011-05-06 19:48:00,21.39
2011-05-06 19:49:00,7.15
2011-05-06 19:53:00,35.97
2011-05-06 19:55:00,3.3
2011-05-06 20:00:00,22.14
2011-05-08 10:11:00,251.75
2011-05-08 10:20:00,187.98000000000002
2011-05-08 10:21:00,158.26
2011-05-08 10:33:00,187.16
2011-05-08 10:43:00,327.85
2011-05-08 11:08:00,386.72
2011-05-08 11:13:00,253.47
2011-05-08 11:21:00,480.46000000000004
2011-05-08 11:34:00,280.6
2011-05-08 11:37:00,862.53
2011-05-08 11:38:00,509.46999999999997
2011-05-08 11:41:00,847.1800000000001
2011-05-08 11:49:00,544.17
2011-05-08 11:52:00,287.89
2011-05-08 11:56:00,105.55
2011-05-08 12:00:00,150.35
2011-05-08 12:13:00,1128.94
2011-05-08 12:26:00,348.3
2011-05-08 12:30:00,236.10000000000002
2011-05-08 12:31:00,342.28000000000003
2011-05-08 12:34:00,354.8
2011-05-08 12:36:00,199.11
2011-05-08 12:38:00,312.4
2011-05-08 12:39:00,141.85999999999999
2011-05-08 12:42:00,938.85
2011-05-08 12:44:00,364.23
2011-05-08 12:48:00,431.7
2011-05-08 12:58:00,350.9
2011-05-08 13:07:00,205.37
2011-05-08 13:19:00,107.0
2011-05-08 13:20:00,302.44
2011-05-08 13:24:00,5.55
2011-05-08 13:32:00,369.75
2011-05-08 14:00:00,406.1
2011-05-08 14:02:00,38.2
2011-05-08 14:05:00,173.12
2011-05-08 14:06:00,193.35000000000002
2011-05-08 14:08:00,251.01999999999998
2011-05-08 14:09:00,356.92
2011-05-08 14:10:00,134.65
2011-05-08 14:18:00,236.46
2011-05-08 14:44:00,114.05
2011-05-08 14:59:00,97.09
2011-05-08 15:15:00,431.07
2011-05-08 15:16:00,119.75
2011-05-08 15:20:00,379.84
2011-05-08 15:21:00,302.4
2011-05-08 15:22:00,802.29
2011-05-08 15:58:00,214.5
2011-05-08 16:03:00,760.52
2011-05-08 16:06:00,90.6
2011-05-08 16:10:00,1092.43
2011-05-08 16:11:00,334.71000000000004
2011-05-08 16:13:00,377.36
2011-05-09 08:23:00,59.050000000000004
2011-05-09 08:26:00,247.79999999999998
2011-05-09 09:15:00,368.26
2011-05-09 09:16:00,289.0
2011-05-09 09:33:00,239.4
2011-05-09 09:46:00,681.5
2011-05-09 09:47:00,331.5
2011-05-09 10:02:00,309.19
2011-05-09 10:03:00,500.85
2011-05-09 10:06:00,315.3
2011-05-09 10:13:00,357.3
2011-05-09 10:24:00,335.11
2011-05-09 10:38:00,553.35
2011-05-09 11:26:00,399.15
2011-05-09 11:34:00,667.11
2011-05-09 12:04:00,417.0
2011-05-09 12:05:00,816.0
2011-05-09 12:07:00,738.0
2011-05-09 12:14:00,360.29
2011-05-09 12:16:00,227.62
2011-05-09 12:20:00,815.78
2011-05-09 12:25:00,676.66
2011-05-09 12:28:00,101.17999999999999
2011-05-09 12:29:00,301.15000000000003
2011-05-09 12:30:00,109.05
2011-05-09 12:39:00,305.02
2011-05-09 12:40:00,118.49
2011-05-09 12:42:00,331.7
2011-05-09 12:58:00,160.65
2011-05-09 13:03:00,342.78000000000003
2011-05-09 13:10:00,172.18
2011-05-09 13:27:00,667.61
2011-05-09 13:28:00,351.83
2011-05-09 13:43:00,37.5
2011-05-09 13:45:00,111.15
2011-05-09 13:49:00,459.4
2011-05-09 13:51:00,967.52
2011-05-09 13:59:00,352.54
2011-05-09 14:02:00,148.08
2011-05-09 14:10:00,723.9
2011-05-09 14:22:00,652.8
2011-05-09 14:40:00,711.94
2011-05-09 14:44:00,1051.6000000000001
2011-05-09 14:54:00,109.13000000000001
2011-05-09 15:12:00,223.4
2011-05-09 15:17:00,181.54
2011-05-09 15:21:00,443.65999999999997
2011-05-09 15:29:00,485.76
2011-05-09 15:33:00,360.18
2011-05-09 15:34:00,451.25
2011-05-09 15:48:00,251.6
2011-05-09 15:51:00,92.72
2011-05-09 16:01:00,300.29999999999995
2011-05-09 16:02:00,81.36
2011-05-09 16:35:00,71.82
2011-05-09 16:38:00,330.0
2011-05-09 16:42:00,147.15
2011-05-09 16:59:00,172.95
2011-05-09 17:24:00,38.3
2011-05-10 08:58:00,344.86
2011-05-10 09:35:00,298.43
2011-05-10 09:39:00,521.49
2011-05-10 09:41:00,456.55
2011-05-10 10:00:00,314.6
2011-05-10 10:11:00,125.98
2011-05-10 10:20:00,319.12
2011-05-10 10:22:00,480.90000000000003
2011-05-10 10:29:00,319.81
2011-05-10 10:30:00,188.8
2011-05-10 10:34:00,1077.4
2011-05-10 10:35:00,137.9
2011-05-10 10:39:00,334.71
2011-05-10 10:43:00,1560.3400000000001
2011-05-10 10:45:00,160.66
2011-05-10 11:04:00,319.51
2011-05-10 11:20:00,314.26
2011-05-10 11:31:00,404.70000000000005
2011-05-10 11:33:00,357.15000000000003
2011-05-10 11:44:00,313.93
2011-05-10 11:48:00,791.33
2011-05-10 11:49:00,44.550000000000004
2011-05-10 11:50:00,323.7
2011-05-10 11:54:00,2044.3700000000001
2011-05-10 11:55:00,314.55
2011-05-10 11:56:00,716.0
2011-05-10 12:00:00,77.19999999999999
2011-05-10 12:08:00,340.05
2011-05-10 12:11:00,2944.7
2011-05-10 12:12:00,37.8
2011-05-10 12:20:00,2764.29
2011-05-10 12:25:00,165.44
2011-05-10 12:26:00,41.6
2011-05-10 12:28:00,62.400000000000006
2011-05-10 12:51:00,562.54
2011-05-10 12:53:00,647.76
2011-05-10 12:55:00,489.1
2011-05-10 13:00:00,522.96
2011-05-10 13:18:00,129.35
2011-05-10 13:19:00,186.91
2011-05-10 13:20:00,653.98
2011-05-10 13:22:00,426.6
2011-05-10 13:24:00,155.35
2011-05-10 13:25:00,370.79999999999995
2011-05-10 13:26:00,124.80999999999999
2011-05-10 13:33:00,16.5
2011-05-10 13:40:00,195.0
2011-05-10 13:44:00,231.8
2011-05-10 14:09:00,549.1
2011-05-10 14:20:00,125.53
2011-05-10 14:22:00,195.13
2011-05-10 14:46:00,565.25
2011-05-10 14:51:00,256.15999999999997
2011-05-10 14:57:00,221.15
2011-05-10 15:04:00,300.1
2011-05-10 15:05:00,656.86
2011-05-10 15:10:00,304.44
2011-05-10 15:19:00,311.3
2011-05-10 15:22:00,21.599999999999998
2011-05-10 15:25:00,859.1
2011-05-10 15:31:00,852.68
2011-05-10 15:48:00,95.94
2011-05-10 15:49:00,54.6
2011-05-10 15:52:00,302.28000000000003
2011-05-10 16:00:00,251.29
2011-05-10 16:19:00,215.65
2011-05-11 07:35:00,1974.06
2011-05-11 08:32:00,361.32
2011-05-11 08:34:00,237.04999999999998
2011-05-11 09:28:00,316.09
2011-05-11 09:35:00,305.26
2011-05-11 09:36:00,24.900000000000002
2011-05-11 09:42:00,8.5
2011-05-11 09:55:00,439.6
2011-05-11 10:18:00,358.2
2011-05-11 10:29:00,879.92
2011-05-11 10:30:00,72.0
2011-05-11 10:31:00,405.53000000000003
2011-05-11 10:32:00,572.24
2011-05-11 10:35:00,765.4
2011-05-11 10:36:00,39.599999999999994
2011-05-11 10:42:00,519.6
2011-05-11 10:43:00,515.7
2011-05-11 10:47:00,590.9499999999999
2011-05-11 10:49:00,1520.71
2011-05-11 11:34:00,208.56
2011-05-11 11:47:00,166.66
2011-05-11 11:57:00,217.81
2011-05-11 12:13:00,194.63
2011-05-11 12:14:00,1024.8
2011-05-11 12:15:00,237.60000000000002
2011-05-11 12:23:00,166.94
2011-05-11 12:32:00,707.88
2011-05-11 12:36:00,85.0
2011-05-11 12:43:00,1798.33
2011-05-11 12:44:00,314.47
2011-05-11 12:45:00,71.9
2011-05-11 12:46:00,16.95
2011-05-11 12:47:00,832.86
2011-05-11 12:48:00,102.3
2011-05-11 12:50:00,1440.96
2011-05-11 12:53:00,722.41
2011-05-11 12:58:00,248.02
2011-05-11 12:59:00,428.69
2011-05-11 13:06:00,127.66
2011-05-11 13:16:00,508.63
2011-05-11 13:18:00,578.48
2011-05-11 13:20:00,1926.1299999999999
2011-05-11 13:23:00,305.24
2011-05-11 13:42:00,465.85999999999996
2011-05-11 13:49:00,431.6
2011-05-11 14:12:00,348.15000000000003
2011-05-11 14:14:00,931.4999999999999
2011-05-11 14:17:00,326.19
2011-05-11 14:24:00,296.06
2011-05-11 14:25:00,822.03
2011-05-11 14:29:00,56.65
2011-05-11 14:37:00,1313.17
2011-05-11 14:38:00,288.0
2011-05-11 14:42:00,182.45
2011-05-11 14:49:00,61.95000000000001
2011-05-11 14:54:00,61.95000000000001
2011-05-11 15:07:00,1381.3
2011-05-11 15:08:00,416.45
2011-05-11 15:13:00,66.14
2011-05-11 15:16:00,300.71
2011-05-11 15:17:00,514.08
2011-05-11 16:10:00,123.52000000000001
2011-05-11 16:26:00,102.02
2011-05-11 16:28:00,27.310000000000002
2011-05-11 17:13:00,1031.07
2011-05-12 08:36:00,1105.0
2011-05-12 08:39:00,5.04
2011-05-12 08:41:00,367.75
2011-05-12 08:42:00,123.5
2011-05-12 08:52:00,228.87
2011-05-12 09:09:00,766.9
2011-05-12 09:11:00,46.0
2011-05-12 09:40:00,918.4
2011-05-12 09:41:00,186.52
2011-05-12 09:49:00,310.56
2011-05-12 09:54:00,967.2
2011-05-12 09:55:00,738.6
2011-05-12 09:59:00,340.34000000000003
2011-05-12 10:03:00,161.04
2011-05-12 10:10:00,1792.72
2011-05-12 10:13:00,14415.74
2011-05-12 10:15:00,451.82
2011-05-12 10:18:00,466.12
2011-05-12 10:22:00,40.8
2011-05-12 10:23:00,2613.36
2011-05-12 10:45:00,722.1
2011-05-12 10:49:00,455.18
2011-05-12 10:53:00,108.94
2011-05-12 11:07:00,1177.0
2011-05-12 11:10:00,656.3
2011-05-12 11:44:00,171.92
2011-05-12 11:50:00,296.53
2011-05-12 11:57:00,172.1
2011-05-12 11:59:00,311.86
2011-05-12 12:01:00,1280.22
2011-05-12 12:05:00,334.54
2011-05-12 12:10:00,157.54000000000002
2011-05-12 12:11:00,561.81
2011-05-12 12:30:00,765.0600000000001
2011-05-12 12:34:00,475.16
2011-05-12 12:36:00,2557.88
2011-05-12 12:49:00,463.2
2011-05-12 12:53:00,827.3000000000001
2011-05-12 12:54:00,348.26
2011-05-12 12:56:00,719.15
2011-05-12 12:57:00,270.69
2011-05-12 13:05:00,305.21
2011-05-12 13:10:00,400.98
2011-05-12 13:12:00,101.4
2011-05-12 13:33:00,148.22
2011-05-12 13:37:00,302.8
2011-05-12 13:41:00,522.4200000000001
2011-05-12 13:43:00,224.54000000000002
2011-05-12 13:53:00,269.88
2011-05-12 13:54:00,77.24000000000001
2011-05-12 13:58:00,589.01
2011-05-12 14:13:00,234.47
2011-05-12 14:46:00,9341.26
2011-05-12 14:52:00,523.0
2011-05-12 15:17:00,581.0
2011-05-12 15:21:00,62.120000000000005
2011-05-12 15:23:00,317.59999999999997
2011-05-12 15:26:00,265.14
2011-05-12 15:32:00,7.800000000000001
2011-05-12 16:11:00,261.97
2011-05-12 16:29:00,416.32
2011-05-12 16:45:00,560.35
2011-05-12 16:50:00,635.66
2011-05-12 16:52:00,564.64
2011-05-12 17:03:00,309.05
2011-05-12 18:13:00,392.54999999999995
2011-05-12 18:49:00,640.01
2011-05-12 18:55:00,56.2
2011-05-12 18:58:00,7.5
2011-05-12 19:01:00,602.83
2011-05-12 19:02:00,557.72
2011-05-12 19:22:00,600.36
2011-05-12 19:23:00,59.8
2011-05-12 20:03:00,582.59
2011-05-12 20:13:00,500.9
2011-05-13 08:09:00,340.88
2011-05-13 08:10:00,774.5999999999999
2011-05-13 08:11:00,106.6
2011-05-13 08:21:00,600.63
2011-05-13 08:58:00,231.4
2011-05-13 09:01:00,304.58
2011-05-13 09:21:00,750.0
2011-05-13 09:24:00,495.98
2011-05-13 09:33:00,1351.45
2011-05-13 09:37:00,314.0
2011-05-13 09:38:00,19.799999999999997
2011-05-13 10:02:00,612.08
2011-05-13 10:03:00,16.5
2011-05-13 10:09:00,344.15
2011-05-13 10:11:00,19.5
2011-05-13 10:14:00,1249.7
2011-05-13 10:20:00,304.8
2011-05-13 10:22:00,173.07
2011-05-13 10:35:00,341.52
2011-05-13 10:37:00,16.95
2011-05-13 10:41:00,407.35
2011-05-13 10:44:00,971.1
2011-05-13 11:12:00,262.25
2011-05-13 11:25:00,821.0
2011-05-13 11:38:00,311.3
2011-05-13 11:39:00,51.4
2011-05-13 11:44:00,1110.51
2011-05-13 11:45:00,413.37
2011-05-13 11:53:00,1147.15
2011-05-13 11:54:00,976.34
2011-05-13 11:56:00,127.49999999999999
2011-05-13 11:58:00,892.62
2011-05-13 12:12:00,850.72
2011-05-13 12:13:00,507.14
2011-05-13 12:34:00,141.3
2011-05-13 12:41:00,222.77
2011-05-13 12:44:00,212.39999999999998
2011-05-13 12:50:00,568.6
2011-05-13 12:53:00,115.54
2011-05-13 13:01:00,251.18
2011-05-13 13:05:00,90.84
2011-05-13 13:15:00,89.25
2011-05-13 13:29:00,619.5
2011-05-13 13:50:00,309.6
2011-05-13 13:52:00,519.68
2011-05-13 14:16:00,726.1
2011-05-13 14:53:00,692.96
2011-05-13 14:55:00,375.45
2011-05-13 14:56:00,17.4
2011-05-13 14:57:00,418.0
2011-05-13 14:58:00,240.73
2011-05-13 15:24:00,689.4200000000001
2011-05-13 15:25:00,383.06
2011-05-13 15:26:00,85.36
2011-05-13 15:48:00,415.28000000000003
2011-05-13 16:12:00,166.48000000000002
2011-05-13 16:14:00,306.0
2011-05-13 16:24:00,308.3
2011-05-13 16:26:00,103.5
2011-05-13 16:57:00,223.44
2011-05-13 17:15:00,132.0
2011-05-13 17:34:00,243.75
2011-05-15 11:04:00,127.45
2011-05-15 11:22:00,112.8
2011-05-15 11:23:00,205.74
2011-05-15 11:29:00,120.27
2011-05-15 11:30:00,125.8
2011-05-15 11:35:00,212.4
2011-05-15 11:43:00,159.0
2011-05-15 12:21:00,2423.6
2011-05-15 12:31:00,305.45000000000005
2011-05-15 12:33:00,314.26
2011-05-15 12:35:00,537.49
2011-05-15 12:46:00,388.20000000000005
2011-05-15 12:53:00,128.8
2011-05-15 12:55:00,209.18
2011-05-15 13:14:00,614.13
2011-05-15 13:22:00,185.22
2011-05-15 13:27:00,1028.56
2011-05-15 13:31:00,136.9
2011-05-15 13:37:00,277.81
2011-05-15 13:45:00,151.4
2011-05-15 14:15:00,45.7
2011-05-15 14:32:00,63.440000000000005
2011-05-15 14:48:00,298.99
2011-05-15 15:13:00,176.71
2011-05-15 15:14:00,406.28
2011-05-15 15:31:00,25.75
2011-05-15 16:02:00,217.19
2011-05-15 16:10:00,603.78
2011-05-15 16:13:00,77.75
2011-05-16 08:13:00,533.26
2011-05-16 08:16:00,1543.0
2011-05-16 09:02:00,382.35
2011-05-16 09:10:00,586.74
2011-05-16 09:23:00,266.7
2011-05-16 09:40:00,1573.08
2011-05-16 09:42:00,104.15999999999998
2011-05-16 09:49:00,1100.74
2011-05-16 09:50:00,205.88
2011-05-16 09:52:00,438.8
2011-05-16 09:54:00,134.10000000000002
2011-05-16 09:57:00,1050.98
2011-05-16 09:58:00,327.0
2011-05-16 10:28:00,72.4
2011-05-16 10:40:00,208.2
2011-05-16 10:41:00,283.32
2011-05-16 10:43:00,124.7
2011-05-16 10:46:00,150.4
2011-05-16 10:48:00,448.34
2011-05-16 10:50:00,496.49
2011-05-16 11:13:00,345.42
2011-05-16 11:31:00,109.32000000000001
2011-05-16 12:03:00,1203.3200000000002
2011-05-16 12:04:00,483.32
2011-05-16 12:05:00,33.0
2011-05-16 12:19:00,1820.64
2011-05-16 12:20:00,1122.2
2011-05-16 12:25:00,307.88
2011-05-16 12:26:00,125.55
2011-05-16 12:35:00,307.73
2011-05-16 12:45:00,298.8
2011-05-16 12:53:00,533.7
2011-05-16 12:57:00,306.45
2011-05-16 12:59:00,560.27
2011-05-16 13:20:00,754.8100000000001
2011-05-16 13:32:00,132.0
2011-05-16 13:35:00,311.7
2011-05-16 13:41:00,239.48
2011-05-16 14:05:00,716.32
2011-05-16 14:17:00,30.0
2011-05-16 14:19:00,373.4
2011-05-16 14:24:00,8895.66
2011-05-16 14:30:00,474.85
2011-05-16 14:32:00,245.88
2011-05-16 14:51:00,463.38
2011-05-16 14:52:00,204.9
2011-05-16 14:53:00,979.3199999999999
2011-05-16 14:58:00,369.2
2011-05-16 15:28:00,368.76
2011-05-16 15:29:00,195.0
2011-05-16 15:34:00,207.66
2011-05-16 15:47:00,202.24
2011-05-16 15:48:00,403.26
2011-05-16 15:53:00,600.3
2011-05-16 16:22:00,655.24
2011-05-16 16:36:00,120.82000000000001
2011-05-16 16:41:00,466.28000000000003
2011-05-16 16:44:00,608.16
2011-05-16 17:13:00,99.84
2011-05-17 08:18:00,159.49
2011-05-17 08:34:00,392.88
2011-05-17 08:37:00,581.6
2011-05-17 08:38:00,77.5
2011-05-17 09:13:00,357.98
2011-05-17 09:24:00,125.28
2011-05-17 09:28:00,793.62
2011-05-17 09:40:00,61.5
2011-05-17 10:02:00,297.38
2011-05-17 10:04:00,422.28000000000003
2011-05-17 10:08:00,631.49
2011-05-17 10:10:00,520.35
2011-05-17 10:14:00,306.85
2011-05-17 10:23:00,139.79999999999998
2011-05-17 10:27:00,130.0
2011-05-17 10:28:00,187.42000000000002
2011-05-17 10:36:00,100.98
2011-05-17 10:57:00,1243.75
2011-05-17 11:02:00,927.45
2011-05-17 11:07:00,925.16
2011-05-17 11:09:00,116.0
2011-05-17 11:10:00,259.2
2011-05-17 11:11:00,159.0
2011-05-17 11:14:00,921.5999999999999
2011-05-17 11:15:00,905.76
2011-05-17 11:27:00,5410.0599999999995
2011-05-17 11:28:00,3510.61
2011-05-17 11:29:00,276.48
2011-05-17 11:31:00,866.4
2011-05-17 11:41:00,551.03
2011-05-17 11:46:00,319.21000000000004
2011-05-17 12:21:00,298.6
2011-05-17 12:25:00,326.48
2011-05-17 12:38:00,564.96
2011-05-17 12:40:00,135.35
2011-05-17 12:43:00,467.43
2011-05-17 12:44:00,283.43
2011-05-17 12:47:00,122.2
2011-05-17 12:49:00,75.8
2011-05-17 12:56:00,302.1
2011-05-17 12:57:00,210.35000000000002
2011-05-17 12:58:00,39.0
2011-05-17 12:59:00,9.9
2011-05-17 13:20:00,111.14
2011-05-17 13:26:00,407.47
2011-05-17 13:27:00,677.8
2011-05-17 13:29:00,38.6
2011-05-17 13:35:00,215.15
2011-05-17 13:44:00,194.38
2011-05-17 14:03:00,139.19
2011-05-17 14:32:00,103.83
2011-05-17 14:43:00,274.29
2011-05-17 14:46:00,247.29
2011-05-17 14:50:00,127.28999999999999
2011-05-17 14:54:00,131.0
2011-05-17 14:57:00,1069.47
2011-05-17 15:25:00,303.17
2011-05-17 15:26:00,140.31
2011-05-17 15:32:00,2649.52
2011-05-17 15:42:00,11924.800000000001
2011-05-17 15:48:00,760.28
2011-05-17 16:21:00,850.0
2011-05-17 16:23:00,539.8
2011-05-17 16:32:00,447.71000000000004
2011-05-17 16:48:00,165.39
2011-05-17 16:49:00,81.5
2011-05-17 17:12:00,293.0
2011-05-18 09:01:00,486.99
2011-05-18 09:09:00,389.01
2011-05-18 09:13:00,32.849999999999994
2011-05-18 09:23:00,399.21000000000004
2011-05-18 09:35:00,132.4
2011-05-18 09:37:00,591.65
2011-05-18 09:52:00,2.9
2011-05-18 09:59:00,1373.46
2011-05-18 10:08:00,427.97
2011-05-18 10:29:00,664.0
2011-05-18 10:34:00,368.2
2011-05-18 10:39:00,375.96000000000004
2011-05-18 10:41:00,306.90999999999997
2011-05-18 10:47:00,5176.12
2011-05-18 10:48:00,585.7
2011-05-18 10:50:00,822.5999999999999
2011-05-18 10:56:00,193.75
2011-05-18 11:02:00,123.36
2011-05-18 11:08:00,524.99
2011-05-18 11:14:00,114.7
2011-05-18 11:28:00,174.51
2011-05-18 11:42:00,554.42
2011-05-18 11:58:00,177.43
2011-05-18 11:59:00,1384.25
2011-05-18 12:07:00,224.47
2011-05-18 12:13:00,159.65
2011-05-18 12:15:00,99.0
2011-05-18 12:18:00,112.32000000000001
2011-05-18 12:21:00,391.75
2011-05-18 12:28:00,645.5
2011-05-18 12:37:00,527.8
2011-05-18 12:44:00,397.51
2011-05-18 12:46:00,600.39
2011-05-18 12:50:00,115.60000000000001
2011-05-18 12:52:00,205.84
2011-05-18 12:57:00,647.26
2011-05-18 12:58:00,162.0
2011-05-18 13:00:00,380.91
2011-05-18 13:09:00,710.14
2011-05-18 13:11:00,224.62
2011-05-18 13:13:00,152.17
2011-05-18 13:20:00,732.4
2011-05-18 13:50:00,285.1
2011-05-18 13:55:00,550.52
2011-05-18 13:56:00,799.38
2011-05-18 13:58:00,1414.36
2011-05-18 14:07:00,370.26
2011-05-18 14:08:00,978.92
2011-05-18 14:42:00,115.92
2011-05-18 14:50:00,167.64
2011-05-18 14:57:00,464.32
2011-05-18 15:23:00,302.64
2011-05-18 15:26:00,1026.27
2011-05-18 15:28:00,112.19999999999999
2011-05-18 15:29:00,454.34000000000003
2011-05-18 15:35:00,300.05
2011-05-18 15:39:00,538.1800000000001
2011-05-18 15:41:00,540.36
2011-05-18 15:47:00,325.4
2011-05-18 15:55:00,213.05
2011-05-18 16:26:00,236.0
2011-05-18 16:37:00,628.1899999999999
2011-05-18 16:50:00,439.39
2011-05-18 16:51:00,310.04
2011-05-18 16:52:00,259.32
2011-05-18 16:56:00,178.35
2011-05-19 07:49:00,555.46
2011-05-19 08:26:00,738.96
2011-05-19 08:27:00,134.82
2011-05-19 08:29:00,92.10000000000001
2011-05-19 08:31:00,147.54
2011-05-19 08:32:00,36.0
2011-05-19 08:33:00,60.0
2011-05-19 08:50:00,479.65
2011-05-19 08:55:00,305.36
2011-05-19 09:23:00,1073.09
2011-05-19 09:31:00,127.75
2011-05-19 09:37:00,463.59999999999997
2011-05-19 09:38:00,310.5
2011-05-19 09:47:00,294.73
2011-05-19 09:59:00,253.8
2011-05-19 10:16:00,755.08
2011-05-19 10:20:00,211.55
2011-05-19 10:22:00,259.20000000000005
2011-05-19 10:25:00,194.11999999999998
2011-05-19 10:32:00,367.2
2011-05-19 10:38:00,414.77
2011-05-19 10:43:00,171.45
2011-05-19 10:54:00,139.15
2011-05-19 11:24:00,862.89
2011-05-19 11:28:00,188.1
2011-05-19 11:32:00,155.9
2011-05-19 11:36:00,914.24
2011-05-19 11:38:00,384.58
2011-05-19 11:41:00,222.31
2011-05-19 11:47:00,696.0999999999999
2011-05-19 11:50:00,181.1
2011-05-19 12:08:00,566.18
2011-05-19 12:09:00,24.96
2011-05-19 12:10:00,561.66
2011-05-19 12:13:00,87.7
2011-05-19 12:24:00,400.88
2011-05-19 12:29:00,352.85
2011-05-19 12:36:00,437.94
2011-05-19 12:38:00,727.0
2011-05-19 12:40:00,299.45000000000005
2011-05-19 12:41:00,16.6
2011-05-19 12:50:00,284.76
2011-05-19 12:59:00,141.54000000000002
2011-05-19 13:05:00,448.83
2011-05-19 13:08:00,129.95000000000002
2011-05-19 13:16:00,310.5
2011-05-19 13:28:00,206.25
2011-05-19 13:35:00,595.7
2011-05-19 13:57:00,184.95
2011-05-19 13:58:00,314.03
2011-05-19 14:05:00,446.82
2011-05-19 14:08:00,136.78
2011-05-19 14:19:00,451.70000000000005
2011-05-19 14:24:00,189.60000000000002
2011-05-19 14:27:00,848.78
2011-05-19 14:29:00,267.55
2011-05-19 14:30:00,7.5
2011-05-19 14:35:00,343.08
2011-05-19 14:42:00,296.86
2011-05-19 14:44:00,16.5
2011-05-19 14:45:00,319.37
2011-05-19 14:56:00,347.26
2011-05-19 15:15:00,1223.24
2011-05-19 15:24:00,318.24
2011-05-19 15:30:00,249.3
2011-05-19 15:31:00,100.80000000000001
2011-05-19 15:36:00,202.26000000000002
2011-05-19 15:41:00,140.6
2011-05-19 15:53:00,340.5
2011-05-19 16:04:00,192.3
2011-05-19 16:09:00,300.79
2011-05-19 16:31:00,397.40000000000003
2011-05-19 16:47:00,682.4
2011-05-19 16:56:00,140.70000000000002
2011-05-19 17:13:00,323.95
2011-05-19 17:15:00,933.3
2011-05-19 17:18:00,116.5
2011-05-19 17:22:00,349.55
2011-05-19 17:23:00,409.06000000000006
2011-05-19 17:25:00,662.21
2011-05-19 17:47:00,89.0
2011-05-19 17:48:00,936.34
2011-05-19 18:02:00,121.09
2011-05-19 18:21:00,125.43
2011-05-19 18:28:00,311.3
2011-05-19 19:00:00,163.60000000000002
2011-05-19 19:02:00,191.67
2011-05-19 19:32:00,533.57
2011-05-19 19:47:00,456.57
2011-05-19 19:51:00,587.21
2011-05-20 08:18:00,127.59
2011-05-20 08:30:00,118.55
2011-05-20 08:39:00,273.44
2011-05-20 08:41:00,1005.7
2011-05-20 08:57:00,381.45000000000005
2011-05-20 09:08:00,394.0
2011-05-20 09:24:00,211.73000000000002
2011-05-20 09:30:00,279.02
2011-05-20 09:38:00,373.72
2011-05-20 09:47:00,17.0
2011-05-20 09:56:00,784.92
2011-05-20 10:02:00,392.4
2011-05-20 10:04:00,104.39999999999999
2011-05-20 10:22:00,392.4
2011-05-20 10:27:00,380.32
2011-05-20 10:29:00,124.8
2011-05-20 10:30:00,573.6600000000001
2011-05-20 10:31:00,38.2
2011-05-20 10:32:00,843.97
2011-05-20 10:33:00,171.29
2011-05-20 10:35:00,115.6
2011-05-20 10:36:00,419.8
2011-05-20 10:37:00,1338.95
2011-05-20 10:48:00,691.54
2011-05-20 10:50:00,59.8
2011-05-20 11:03:00,1692.0
2011-05-20 11:07:00,481.70000000000005
2011-05-20 11:33:00,346.4
2011-05-20 11:34:00,1118.3999999999999
2011-05-20 11:53:00,200.45999999999998
2011-05-20 12:17:00,504.0
2011-05-20 12:26:00,8.25
2011-05-20 12:31:00,131.7
2011-05-20 12:38:00,434.6
2011-05-20 13:13:00,909.35
2011-05-20 13:14:00,1000.07
2011-05-20 13:15:00,79.3
2011-05-20 13:16:00,455.82000000000005
2011-05-20 13:34:00,648.72
2011-05-20 13:40:00,194.4
2011-05-20 13:43:00,809.9200000000001
2011-05-20 13:56:00,718.64
2011-05-20 13:58:00,144.38
2011-05-20 14:04:00,130.8
2011-05-20 14:06:00,686.66
2011-05-20 14:07:00,63.9
2011-05-20 14:11:00,288.98
2011-05-20 14:13:00,766.3599999999999
2011-05-20 14:23:00,294.72
2011-05-20 14:27:00,770.5
2011-05-20 14:35:00,362.19
2011-05-20 14:41:00,15.0
2011-05-20 14:47:00,232.48
2011-05-20 14:54:00,168.49
2011-05-20 14:56:00,118.80000000000001
2011-05-20 14:58:00,3.8
2011-05-20 15:08:00,143.6
2011-05-20 15:39:00,303.46000000000004
2011-05-20 15:52:00,578.5500000000001
2011-05-20 16:04:00,213.07
2011-05-20 16:25:00,458.94
2011-05-20 16:55:00,380.0
2011-05-20 16:56:00,17.0
2011-05-22 10:21:00,374.59999999999997
2011-05-22 10:27:00,300.0
2011-05-22 10:29:00,183.60000000000002
2011-05-22 10:39:00,765.28
2011-05-22 10:40:00,815.15
2011-05-22 10:47:00,227.57999999999998
2011-05-22 10:53:00,86.5
2011-05-22 10:57:00,508.11
2011-05-22 11:06:00,976.12
2011-05-22 11:17:00,1961.05
2011-05-22 11:24:00,613.93
2011-05-22 11:26:00,117.66
2011-05-22 11:28:00,184.55
2011-05-22 11:29:00,316.95
2011-05-22 11:30:00,369.76
2011-05-22 11:34:00,145.9
2011-05-22 11:38:00,40.56
2011-05-22 11:41:00,313.59000000000003
2011-05-22 11:42:00,230.60999999999999
2011-05-22 11:47:00,257.7
2011-05-22 11:49:00,219.96
2011-05-22 11:51:00,212.93
2011-05-22 11:52:00,624.92
2011-05-22 11:53:00,182.6
2011-05-22 11:54:00,134.5
2011-05-22 12:03:00,276.12
2011-05-22 12:12:00,513.9300000000001
2011-05-22 12:16:00,475.19
2011-05-22 12:22:00,117.93
2011-05-22 12:35:00,152.34
2011-05-22 12:41:00,306.13
2011-05-22 12:49:00,732.34
2011-05-22 12:51:00,923.81
2011-05-22 13:01:00,3221.78
2011-05-22 13:20:00,797.65
2011-05-22 13:29:00,223.7
2011-05-22 13:40:00,243.22
2011-05-22 13:51:00,379.40999999999997
2011-05-22 14:03:00,984.85
2011-05-22 14:04:00,213.06
2011-05-22 14:05:00,718.96
2011-05-22 14:09:00,205.7
2011-05-22 14:29:00,318.51
2011-05-22 14:33:00,205.5
2011-05-22 14:35:00,111.4
2011-05-22 14:40:00,114.60000000000001
2011-05-22 14:44:00,305.1
2011-05-22 14:53:00,403.23
2011-05-22 15:00:00,180.94
2011-05-22 15:03:00,92.7
2011-05-22 15:11:00,36.91
2011-05-22 15:12:00,1004.3199999999999
2011-05-22 15:26:00,238.98
2011-05-22 15:27:00,53.8
2011-05-22 15:28:00,57.3
2011-05-22 15:31:00,142.65
2011-05-22 15:37:00,143.1
2011-05-22 15:44:00,171.82
2011-05-23 08:31:00,860.12
2011-05-23 08:52:00,399.15
2011-05-23 09:14:00,472.09
2011-05-23 09:39:00,306.34000000000003
2011-05-23 09:42:00,204.0
2011-05-23 09:43:00,1808.6
2011-05-23 09:48:00,421.96
2011-05-23 09:58:00,92.92
2011-05-23 10:13:00,371.95
2011-05-23 10:21:00,35.400000000000006
2011-05-23 10:34:00,1059.1100000000001
2011-05-23 10:38:00,471.6
2011-05-23 10:45:00,156.6
2011-05-23 10:48:00,333.82
2011-05-23 11:07:00,2026.6299999999999
2011-05-23 11:26:00,1241.98
2011-05-23 11:28:00,366.0
2011-05-23 11:33:00,99.47
2011-05-23 11:44:00,465.43
2011-05-23 11:48:00,147.0
2011-05-23 11:49:00,354.48
2011-05-23 11:52:00,581.04
2011-05-23 11:58:00,398.05
2011-05-23 12:09:00,486.7
2011-05-23 12:14:00,188.16
2011-05-23 12:15:00,1.95
2011-05-23 12:32:00,591.18
2011-05-23 12:35:00,138.2
2011-05-23 12:59:00,638.24
2011-05-23 13:03:00,62.4
2011-05-23 13:05:00,439.52
2011-05-23 13:06:00,1733.8500000000001
2011-05-23 13:08:00,2843.6
2011-05-23 13:12:00,113.55
2011-05-23 13:17:00,686.47
2011-05-23 13:20:00,127.2
2011-05-23 13:25:00,378.69
2011-05-23 13:28:00,415.00000000000006
2011-05-23 13:35:00,529.5500000000001
2011-05-23 13:41:00,318.55
2011-05-23 14:01:00,1742.8
2011-05-23 14:11:00,1044.54
2011-05-23 14:14:00,12.64
2011-05-23 14:16:00,386.96
2011-05-23 14:18:00,306.96
2011-05-23 14:46:00,1241.98
2011-05-23 14:58:00,557.72
2011-05-23 14:59:00,1036.33
2011-05-23 15:00:00,241.20000000000002
2011-05-23 15:29:00,308.61
2011-05-23 15:33:00,440.4
2011-05-23 15:38:00,641.9
2011-05-23 16:32:00,339.59999999999997
2011-05-23 16:52:00,379.40000000000003
2011-05-23 17:25:00,259.9
2011-05-24 08:21:00,720.4
2011-05-24 08:49:00,1974.32
2011-05-24 08:51:00,106.75
2011-05-24 08:53:00,176.1
2011-05-24 09:10:00,1541.16
2011-05-24 09:12:00,39.900000000000006
2011-05-24 09:20:00,249.55
2011-05-24 09:25:00,393.34
2011-05-24 09:26:00,353.34000000000003
2011-05-24 09:32:00,2825.3999999999996
2011-05-24 09:56:00,301.55
2011-05-24 10:17:00,150.35
2011-05-24 10:19:00,293.25
2011-05-24 10:21:00,264.0
2011-05-24 10:22:00,688.0600000000001
2011-05-24 10:24:00,9705.63
2011-05-24 10:33:00,257.39
2011-05-24 10:34:00,9.959999999999999
2011-05-24 10:35:00,62.099999999999994
2011-05-24 10:42:00,595.29
2011-05-24 10:50:00,301.14
2011-05-24 11:29:00,245.92
2011-05-24 11:31:00,491.71999999999997
2011-05-24 11:35:00,339.7
2011-05-24 11:45:00,580.36
2011-05-24 11:46:00,133.8
2011-05-24 11:55:00,610.93
2011-05-24 12:04:00,211.5
2011-05-24 12:10:00,747.24
2011-05-24 12:12:00,164.02
2011-05-24 12:14:00,138.87
2011-05-24 12:22:00,320.48
2011-05-24 12:36:00,300.8
2011-05-24 12:57:00,593.25
2011-05-24 13:02:00,302.88
2011-05-24 13:22:00,37.45
2011-05-24 13:27:00,146.5
2011-05-24 13:46:00,751.76
2011-05-24 13:50:00,336.77
2011-05-24 13:56:00,131.43
2011-05-24 14:00:00,729.07
2011-05-24 14:18:00,3.75
2011-05-24 14:25:00,452.0
2011-05-24 14:38:00,537.5
2011-05-24 14:39:00,327.97
2011-05-24 14:47:00,124.68
2011-05-24 15:06:00,337.92
2011-05-24 15:13:00,304.4
2011-05-24 15:14:00,159.56
2011-05-24 15:22:00,15.18
2011-05-24 15:29:00,317.16
2011-05-24 15:33:00,94.80000000000001
2011-05-24 15:45:00,113.73
2011-05-24 15:51:00,336.6
2011-05-24 15:56:00,342.46
2011-05-24 16:25:00,135.93
2011-05-24 17:03:00,468.01
2011-05-24 17:18:00,17.4
2011-05-24 17:34:00,50.0
2011-05-25 08:32:00,499.08
2011-05-25 09:18:00,157.25
2011-05-25 09:35:00,219.78
2011-05-25 09:37:00,79.56
2011-05-25 09:57:00,328.34999999999997
2011-05-25 09:58:00,2044.8400000000001
2011-05-25 10:02:00,262.54999999999995
2011-05-25 10:08:00,267.12
2011-05-25 10:11:00,829.63
2011-05-25 10:12:00,525.36
2011-05-25 10:35:00,631.3
2011-05-25 10:53:00,152.35
2011-05-25 10:56:00,469.0
2011-05-25 11:01:00,326.52
2011-05-25 11:12:00,260.04
2011-05-25 11:14:00,219.76999999999998
2011-05-25 11:21:00,119.82
2011-05-25 11:26:00,659.35
2011-05-25 11:34:00,431.46
2011-05-25 11:35:00,9.899999999999999
2011-05-25 11:41:00,66.0
2011-05-25 11:44:00,17.28
2011-05-25 11:45:00,117.75000000000001
2011-05-25 11:52:00,611.85
2011-05-25 11:58:00,206.46
2011-05-25 11:59:00,196.9
2011-05-25 12:00:00,163.2
2011-05-25 12:06:00,1249.9
2011-05-25 12:19:00,1392.0
2011-05-25 12:28:00,792.62
2011-05-25 12:34:00,767.67
2011-05-25 12:39:00,303.25
2011-05-25 12:44:00,444.96000000000004
2011-05-25 12:46:00,79.19999999999999
2011-05-25 12:54:00,568.74
2011-05-25 12:55:00,752.2099999999999
2011-05-25 13:34:00,615.36
2011-05-25 13:35:00,367.28000000000003
2011-05-25 13:36:00,230.55
2011-05-25 14:18:00,306.88
2011-05-25 14:29:00,172.24
2011-05-25 14:40:00,76.8
2011-05-25 14:44:00,349.94
2011-05-25 14:54:00,371.3
2011-05-25 15:18:00,374.82000000000005
2011-05-25 15:19:00,317.59999999999997
2011-05-25 15:31:00,480.96
2011-05-25 15:47:00,392.22
2011-05-25 15:54:00,387.1
2011-05-25 16:01:00,278.63
2011-05-25 16:08:00,311.5
2011-05-25 16:28:00,188.89000000000001
2011-05-25 17:12:00,219.46
2011-05-25 17:31:00,220.38
2011-05-26 08:38:00,301.35
2011-05-26 09:17:00,501.83000000000004
2011-05-26 09:18:00,139.03
2011-05-26 09:33:00,144.8
2011-05-26 09:45:00,385.81
2011-05-26 10:03:00,48.1
2011-05-26 10:09:00,418.95
2011-05-26 10:12:00,364.38
2011-05-26 10:13:00,57.900000000000006
2011-05-26 10:15:00,1090.76
2011-05-26 10:25:00,291.0
2011-05-26 10:35:00,1086.0
2011-05-26 10:37:00,537.0
2011-05-26 10:41:00,123.05
2011-05-26 10:43:00,594.98
2011-05-26 11:16:00,137.77
2011-05-26 11:36:00,75.0
2011-05-26 11:37:00,320.5
2011-05-26 11:38:00,341.6
2011-05-26 11:40:00,482.44
2011-05-26 11:43:00,5.8
2011-05-26 11:51:00,107.67
2011-05-26 12:00:00,304.3
2011-05-26 12:07:00,426.96
2011-05-26 12:12:00,5.8
2011-05-26 12:38:00,48.4
2011-05-26 12:41:00,215.51999999999998
2011-05-26 12:46:00,316.8
2011-05-26 12:52:00,610.5999999999999
2011-05-26 13:01:00,329.01
2011-05-26 13:13:00,196.73000000000002
2011-05-26 13:16:00,271.85
2011-05-26 13:21:00,252.32999999999998
2011-05-26 13:26:00,103.21000000000001
2011-05-26 13:34:00,895.44
2011-05-26 13:46:00,589.78
2011-05-26 14:01:00,100.44
2011-05-26 14:08:00,302.8
2011-05-26 14:09:00,478.38
2011-05-26 14:17:00,210.8
2011-05-26 14:20:00,426.43
2011-05-26 14:21:00,401.82
2011-05-26 14:45:00,309.41
2011-05-26 14:53:00,232.5
2011-05-26 15:19:00,8980.88
2011-05-26 15:30:00,282.86
2011-05-26 15:35:00,327.59999999999997
2011-05-26 16:11:00,201.97
2011-05-26 16:25:00,783.67
2011-05-26 16:30:00,362.27
2011-05-26 17:15:00,374.29
2011-05-26 17:16:00,398.0
2011-05-26 18:17:00,555.71
2011-05-26 19:13:00,330.42
2011-05-26 19:38:00,63.0
2011-05-26 19:49:00,5518.68
2011-05-27 09:15:00,388.18
2011-05-27 09:32:00,366.56
2011-05-27 09:39:00,354.45
2011-05-27 09:48:00,179.8
2011-05-27 10:15:00,222.18
2011-05-27 10:16:00,1063.8400000000001
2011-05-27 10:20:00,548.39
2011-05-27 10:29:00,716.73
2011-05-27 10:37:00,134.04
2011-05-27 10:41:00,493.27
2011-05-27 10:52:00,3096.0
2011-05-27 10:55:00,338.28000000000003
2011-05-27 11:41:00,670.61
2011-05-27 12:23:00,325.6
2011-05-27 12:26:00,82.79
2011-05-27 12:29:00,698.34
2011-05-27 12:38:00,537.0
2011-05-27 12:41:00,559.87
2011-05-27 12:44:00,411.59999999999997
2011-05-27 12:47:00,316.1
2011-05-27 12:48:00,89.7
2011-05-27 12:54:00,12.850000000000001
2011-05-27 13:00:00,191.4
2011-05-27 13:16:00,366.87
2011-05-27 13:17:00,252.0
2011-05-27 13:24:00,76.5
2011-05-27 13:26:00,260.21
2011-05-27 13:29:00,65.9
2011-05-27 13:30:00,680.17
2011-05-27 13:32:00,440.99
2011-05-27 13:34:00,726.43
2011-05-27 13:49:00,776.13
2011-05-27 13:53:00,127.19
2011-05-27 14:01:00,157.57999999999998
2011-05-27 14:10:00,556.3
2011-05-27 14:12:00,178.08
2011-05-27 14:22:00,379.82
2011-05-27 14:29:00,436.51
2011-05-27 14:44:00,327.66
2011-05-27 14:48:00,1085.98
2011-05-27 14:49:00,17.4
2011-05-27 14:50:00,179.67000000000002
2011-05-27 14:55:00,120.7
2011-05-27 15:32:00,314.1
2011-05-27 15:57:00,252.3
2011-05-27 16:00:00,67.15
2011-05-27 16:17:00,146.4
2011-05-27 16:24:00,94.41
2011-05-27 16:30:00,178.74
2011-05-27 17:14:00,1100.55
2011-05-29 10:40:00,843.0600000000001
2011-05-29 10:57:00,320.35
2011-05-29 11:03:00,121.0
2011-05-29 11:05:00,350.06
2011-05-29 11:34:00,161.58
2011-05-29 11:59:00,55.2
2011-05-29 12:06:00,415.04
2011-05-29 12:16:00,1155.6
2011-05-29 12:19:00,218.0
2011-05-29 12:26:00,582.73
2011-05-29 12:35:00,360.0
2011-05-29 12:48:00,68.65
2011-05-29 13:32:00,119.71000000000001
2011-05-29 13:50:00,102.34
2011-05-29 13:57:00,308.03999999999996
2011-05-29 14:03:00,142.0
2011-05-29 14:08:00,382.14
2011-05-29 14:13:00,247.14000000000001
2011-05-29 14:18:00,149.01
2011-05-29 14:23:00,161.71
2011-05-29 14:28:00,194.4
2011-05-29 15:35:00,529.11
2011-05-29 15:44:00,407.43
2011-05-31 08:03:00,263.13
2011-05-31 08:32:00,185.22000000000003
2011-05-31 08:50:00,350.12
2011-05-31 09:36:00,158.1
2011-05-31 09:37:00,105.35
2011-05-31 09:38:00,1093.44
2011-05-31 09:52:00,208.79999999999998
2011-05-31 10:24:00,382.70000000000005
2011-05-31 10:32:00,607.74
2011-05-31 10:38:00,213.12
2011-05-31 10:43:00,495.43
2011-05-31 10:45:00,613.54
2011-05-31 11:09:00,792.5
2011-05-31 11:14:00,213.05
2011-05-31 11:21:00,474.02
2011-05-31 11:22:00,49.5
2011-05-31 11:36:00,9.2
2011-05-31 11:39:00,129.32
2011-05-31 12:05:00,382.5
2011-05-31 12:11:00,374.87
2011-05-31 12:42:00,147.48
2011-05-31 12:50:00,170.02
2011-05-31 13:08:00,139.35
2011-05-31 13:15:00,74.96
2011-05-31 13:17:00,457.34
2011-05-31 13:32:00,1765.33
2011-05-31 13:38:00,177.60000000000002
2011-05-31 13:39:00,1154.8000000000002
2011-05-31 13:45:00,228.8
2011-05-31 13:50:00,84.72
2011-05-31 13:58:00,104.0
2011-05-31 14:02:00,816.0
2011-05-31 14:14:00,912.37
2011-05-31 14:18:00,671.02
2011-05-31 14:19:00,322.85
2011-05-31 14:34:00,197.55
2011-05-31 14:37:00,201.26999999999998
2011-05-31 14:48:00,427.47
2011-05-31 14:55:00,120.59
2011-05-31 15:16:00,317.3
2011-05-31 15:22:00,155.0
2011-05-31 15:26:00,863.14
2011-05-31 15:30:00,368.1
2011-05-31 15:32:00,309.54
2011-05-31 15:41:00,906.4
2011-06-01 07:37:00,39.45
2011-06-01 07:38:00,287.45
2011-06-01 08:38:00,1378.48
2011-06-01 09:06:00,90.75
2011-06-01 09:18:00,1799.6
2011-06-01 09:26:00,84.92
2011-06-01 10:15:00,672.1899999999999
2011-06-01 10:24:00,3623.2
2011-06-01 11:13:00,588.36
2011-06-01 11:27:00,416.28000000000003
2011-06-01 11:52:00,113.35
2011-06-01 12:05:00,371.98
2011-06-01 12:10:00,397.36
2011-06-01 12:11:00,110.55
2011-06-01 12:13:00,354.82
2011-06-01 12:19:00,421.73
2011-06-01 12:22:00,152.64000000000001
2011-06-01 12:33:00,165.1
2011-06-01 12:46:00,65.38
2011-06-01 12:54:00,340.25
2011-06-01 13:07:00,213.86
2011-06-01 13:32:00,302.45
2011-06-01 13:40:00,133.56
2011-06-01 13:52:00,153.3
2011-06-01 14:12:00,198.46
2011-06-01 14:42:00,325.8
2011-06-01 14:57:00,259.27
2011-06-01 15:12:00,346.98
2011-06-01 15:28:00,541.95
2011-06-01 15:31:00,90.6
2011-06-01 15:34:00,161.87
2011-06-01 15:47:00,422.99
2011-06-01 16:03:00,122.74000000000001
2011-06-01 16:12:00,100.6
2011-06-01 16:23:00,415.00000000000006
2011-06-01 17:42:00,127.62
2011-06-02 09:02:00,233.92
2011-06-02 09:03:00,47.75
2011-06-02 09:04:00,1289.56
2011-06-02 09:37:00,3056.7200000000003
2011-06-02 09:38:00,362.7
2011-06-02 09:40:00,51.0
2011-06-02 09:42:00,214.94
2011-06-02 10:00:00,345.7
2011-06-02 10:39:00,285.7
2011-06-02 11:33:00,1071.4
2011-06-02 11:42:00,192.23
2011-06-02 11:45:00,1541.98
2011-06-02 12:04:00,311.14
2011-06-02 12:06:00,235.23000000000002
2011-06-02 12:08:00,1106.05
2011-06-02 12:37:00,397.8
2011-06-02 12:46:00,2105.98
2011-06-02 13:22:00,156.2
2011-06-02 13:29:00,352.8
2011-06-02 14:04:00,109.82000000000001
2011-06-02 14:15:00,119.93
2011-06-02 14:28:00,79.8
2011-06-02 14:30:00,1440.9
2011-06-02 14:38:00,32.4
2011-06-02 14:46:00,1437.12
2011-06-02 15:13:00,766.95
2011-06-02 15:22:00,7.5
2011-06-02 15:48:00,305.85
2011-06-02 16:26:00,233.75
2011-06-02 16:59:00,30.0
2011-06-02 17:00:00,759.85
2011-06-02 17:03:00,126.44
2011-06-02 17:04:00,94.68
2011-06-02 17:23:00,455.25
2011-06-02 17:41:00,123.74999999999999
2011-06-02 17:50:00,5913.9
2011-06-02 17:51:00,1896.0300000000002
2011-06-02 18:06:00,121.55
2011-06-02 19:17:00,296.7
2011-06-02 19:50:00,393.59
2011-06-03 07:48:00,419.8
2011-06-03 08:54:00,390.09
2011-06-03 09:30:00,347.9
2011-06-03 09:46:00,61.3
2011-06-03 09:50:00,228.63
2011-06-03 10:06:00,266.1
2011-06-03 10:08:00,284.85
2011-06-03 10:15:00,376.15
2011-06-03 10:17:00,68.1
2011-06-03 10:19:00,1299.04
2011-06-03 10:20:00,17.0
2011-06-03 10:29:00,630.46
2011-06-03 10:37:00,25.0
2011-06-03 11:33:00,264.4
2011-06-03 11:42:00,232.21
2011-06-03 11:46:00,303.12
2011-06-03 11:59:00,836.05
2011-06-03 12:17:00,185.9
2011-06-03 12:26:00,1109.32
2011-06-03 12:28:00,1139.04
2011-06-03 12:35:00,229.26000000000002
2011-06-03 12:39:00,357.3
2011-06-03 13:05:00,387.46999999999997
2011-06-03 13:43:00,330.28000000000003
2011-06-03 13:48:00,259.2
2011-06-03 13:50:00,1314.0
2011-06-03 14:10:00,333.0
2011-06-03 14:24:00,319.02
2011-06-03 14:26:00,340.44
2011-06-03 14:33:00,204.85000000000002
2011-06-03 14:42:00,312.75
2011-06-03 14:44:00,349.1
2011-06-03 15:03:00,39.12
2011-06-03 15:07:00,107.65
2011-06-03 15:31:00,289.46
2011-06-03 15:32:00,114.68
2011-06-03 15:37:00,241.48
2011-06-03 15:43:00,15.0
2011-06-03 16:39:00,300.14
2011-06-03 16:45:00,269.88
2011-06-03 17:07:00,443.72
2011-06-05 10:12:00,156.48
2011-06-05 10:37:00,325.68
2011-06-05 10:38:00,892.62
2011-06-05 10:41:00,252.19
2011-06-05 10:47:00,856.63
2011-06-05 10:50:00,302.42
2011-06-05 10:54:00,324.9
2011-06-05 10:58:00,449.38
2011-06-05 11:02:00,525.5
2011-06-05 11:14:00,116.09
2011-06-05 11:21:00,389.61
2011-06-05 11:29:00,273.13
2011-06-05 11:36:00,508.95000000000005
2011-06-05 11:37:00,610.77
2011-06-05 11:40:00,332.9
2011-06-05 11:42:00,645.3
2011-06-05 11:44:00,724.07
2011-06-05 11:46:00,61.199999999999996
2011-06-05 11:53:00,1939.52
2011-06-05 12:12:00,477.8
2011-06-05 12:16:00,166.3
2011-06-05 12:28:00,239.46
2011-06-05 12:37:00,197.09
2011-06-05 12:39:00,148.95999999999998
2011-06-05 12:44:00,201.45
2011-06-05 12:48:00,302.81
2011-06-05 12:51:00,535.75
2011-06-05 12:59:00,627.04
2011-06-05 13:05:00,330.61
2011-06-05 13:08:00,873.85
2011-06-05 13:09:00,228.3
2011-06-05 13:13:00,709.91
2011-06-05 13:16:00,147.05
2011-06-05 13:24:00,262.25
2011-06-05 13:29:00,486.24
2011-06-05 13:32:00,298.79
2011-06-05 13:44:00,124.65
2011-06-05 13:45:00,493.68
2011-06-05 13:46:00,319.0
2011-06-05 13:48:00,110.55000000000001
2011-06-05 14:04:00,568.47
2011-06-05 14:06:00,522.03
2011-06-05 14:18:00,300.2
2011-06-05 14:20:00,165.63
2011-06-05 14:38:00,35.400000000000006
2011-06-05 14:45:00,372.36
2011-06-05 15:01:00,296.32
2011-06-05 15:06:00,538.76
2011-06-05 15:19:00,216.63
2011-06-05 15:25:00,1080.4
2011-06-05 15:29:00,793.08
2011-06-05 15:36:00,861.1
2011-06-05 15:37:00,858.9300000000001
2011-06-05 15:46:00,803.3
2011-06-05 15:47:00,310.05
2011-06-05 15:52:00,140.4
2011-06-05 15:53:00,557.85
2011-06-05 15:54:00,114.06
2011-06-05 16:02:00,125.19
2011-06-05 16:05:00,10.5
2011-06-06 08:04:00,159.22
2011-06-06 09:01:00,260.57
2011-06-06 09:03:00,304.28000000000003
2011-06-06 09:04:00,181.3
2011-06-06 09:12:00,922.79
2011-06-06 09:13:00,277.0
2011-06-06 09:16:00,124.57
2011-06-06 09:36:00,427.58
2011-06-06 09:39:00,75.0
2011-06-06 09:59:00,430.98
2011-06-06 10:04:00,176.16
2011-06-06 10:06:00,114.3
2011-06-06 10:09:00,312.94
2011-06-06 11:22:00,57.5
2011-06-06 11:26:00,320.83
2011-06-06 11:36:00,262.11
2011-06-06 11:37:00,428.85
2011-06-06 11:46:00,13.0
2011-06-06 11:55:00,270.8
2011-06-06 11:57:00,130.44
2011-06-06 11:59:00,387.88
2011-06-06 12:04:00,302.72
2011-06-06 12:06:00,191.60999999999999
2011-06-06 12:16:00,509.2
2011-06-06 12:22:00,144.97
2011-06-06 12:29:00,482.06
2011-06-06 12:47:00,371.45
2011-06-06 12:51:00,816.8199999999999
2011-06-06 13:06:00,315.62
2011-06-06 13:18:00,496.46000000000004
2011-06-06 13:24:00,423.65000000000003
2011-06-06 13:31:00,164.01
2011-06-06 13:32:00,320.2
2011-06-06 13:43:00,586.52
2011-06-06 13:46:00,205.18
2011-06-06 13:47:00,394.14
2011-06-06 13:48:00,958.12
2011-06-06 14:02:00,218.92
2011-06-06 14:12:00,287.19
2011-06-06 14:13:00,181.3
2011-06-06 14:31:00,444.45
2011-06-06 14:32:00,143.5
2011-06-06 14:34:00,147.02
2011-06-06 14:35:00,46.839999999999996
2011-06-06 15:06:00,817.08
2011-06-06 15:24:00,247.60999999999999
2011-06-06 15:31:00,512.8
2011-06-06 15:46:00,129.49
2011-06-06 16:01:00,45.0
2011-06-06 16:22:00,15.0
2011-06-06 16:23:00,391.99
2011-06-06 16:41:00,341.96
2011-06-07 07:49:00,418.45
2011-06-07 08:19:00,103.25
2011-06-07 08:21:00,745.83
2011-06-07 08:54:00,450.40000000000003
2011-06-07 09:13:00,586.01
2011-06-07 09:19:00,298.19
2011-06-07 09:44:00,318.7
2011-06-07 09:49:00,607.5500000000001
2011-06-07 09:51:00,387.42
2011-06-07 10:05:00,230.18
2011-06-07 10:34:00,388.0
2011-06-07 10:42:00,248.06
2011-06-07 10:44:00,247.44
2011-06-07 10:46:00,184.52
2011-06-07 10:55:00,105.6
2011-06-07 11:07:00,34.0
2011-06-07 11:10:00,166.8
2011-06-07 11:32:00,1121.1299999999999
2011-06-07 11:39:00,681.98
2011-06-07 11:40:00,87.9
2011-06-07 11:47:00,916.74
2011-06-07 11:49:00,47.2
2011-06-07 11:51:00,14.850000000000001
2011-06-07 11:59:00,255.96000000000004
2011-06-07 12:00:00,430.98
2011-06-07 12:01:00,304.71999999999997
2011-06-07 12:18:00,392.4
2011-06-07 12:19:00,308.7
2011-06-07 12:31:00,85.0
2011-06-07 12:34:00,783.07
2011-06-07 12:36:00,531.36
2011-06-07 12:39:00,25.5
2011-06-07 12:46:00,70.2
2011-06-07 12:47:00,139.82
2011-06-07 12:54:00,122.76
2011-06-07 13:00:00,159.11
2011-06-07 13:10:00,160.15
2011-06-07 13:19:00,524.5
2011-06-07 13:21:00,149.15
2011-06-07 13:27:00,234.07
2011-06-07 13:31:00,424.24
2011-06-07 13:33:00,315.86
2011-06-07 13:35:00,387.42
2011-06-07 13:37:00,585.17
2011-06-07 13:38:00,189.28
2011-06-07 13:44:00,257.68
2011-06-07 13:47:00,167.81
2011-06-07 13:56:00,2517.44
2011-06-07 14:02:00,298.89
2011-06-07 14:03:00,133.62
2011-06-07 14:12:00,254.31
2011-06-07 14:22:00,198.57
2011-06-07 14:27:00,166.4
2011-06-07 14:28:00,364.88
2011-06-07 14:30:00,413.93
2011-06-07 14:38:00,306.68
2011-06-07 15:03:00,68.7
2011-06-07 15:04:00,570.88
2011-06-07 15:17:00,7.25
2011-06-07 15:28:00,161.02
2011-06-07 15:44:00,147.62
2011-06-07 16:04:00,1008.61
2011-06-07 16:16:00,181.63
2011-06-07 16:21:00,411.42
2011-06-07 16:35:00,10999.52
2011-06-07 16:42:00,301.78
2011-06-08 08:02:00,99.45
2011-06-08 08:12:00,765.8199999999999
2011-06-08 08:26:00,341.07
2011-06-08 08:31:00,833.16
2011-06-08 08:46:00,165.36
2011-06-08 08:49:00,286.34000000000003
2011-06-08 08:51:00,557.7
2011-06-08 09:16:00,286.34000000000003
2011-06-08 09:39:00,669.36
2011-06-08 09:58:00,468.23
2011-06-08 10:10:00,713.64
2011-06-08 10:14:00,322.55
2011-06-08 10:15:00,612.68
2011-06-08 10:36:00,674.99
2011-06-08 10:43:00,184.59
2011-06-08 10:45:00,2233.28
2011-06-08 10:49:00,166.86
2011-06-08 10:50:00,596.13
2011-06-08 10:51:00,136.5
2011-06-08 11:18:00,891.4200000000001
2011-06-08 11:37:00,302.54
2011-06-08 11:43:00,598.0
2011-06-08 11:54:00,452.4
2011-06-08 11:56:00,512.7
2011-06-08 11:57:00,26.400000000000002
2011-06-08 12:02:00,221.4
2011-06-08 12:03:00,592.39
2011-06-08 12:04:00,79.19999999999999
2011-06-08 12:21:00,361.23
2011-06-08 12:35:00,542.22
2011-06-08 12:36:00,367.68
2011-06-08 12:37:00,52.8
2011-06-08 12:38:00,173.66
2011-06-08 12:40:00,501.5
2011-06-08 12:42:00,320.58000000000004
2011-06-08 12:44:00,1374.21
2011-06-08 12:49:00,243.92999999999998
2011-06-08 12:50:00,165.55
2011-06-08 12:54:00,408.04
2011-06-08 12:57:00,276.24
2011-06-08 13:00:00,681.1800000000001
2011-06-08 13:04:00,279.04
2011-06-08 13:09:00,180.04
2011-06-08 13:14:00,14.5
2011-06-08 13:15:00,112.7
2011-06-08 13:26:00,222.07
2011-06-08 13:33:00,358.0
2011-06-08 13:35:00,426.05
2011-06-08 13:54:00,524.5
2011-06-08 13:56:00,320.91999999999996
2011-06-08 14:03:00,1118.04
2011-06-08 14:06:00,379.5
2011-06-08 14:09:00,193.2
2011-06-08 14:20:00,300.63
2011-06-08 14:29:00,146.3
2011-06-08 14:32:00,388.36
2011-06-08 14:35:00,269.9
2011-06-08 14:39:00,5.76
2011-06-08 14:51:00,396.14000000000004
2011-06-08 14:52:00,481.36
2011-06-08 14:57:00,952.65
2011-06-08 15:05:00,462.15000000000003
2011-06-08 15:18:00,351.2
2011-06-08 15:23:00,135.0
2011-06-08 15:31:00,15.9
2011-06-08 15:36:00,62.5
2011-06-08 15:38:00,3.75
2011-06-08 16:00:00,300.14
2011-06-08 16:15:00,878.55
2011-06-08 16:18:00,237.57000000000002
2011-06-08 16:34:00,384.2
2011-06-08 16:39:00,307.9
2011-06-08 16:54:00,393.34000000000003
2011-06-08 17:09:00,330.95
2011-06-09 07:53:00,200.17000000000002
2011-06-09 08:45:00,124.60000000000001
2011-06-09 09:16:00,313.0
2011-06-09 09:28:00,340.78000000000003
2011-06-09 09:32:00,585.3199999999999
2011-06-09 09:36:00,142.14000000000001
2011-06-09 09:39:00,99.96
2011-06-09 09:44:00,136.7
2011-06-09 09:54:00,333.0
2011-06-09 10:05:00,42.96
2011-06-09 10:06:00,290.2
2011-06-09 10:09:00,132.18
2011-06-09 10:20:00,303.62
2011-06-09 10:23:00,1959.25
2011-06-09 10:31:00,196.66
2011-06-09 10:46:00,438.0
2011-06-09 10:48:00,316.02000000000004
2011-06-09 11:05:00,307.76
2011-06-09 11:27:00,308.2
2011-06-09 11:32:00,410.87
2011-06-09 11:35:00,102.97999999999999
2011-06-09 11:37:00,360.04
2011-06-09 11:39:00,337.55
2011-06-09 11:40:00,30.6
2011-06-09 11:46:00,213.70000000000002
2011-06-09 11:49:00,299.78
2011-06-09 11:57:00,400.7
2011-06-09 12:01:00,72.52
2011-06-09 12:02:00,266.48
2011-06-09 12:04:00,306.86
2011-06-09 12:20:00,319.95
2011-06-09 12:21:00,535.01
2011-06-09 12:27:00,264.42
2011-06-09 12:30:00,294.2
2011-06-09 12:40:00,319.29
2011-06-09 13:01:00,382.52
2011-06-09 13:08:00,109.3
2011-06-09 13:09:00,130.08
2011-06-09 13:16:00,308.68
2011-06-09 13:37:00,203.98000000000002
2011-06-09 13:46:00,646.27
2011-06-09 13:50:00,128.76
2011-06-09 13:51:00,506.67999999999995
2011-06-09 14:14:00,301.32
2011-06-09 14:15:00,300.55
2011-06-09 14:18:00,352.91
2011-06-09 14:19:00,309.65999999999997
2011-06-09 14:23:00,539.12
2011-06-09 14:26:00,115.2
2011-06-09 14:43:00,304.48
2011-06-09 14:45:00,226.28
2011-06-09 15:27:00,26.36
2011-06-09 15:29:00,84.0
2011-06-09 15:34:00,45.2
2011-06-09 15:35:00,378.7
2011-06-09 15:48:00,158.85
2011-06-09 15:55:00,105.0
2011-06-09 16:04:00,912.66
2011-06-09 16:08:00,302.72
2011-06-09 16:10:00,538.4300000000001
2011-06-09 16:16:00,431.93
2011-06-09 16:33:00,332.64
2011-06-09 16:34:00,24.900000000000002
2011-06-09 16:44:00,480.96000000000004
2011-06-09 16:55:00,185.8
2011-06-09 16:57:00,136.25
2011-06-09 17:27:00,16488.0
2011-06-09 17:37:00,196.68
2011-06-09 17:47:00,294.86
2011-06-09 17:48:00,439.5
2011-06-09 17:53:00,591.09
2011-06-09 18:41:00,491.38
2011-06-09 18:42:00,532.9
2011-06-09 19:26:00,8.5
2011-06-09 19:33:00,3027.31
2011-06-09 19:40:00,155.10000000000002
2011-06-09 19:55:00,215.39000000000001
2011-06-09 20:03:00,354.01
2011-06-10 08:24:00,178.22
2011-06-10 08:50:00,314.11
2011-06-10 08:54:00,302.8
2011-06-10 09:10:00,72.0
2011-06-10 09:23:00,656.94
2011-06-10 09:44:00,309.34000000000003
2011-06-10 10:05:00,105.84
2011-06-10 10:24:00,1035.76
2011-06-10 10:26:00,313.45000000000005
2011-06-10 10:29:00,572.8
2011-06-10 10:38:00,480.0
2011-06-10 10:49:00,399.18
2011-06-10 10:59:00,599.4499999999999
2011-06-10 11:20:00,149.89000000000001
2011-06-10 11:28:00,157.76
2011-06-10 11:29:00,272.41
2011-06-10 11:36:00,506.19
2011-06-10 11:44:00,271.04
2011-06-10 11:49:00,74.16
2011-06-10 11:52:00,358.0
2011-06-10 11:54:00,124.14999999999999
2011-06-10 12:01:00,120.49000000000001
2011-06-10 12:19:00,6454.33
2011-06-10 12:24:00,19.8
2011-06-10 12:30:00,156.4
2011-06-10 12:51:00,197.37
2011-06-10 13:18:00,249.49
2011-06-10 13:59:00,299.67
2011-06-10 14:06:00,658.78
2011-06-10 14:08:00,151.2
2011-06-10 14:31:00,110.78999999999999
2011-06-10 14:46:00,147.75
2011-06-10 14:51:00,428.44
2011-06-10 15:07:00,360.07
2011-06-10 15:22:00,297.0
2011-06-10 15:28:00,39597.4
2011-06-10 15:33:00,649.5
2011-06-10 15:37:00,314.16
2011-06-10 16:37:00,40.8
2011-06-10 16:46:00,734.44
2011-06-10 16:47:00,3.75
2011-06-12 09:56:00,379.2
2011-06-12 10:15:00,830.54
2011-06-12 10:46:00,213.8
2011-06-12 10:47:00,360.18
2011-06-12 10:53:00,80.82
2011-06-12 11:04:00,110.17999999999999
2011-06-12 11:07:00,189.05
2011-06-12 11:17:00,186.55
2011-06-12 11:26:00,111.03
2011-06-12 11:37:00,583.2
2011-06-12 11:41:00,301.42
2011-06-12 11:47:00,198.76999999999998
2011-06-12 11:48:00,255.8
2011-06-12 12:00:00,384.09000000000003
2011-06-12 12:01:00,363.7
2011-06-12 12:03:00,417.33
2011-06-12 12:08:00,302.62
2011-06-12 12:20:00,199.73
2011-06-12 12:34:00,226.48999999999998
2011-06-12 12:50:00,262.88
2011-06-12 12:55:00,131.10999999999999
2011-06-12 13:00:00,147.76000000000002
2011-06-12 13:04:00,709.44
2011-06-12 13:12:00,110.78
2011-06-12 13:17:00,2133.4
2011-06-12 13:21:00,210.95
2011-06-12 13:22:00,375.04
2011-06-12 13:51:00,167.35999999999999
2011-06-12 13:52:00,161.9
2011-06-12 13:59:00,110.12
2011-06-12 14:08:00,302.24
2011-06-12 14:15:00,274.74
2011-06-12 14:48:00,587.52
2011-06-12 14:57:00,532.22
2011-06-12 15:14:00,304.31
2011-06-12 15:20:00,45.0
2011-06-12 15:31:00,175.09
2011-06-12 15:57:00,35.849999999999994
2011-06-13 07:58:00,102.72
2011-06-13 08:40:00,394.42
2011-06-13 08:43:00,491.71000000000004
2011-06-13 08:44:00,1101.86
2011-06-13 08:47:00,376.58
2011-06-13 09:43:00,462.9599999999999
2011-06-13 09:44:00,50.88
2011-06-13 09:55:00,1650.1
2011-06-13 10:10:00,136.95
2011-06-13 10:33:00,289.77
2011-06-13 10:36:00,821.32
2011-06-13 10:44:00,143.54
2011-06-13 10:52:00,1001.21
2011-06-13 10:54:00,3.3200000000000003
2011-06-13 11:10:00,118.08
2011-06-13 11:15:00,116.75999999999999
2011-06-13 11:24:00,9.75
2011-06-13 11:33:00,348.61
2011-06-13 11:36:00,312.44
2011-06-13 11:41:00,513.26
2011-06-13 11:49:00,765.03
2011-06-13 12:05:00,249.94
2011-06-13 12:19:00,53.150000000000006
2011-06-13 12:36:00,187.14000000000001
2011-06-13 12:38:00,310.48
2011-06-13 12:42:00,426.18
2011-06-13 12:44:00,147.0
2011-06-13 12:51:00,146.20000000000002
2011-06-13 12:52:00,536.26
2011-06-13 13:13:00,178.94
2011-06-13 13:25:00,149.2
2011-06-13 13:32:00,480.98
2011-06-13 13:41:00,1336.2
2011-06-13 13:44:00,212.0
2011-06-13 13:55:00,134.48
2011-06-13 14:12:00,164.41
2011-06-13 14:13:00,1266.66
2011-06-13 14:16:00,1109.53
2011-06-13 14:20:00,311.4
2011-06-13 14:29:00,110.75
2011-06-13 14:55:00,593.72
2011-06-13 14:59:00,373.13
2011-06-13 15:09:00,114.15
2011-06-13 15:44:00,189.47
2011-06-13 15:47:00,133.91
2011-06-13 16:25:00,254.12
2011-06-13 16:29:00,786.36
2011-06-13 16:33:00,259.08
2011-06-13 17:08:00,293.0
2011-06-14 08:03:00,306.46000000000004
2011-06-14 09:41:00,121.52
2011-06-14 09:42:00,201.83999999999997
2011-06-14 09:43:00,212.04000000000002
2011-06-14 09:57:00,83.4
2011-06-14 10:00:00,597.07
2011-06-14 10:49:00,976.25
2011-06-14 11:02:00,2145.0
2011-06-14 11:21:00,188.44
2011-06-14 11:22:00,372.6
2011-06-14 11:23:00,926.62
2011-06-14 11:25:00,3060.4
2011-06-14 11:26:00,246.49
2011-06-14 11:28:00,2496.0
2011-06-14 11:31:00,8915.52
2011-06-14 11:33:00,555.8
2011-06-14 11:36:00,342.15000000000003
2011-06-14 11:41:00,103.72
2011-06-14 11:47:00,474.87
2011-06-14 11:53:00,325.36
2011-06-14 12:00:00,510.87
2011-06-14 12:06:00,147.42000000000002
2011-06-14 12:08:00,32.55
2011-06-14 12:09:00,1393.48
2011-06-14 12:17:00,454.68
2011-06-14 12:21:00,433.0
2011-06-14 12:24:00,211.47
2011-06-14 12:31:00,714.35
2011-06-14 12:41:00,393.78000000000003
2011-06-14 12:45:00,143.4
2011-06-14 12:46:00,275.14
2011-06-14 12:47:00,1172.6
2011-06-14 13:04:00,106.15
2011-06-14 13:15:00,1421.25
2011-06-14 13:17:00,102.0
2011-06-14 13:18:00,109.20000000000002
2011-06-14 13:40:00,428.95
2011-06-14 13:48:00,256.77
2011-06-14 13:51:00,176.6
2011-06-14 13:52:00,150.37
2011-06-14 14:06:00,120.45
2011-06-14 14:29:00,123.13
2011-06-14 14:49:00,230.57999999999998
2011-06-14 15:14:00,554.62
2011-06-14 15:15:00,213.8
2011-06-14 15:16:00,122.04
2011-06-14 15:45:00,305.51
2011-06-14 16:48:00,223.48
2011-06-14 16:52:00,155.28
2011-06-15 08:34:00,153.24
2011-06-15 08:36:00,564.61
2011-06-15 09:01:00,501.64
2011-06-15 09:33:00,151.2
2011-06-15 10:21:00,420.94000000000005
2011-06-15 10:22:00,507.45
2011-06-15 10:29:00,171.63
2011-06-15 10:39:00,184.19
2011-06-15 10:51:00,489.31
2011-06-15 11:01:00,44.95
2011-06-15 11:27:00,160.0
2011-06-15 11:29:00,40.0
2011-06-15 11:30:00,4415.4400000000005
2011-06-15 11:56:00,173.82
2011-06-15 12:01:00,112.1
2011-06-15 12:07:00,151.42
2011-06-15 12:15:00,263.06
2011-06-15 12:21:00,340.28000000000003
2011-06-15 12:24:00,353.43
2011-06-15 12:32:00,17.700000000000003
2011-06-15 12:34:00,299.94
2011-06-15 12:36:00,119.28999999999999
2011-06-15 12:39:00,111.37
2011-06-15 12:48:00,1202.99
2011-06-15 12:50:00,120.94
2011-06-15 12:55:00,144.26
2011-06-15 13:05:00,336.11
2011-06-15 13:07:00,306.1
2011-06-15 13:23:00,378.96000000000004
2011-06-15 13:25:00,873.87
2011-06-15 13:26:00,681.86
2011-06-15 13:34:00,276.79
2011-06-15 13:35:00,395.93
2011-06-15 13:37:00,23426.81
2011-06-15 13:50:00,76.38
2011-06-15 13:56:00,14.25
2011-06-15 14:26:00,166.56
2011-06-15 14:47:00,3876.86
2011-06-15 14:48:00,606.72
2011-06-15 15:12:00,53.91
2011-06-15 15:35:00,171.84
2011-06-15 15:57:00,360.9
2011-06-15 16:05:00,1175.32
2011-06-15 16:42:00,683.17
2011-06-16 08:16:00,1012.86
2011-06-16 08:38:00,455.3
2011-06-16 09:04:00,1084.24
2011-06-16 09:15:00,305.2
2011-06-16 09:17:00,323.0
2011-06-16 09:28:00,668.8
2011-06-16 09:34:00,810.6000000000001
2011-06-16 09:46:00,331.44
2011-06-16 09:49:00,252.0
2011-06-16 10:04:00,299.04
2011-06-16 10:09:00,1077.1200000000001
2011-06-16 10:11:00,46.95
2011-06-16 10:18:00,245.75
2011-06-16 10:19:00,39.599999999999994
2011-06-16 10:23:00,149.52
2011-06-16 10:42:00,52.800000000000004
2011-06-16 10:48:00,305.4
2011-06-16 10:49:00,180.0
2011-06-16 11:24:00,302.14
2011-06-16 11:29:00,214.2
2011-06-16 11:30:00,1137.99
2011-06-16 11:38:00,412.99
2011-06-16 11:48:00,129.3
2011-06-16 11:50:00,359.08000000000004
2011-06-16 11:51:00,62.4
2011-06-16 12:05:00,542.74
2011-06-16 12:10:00,87.44
2011-06-16 12:11:00,331.0
2011-06-16 12:29:00,351.22
2011-06-16 12:36:00,5.9
2011-06-16 12:45:00,278.34
2011-06-16 12:51:00,212.47
2011-06-16 12:55:00,395.3
2011-06-16 13:04:00,183.95000000000002
2011-06-16 13:14:00,460.11
2011-06-16 13:24:00,318.65000000000003
2011-06-16 13:46:00,141.29999999999998
2011-06-16 13:48:00,189.5
2011-06-16 13:50:00,421.08
2011-06-16 13:57:00,332.55
2011-06-16 14:22:00,263.09
2011-06-16 14:24:00,88.55
2011-06-16 14:26:00,15.8
2011-06-16 14:45:00,633.55
2011-06-16 14:46:00,1880.52
2011-06-16 14:47:00,69.30000000000001
2011-06-16 15:01:00,190.95
2011-06-16 15:07:00,324.29
2011-06-16 15:08:00,161.46
2011-06-16 15:10:00,301.88
2011-06-16 15:12:00,1221.55
2011-06-16 15:17:00,13.440000000000001
2011-06-16 15:22:00,510.27
2011-06-16 15:28:00,376.77
2011-06-16 15:36:00,343.44
2011-06-16 15:39:00,432.0
2011-06-16 15:47:00,108.7
2011-06-16 15:49:00,113.06
2011-06-16 16:06:00,304.08000000000004
2011-06-16 16:26:00,102.0
2011-06-16 16:39:00,117.0
2011-06-16 16:43:00,158.4
2011-06-16 16:47:00,361.76
2011-06-16 16:57:00,305.75
2011-06-16 17:04:00,620.58
2011-06-16 17:05:00,364.16
2011-06-16 17:08:00,937.74
2011-06-16 17:12:00,235.94
2011-06-16 17:35:00,360.03999999999996
2011-06-16 17:37:00,305.18
2011-06-16 17:56:00,164.22
2011-06-16 18:19:00,230.57
2011-06-16 18:40:00,5405.48
2011-06-16 19:21:00,115.15
2011-06-16 19:40:00,117.72999999999999
2011-06-16 19:49:00,80.5
2011-06-16 19:59:00,463.6
2011-06-17 08:09:00,144.3
2011-06-17 08:52:00,217.4
2011-06-17 08:57:00,368.38
2011-06-17 09:11:00,305.28000000000003
2011-06-17 09:12:00,973.7
2011-06-17 09:23:00,626.13
2011-06-17 09:54:00,387.65999999999997
2011-06-17 10:12:00,832.02
2011-06-17 10:17:00,600.08
2011-06-17 10:43:00,802.13
2011-06-17 10:44:00,86.84
2011-06-17 10:51:00,654.18
2011-06-17 11:01:00,13.05
2011-06-17 11:02:00,174.27
2011-06-17 11:06:00,13.899999999999999
2011-06-17 11:07:00,474.54
2011-06-17 11:38:00,351.97
2011-06-17 11:49:00,1290.39
2011-06-17 12:06:00,610.5600000000001
2011-06-17 12:16:00,218.14000000000001
2011-06-17 12:20:00,964.77
2011-06-17 12:22:00,68.22
2011-06-17 12:23:00,42.42
2011-06-17 12:30:00,1987.19
2011-06-17 12:31:00,98.16
2011-06-17 12:39:00,323.28
2011-06-17 12:40:00,58.08
2011-06-17 13:01:00,233.53
2011-06-17 13:14:00,2060.0299999999997
2011-06-17 13:17:00,379.22
2011-06-17 13:37:00,411.48
2011-06-17 13:39:00,252.63000000000002
2011-06-17 13:40:00,23.0
2011-06-17 13:42:00,17.700000000000003
2011-06-17 13:57:00,135.0
2011-06-17 14:28:00,337.84000000000003
2011-06-17 14:44:00,405.76
2011-06-17 14:45:00,245.5
2011-06-17 14:46:00,68.9
2011-06-17 15:09:00,1359.58
2011-06-17 15:22:00,213.73
2011-06-17 15:59:00,68.44
2011-06-17 16:07:00,147.95
2011-06-17 16:23:00,11.9
2011-06-19 10:11:00,163.2
2011-06-19 10:20:00,274.56
2011-06-19 10:34:00,535.86
2011-06-19 10:35:00,126.9
2011-06-19 10:38:00,191.94
2011-06-19 10:39:00,345.5
2011-06-19 10:53:00,192.05
2011-06-19 10:55:00,174.53
2011-06-19 11:08:00,5683.0599999999995
2011-06-19 11:09:00,177.34
2011-06-19 11:10:00,341.81
2011-06-19 11:14:00,120.25
2011-06-19 11:23:00,245.82
2011-06-19 11:26:00,655.79
2011-06-19 11:36:00,111.68
2011-06-19 11:41:00,624.12
2011-06-19 11:42:00,535.0
2011-06-19 11:44:00,718.24
2011-06-19 11:45:00,318.02
2011-06-19 12:05:00,184.23
2011-06-19 12:06:00,118.60000000000001
2011-06-19 12:08:00,1152.52
2011-06-19 12:10:00,233.89
2011-06-19 12:19:00,373.5
2011-06-19 12:23:00,201.57
2011-06-19 12:26:00,146.60999999999999
2011-06-19 12:29:00,133.07
2011-06-19 12:31:00,602.8
2011-06-19 12:36:00,178.51999999999998
2011-06-19 12:47:00,340.58
2011-06-19 12:58:00,144.23
2011-06-19 13:01:00,395.93
2011-06-19 13:06:00,300.1
2011-06-19 13:26:00,249.95000000000002
2011-06-19 13:28:00,778.0
2011-06-19 13:37:00,125.46000000000001
2011-06-19 13:51:00,114.5
2011-06-19 13:54:00,239.35
2011-06-19 13:55:00,200.5
2011-06-19 13:56:00,562.4
2011-06-19 14:08:00,328.55
2011-06-19 14:15:00,236.44
2011-06-19 14:36:00,101.88
2011-06-19 14:40:00,132.95
2011-06-19 14:42:00,192.85
2011-06-19 14:47:00,234.6
2011-06-19 14:56:00,139.77
2011-06-19 15:13:00,109.96
2011-06-19 15:15:00,414.49
2011-06-19 15:33:00,111.2
2011-06-19 15:36:00,692.78
2011-06-19 15:47:00,408.45
2011-06-19 15:56:00,88.50000000000001
2011-06-19 15:59:00,223.74
2011-06-19 16:02:00,125.01
2011-06-19 16:04:00,151.63
2011-06-19 16:07:00,134.1
2011-06-19 16:11:00,303.3
2011-06-20 08:23:00,880.85
2011-06-20 08:50:00,453.3
2011-06-20 09:04:00,1171.46
2011-06-20 09:44:00,325.26
2011-06-20 09:50:00,561.29
2011-06-20 09:53:00,154.67000000000002
2011-06-20 10:13:00,107.6
2011-06-20 10:20:00,361.98
2011-06-20 10:21:00,54.78
2011-06-20 10:25:00,662.1
2011-06-20 10:34:00,298.44
2011-06-20 10:41:00,587.54
2011-06-20 10:42:00,13.0
2011-06-20 11:03:00,336.03000000000003
2011-06-20 11:23:00,131.98
2011-06-20 11:30:00,242.65
2011-06-20 11:33:00,97.95
2011-06-20 11:34:00,561.0400000000001
2011-06-20 11:36:00,109.58
2011-06-20 11:42:00,241.74
2011-06-20 11:49:00,90.0
2011-06-20 12:06:00,170.04
2011-06-20 12:14:00,1125.4
2011-06-20 12:24:00,750.0
2011-06-20 12:26:00,181.44
2011-06-20 12:27:00,375.0
2011-06-20 12:37:00,427.13
2011-06-20 12:53:00,679.62
2011-06-20 13:06:00,37.2
2011-06-20 13:08:00,1965.74
2011-06-20 13:14:00,529.67
2011-06-20 13:18:00,244.69
2011-06-20 13:21:00,589.44
2011-06-20 13:27:00,3395.0
2011-06-20 13:28:00,524.5
2011-06-20 13:29:00,454.6
2011-06-20 13:41:00,342.11
2011-06-20 13:44:00,33.75
2011-06-20 14:17:00,250.50000000000003
2011-06-20 14:36:00,539.81
2011-06-20 14:38:00,2876.0
2011-06-20 14:48:00,18.88
2011-06-20 14:58:00,484.06
2011-06-20 15:06:00,243.84000000000003
2011-06-20 15:08:00,183.63
2011-06-20 15:22:00,107.04
2011-06-20 15:25:00,185.78
2011-06-20 15:47:00,488.54
2011-06-20 15:48:00,215.6
2011-06-20 16:18:00,500.0
2011-06-20 16:19:00,305.04
2011-06-20 16:53:00,3.9
2011-06-20 16:58:00,173.42000000000002
2011-06-20 17:09:00,179.0
2011-06-20 17:14:00,113.12
2011-06-21 08:27:00,100.92
2011-06-21 09:18:00,38.08
2011-06-21 09:26:00,637.72
2011-06-21 09:30:00,91.8
2011-06-21 09:44:00,712.3
2011-06-21 09:49:00,528.45
2011-06-21 09:58:00,385.78000000000003
2011-06-21 10:37:00,309.1
2011-06-21 10:40:00,108.94
2011-06-21 10:46:00,427.76
2011-06-21 10:48:00,329.84
2011-06-21 10:53:00,2221.84
2011-06-21 10:55:00,870.3
2011-06-21 10:56:00,69.12
2011-06-21 11:02:00,112.09
2011-06-21 11:07:00,13.200000000000001
2011-06-21 11:19:00,492.36
2011-06-21 11:33:00,202.62
2011-06-21 11:47:00,69.89999999999999
2011-06-21 11:57:00,379.72
2011-06-21 12:02:00,290.36
2011-06-21 12:03:00,653.3000000000001
2011-06-21 12:06:00,147.39999999999998
2011-06-21 12:35:00,353.6
2011-06-21 12:40:00,246.54
2011-06-21 13:22:00,313.8
2011-06-21 13:24:00,648.6
2011-06-21 13:25:00,221.56
2011-06-21 13:37:00,327.45
2011-06-21 13:38:00,88.3
2011-06-21 13:58:00,329.43
2011-06-21 14:00:00,1870.2
2011-06-21 14:15:00,120.78
2011-06-21 14:23:00,469.72
2011-06-21 14:29:00,883.41
2011-06-21 14:30:00,257.3
2011-06-21 14:31:00,1966.66
2011-06-21 14:53:00,591.73
2011-06-21 15:01:00,410.34000000000003
2011-06-21 15:07:00,260.66
2011-06-21 15:13:00,302.39
2011-06-21 15:24:00,190.53
2011-06-21 15:27:00,194.89000000000001
2011-06-21 15:41:00,355.43
2011-06-21 16:13:00,246.73999999999998
2011-06-21 17:51:00,7.7
2011-06-22 08:30:00,309.81
2011-06-22 09:02:00,30.0
2011-06-22 09:43:00,390.06
2011-06-22 10:11:00,2200.62
2011-06-22 10:13:00,135.75000000000003
2011-06-22 10:15:00,1581.85
2011-06-22 10:19:00,1754.97
2011-06-22 10:28:00,600.03
2011-06-22 10:31:00,193.5
2011-06-22 11:20:00,462.38
2011-06-22 11:30:00,313.08000000000004
2011-06-22 11:35:00,55.8
2011-06-22 11:43:00,116.28000000000002
2011-06-22 11:46:00,526.16
2011-06-22 11:59:00,152.63
2011-06-22 12:09:00,406.33
2011-06-22 12:16:00,497.26
2011-06-22 12:24:00,163.91
2011-06-22 12:25:00,333.57
2011-06-22 12:32:00,86.65
2011-06-22 12:44:00,249.76
2011-06-22 12:50:00,300.06
2011-06-22 12:56:00,250.09
2011-06-22 12:57:00,29.700000000000003
2011-06-22 13:00:00,237.61
2011-06-22 13:12:00,700.0
2011-06-22 13:14:00,441.48
2011-06-22 13:28:00,392.65999999999997
2011-06-22 13:52:00,493.03999999999996
2011-06-22 13:57:00,542.7
2011-06-22 13:59:00,183.56
2011-06-22 14:01:00,507.07
2011-06-22 14:10:00,453.72
2011-06-22 14:21:00,987.08
2011-06-22 14:23:00,114.56
2011-06-22 14:24:00,201.16
2011-06-22 14:38:00,195.16
2011-06-22 14:41:00,335.87
2011-06-22 14:43:00,374.81
2011-06-22 14:47:00,222.0
2011-06-22 15:00:00,123.62
2011-06-22 15:06:00,332.16
2011-06-22 15:07:00,630.84
2011-06-22 15:30:00,52.5
2011-06-22 15:41:00,406.3
2011-06-22 15:43:00,4.94
2011-06-22 15:50:00,330.55
2011-06-22 16:01:00,141.14
2011-06-22 16:16:00,180.35
2011-06-22 16:32:00,493.0
2011-06-22 16:33:00,403.81
2011-06-22 16:44:00,302.25
2011-06-22 17:30:00,246.23
2011-06-23 09:08:00,142.5
2011-06-23 09:14:00,1064.22
2011-06-23 09:15:00,202.4
2011-06-23 09:22:00,206.2
2011-06-23 09:38:00,910.98
2011-06-23 09:53:00,726.85
2011-06-23 09:56:00,7.95
2011-06-23 10:14:00,573.54
2011-06-23 10:15:00,330.11
2011-06-23 10:20:00,329.56
2011-06-23 10:24:00,311.52
2011-06-23 10:27:00,344.1
2011-06-23 10:44:00,473.82
2011-06-23 10:52:00,396.97
2011-06-23 10:56:00,276.93
2011-06-23 10:57:00,338.84
2011-06-23 11:01:00,801.0
2011-06-23 11:38:00,312.47
2011-06-23 11:46:00,127.19
2011-06-23 11:47:00,86.31
2011-06-23 11:50:00,110.69999999999999
2011-06-23 11:51:00,312.68
2011-06-23 11:55:00,137.45
2011-06-23 11:58:00,168.1
2011-06-23 12:13:00,220.83
2011-06-23 12:19:00,173.85
2011-06-23 12:21:00,6.8999999999999995
2011-06-23 12:36:00,314.7
2011-06-23 12:41:00,300.78000000000003
2011-06-23 12:42:00,370.85
2011-06-23 12:51:00,14.850000000000001
2011-06-23 13:09:00,371.89
2011-06-23 13:13:00,1241.48
2011-06-23 13:16:00,1.45
2011-06-23 13:22:00,302.16
2011-06-23 13:35:00,145.2
2011-06-23 13:37:00,440.94
2011-06-23 13:39:00,580.04
2011-06-23 13:41:00,21.95
2011-06-23 13:51:00,672.44
2011-06-23 14:05:00,720.03
2011-06-23 14:11:00,421.39
2011-06-23 14:12:00,348.59999999999997
2011-06-23 14:13:00,291.38
2011-06-23 14:22:00,114.88
2011-06-23 14:25:00,382.25
2011-06-23 14:35:00,517.05
2011-06-23 14:36:00,617.7
2011-06-23 15:07:00,460.75
2011-06-23 15:26:00,429.79999999999995
2011-06-23 15:44:00,390.5
2011-06-23 15:48:00,179.0
2011-06-23 16:02:00,114.1
2011-06-23 16:35:00,158.85
2011-06-23 17:20:00,437.75
2011-06-23 17:35:00,144.56
2011-06-23 17:53:00,181.45000000000002
2011-06-23 18:33:00,213.45
2011-06-23 18:42:00,35.01
2011-06-23 18:44:00,817.83
2011-06-23 18:59:00,269.90999999999997
2011-06-23 19:20:00,755.53
2011-06-23 19:27:00,305.7
2011-06-23 19:29:00,228.7
2011-06-23 19:46:00,147.94
2011-06-24 08:40:00,214.4
2011-06-24 09:22:00,736.78
2011-06-24 09:24:00,327.6
2011-06-24 09:27:00,272.26
2011-06-24 09:38:00,607.2
2011-06-24 09:40:00,497.90000000000003
2011-06-24 09:43:00,671.9
2011-06-24 10:03:00,169.5
2011-06-24 10:11:00,41.9
2011-06-24 10:16:00,185.64000000000001
2011-06-24 10:26:00,293.96
2011-06-24 10:31:00,301.9
2011-06-24 10:33:00,597.79
2011-06-24 10:44:00,262.87
2011-06-24 10:47:00,119.85000000000001
2011-06-24 11:08:00,309.8
2011-06-24 11:39:00,374.4
2011-06-24 12:00:00,170.51
2011-06-24 12:14:00,168.55
2011-06-24 12:30:00,307.5
2011-06-24 12:43:00,200.47
2011-06-24 12:44:00,68.5
2011-06-24 12:51:00,177.46
2011-06-24 13:20:00,417.36
2011-06-24 13:26:00,241.47
2011-06-24 13:28:00,773.08
2011-06-24 13:29:00,112.5
2011-06-24 13:35:00,634.74
2011-06-24 14:16:00,118.88
2011-06-24 14:33:00,312.85
2011-06-24 14:36:00,60.9
2011-06-24 14:54:00,229.26
2011-06-24 14:57:00,765.79
2011-06-24 15:00:00,365.11
2011-06-24 15:17:00,603.96
2011-06-24 15:28:00,516.69
2011-06-24 15:33:00,63.25
2011-06-24 15:51:00,1000.31
2011-06-24 15:59:00,20.4
2011-06-24 16:21:00,371.76
2011-06-24 16:38:00,937.0
2011-06-24 17:07:00,484.4
2011-06-24 17:35:00,913.36
2011-06-26 10:59:00,708.06
2011-06-26 11:00:00,35.400000000000006
2011-06-26 11:01:00,151.66
2011-06-26 11:47:00,573.71
2011-06-26 11:53:00,387.47
2011-06-26 11:58:00,24.84
2011-06-26 11:59:00,198.23
2011-06-26 12:04:00,135.37
2011-06-26 12:36:00,667.03
2011-06-26 12:51:00,79.9
2011-06-26 12:54:00,172.89
2011-06-26 13:00:00,103.0
2011-06-26 13:04:00,131.45000000000002
2011-06-26 13:24:00,545.34
2011-06-26 13:31:00,222.32
2011-06-26 13:45:00,852.84
2011-06-26 13:46:00,411.33
2011-06-26 13:56:00,196.64
2011-06-26 14:06:00,187.07
2011-06-26 14:08:00,413.6
2011-06-26 14:28:00,184.82
2011-06-26 14:54:00,389.81
2011-06-26 15:09:00,124.76
2011-06-26 15:35:00,95.19999999999999
2011-06-26 15:36:00,44.25
2011-06-26 16:06:00,45.5
2011-06-27 08:48:00,616.1700000000001
2011-06-27 08:49:00,200.15
2011-06-27 08:50:00,573.7
2011-06-27 09:34:00,171.98
2011-06-27 09:35:00,348.12
2011-06-27 10:16:00,510.45
2011-06-27 10:17:00,201.24
2011-06-27 10:20:00,1112.32
2011-06-27 10:29:00,666.06
2011-06-27 10:42:00,406.8
2011-06-27 11:50:00,167.59
2011-06-27 12:01:00,248.7
2011-06-27 12:11:00,434.0400000000001
2011-06-27 12:13:00,141.03
2011-06-27 12:16:00,154.15
2011-06-27 12:23:00,348.0
2011-06-27 12:25:00,768.0
2011-06-27 12:28:00,162.82
2011-06-27 12:32:00,701.88
2011-06-27 12:38:00,626.41
2011-06-27 12:45:00,666.68
2011-06-27 12:49:00,111.25999999999999
2011-06-27 12:58:00,163.29999999999998
2011-06-27 13:00:00,220.95
2011-06-27 13:12:00,318.2
2011-06-27 13:51:00,179.28000000000003
2011-06-27 13:58:00,243.76
2011-06-27 14:30:00,447.6
2011-06-27 14:36:00,339.26
2011-06-27 14:37:00,65.39999999999999
2011-06-27 14:41:00,453.69
2011-06-27 15:04:00,613.91
2011-06-27 15:28:00,310.12
2011-06-27 16:46:00,143.1
2011-06-27 16:48:00,576.08
2011-06-28 08:19:00,110.30000000000001
2011-06-28 08:38:00,310.0
2011-06-28 08:39:00,10.08
2011-06-28 08:45:00,10174.94
2011-06-28 08:50:00,1113.6000000000001
2011-06-28 09:10:00,98.3
2011-06-28 10:06:00,376.3
2011-06-28 10:17:00,382.46000000000004
2011-06-28 10:18:00,62.400000000000006
2011-06-28 10:31:00,216.95
2011-06-28 10:37:00,339.3
2011-06-28 10:38:00,333.65
2011-06-28 11:20:00,1382.88
2011-06-28 11:22:00,2739.92
2011-06-28 11:38:00,361.8
2011-06-28 11:44:00,1452.35
2011-06-28 11:46:00,173.8
2011-06-28 11:56:00,51.0
2011-06-28 12:09:00,492.94
2011-06-28 12:16:00,299.71
2011-06-28 12:21:00,407.04
2011-06-28 13:09:00,59.599999999999994
2011-06-28 13:10:00,500.0
2011-06-28 13:11:00,134.28
2011-06-28 13:16:00,254.18
2011-06-28 13:17:00,315.6
2011-06-28 13:36:00,222.9
2011-06-28 13:55:00,174.04999999999998
2011-06-28 14:20:00,173.56
2011-06-28 14:50:00,307.99
2011-06-28 14:51:00,82.66
2011-06-28 14:52:00,273.9
2011-06-28 14:54:00,107.5
2011-06-28 14:55:00,108.0
2011-06-28 14:58:00,604.23
2011-06-28 15:05:00,140.06
2011-06-28 15:14:00,1353.2
2011-06-28 15:15:00,530.4
2011-06-28 15:28:00,250.0
2011-06-28 15:30:00,510.72
2011-06-28 15:31:00,345.92
2011-06-28 15:36:00,960.08
2011-06-28 15:44:00,323.0
2011-06-28 15:47:00,550.57
2011-06-28 16:02:00,376.92
2011-06-28 16:03:00,60.8
2011-06-28 17:01:00,600.0
2011-06-28 17:28:00,322.53
2011-06-29 08:58:00,282.23
2011-06-29 09:09:00,395.7
2011-06-29 09:13:00,478.08
2011-06-29 09:32:00,47.92
2011-06-29 09:58:00,101.76
2011-06-29 10:18:00,242.09
2011-06-29 10:23:00,576.4
2011-06-29 10:50:00,3126.34
2011-06-29 11:35:00,259.98
2011-06-29 11:41:00,335.33
2011-06-29 11:46:00,178.63
2011-06-29 11:47:00,60.660000000000004
2011-06-29 12:12:00,227.70000000000002
2011-06-29 12:15:00,106.15
2011-06-29 12:16:00,342.21000000000004
2011-06-29 12:37:00,474.18
2011-06-29 12:46:00,175.89
2011-06-29 12:53:00,32.65
2011-06-29 12:59:00,145.48
2011-06-29 13:10:00,110.92
2011-06-29 13:20:00,403.44
2011-06-29 13:40:00,856.32
2011-06-29 13:51:00,258.12
2011-06-29 13:58:00,616.65
2011-06-29 13:59:00,47.5
2011-06-29 14:17:00,125.95
2011-06-29 14:20:00,109.64
2011-06-29 14:53:00,406.46
2011-06-29 15:03:00,185.85
2011-06-29 15:11:00,326.34
2011-06-29 15:22:00,170.42000000000002
2011-06-29 15:33:00,140.85
2011-06-29 15:40:00,547.44
2011-06-29 15:41:00,237.2
2011-06-29 15:42:00,204.0
2011-06-29 16:07:00,114.35000000000001
2011-06-29 16:44:00,119.8
2011-06-30 08:17:00,145.75
2011-06-30 09:02:00,483.01
2011-06-30 09:56:00,13.200000000000001
2011-06-30 09:59:00,219.83
2011-06-30 10:09:00,679.88
2011-06-30 10:19:00,615.09
2011-06-30 10:44:00,2231.3
2011-06-30 10:52:00,187.78
2011-06-30 11:01:00,13355.4
2011-06-30 11:02:00,813.65
2011-06-30 11:22:00,23.2
2011-06-30 11:32:00,328.41
2011-06-30 11:49:00,530.47
2011-06-30 11:54:00,567.42
2011-06-30 12:04:00,279.77
2011-06-30 12:06:00,1760.96
2011-06-30 12:12:00,246.82
2011-06-30 12:14:00,445.42
2011-06-30 12:15:00,2662.17
2011-06-30 12:23:00,368.3
2011-06-30 12:42:00,1948.92
2011-06-30 12:50:00,2390.4
2011-06-30 13:03:00,127.1
2011-06-30 13:14:00,131.06
2011-06-30 13:17:00,728.74
2011-06-30 13:23:00,5.95
2011-06-30 13:25:00,199.7
2011-06-30 13:28:00,309.9
2011-06-30 13:43:00,344.92
2011-06-30 13:45:00,482.6
2011-06-30 13:58:00,114.76
2011-06-30 14:37:00,682.6800000000001
2011-06-30 14:38:00,142.52
2011-06-30 14:46:00,810.26
2011-06-30 14:47:00,258.1
2011-06-30 14:48:00,97.2
2011-06-30 15:30:00,289.1
2011-06-30 15:35:00,57.900000000000006
2011-06-30 15:40:00,877.6800000000001
2011-06-30 15:46:00,756.36
2011-06-30 16:22:00,269.4
2011-06-30 16:28:00,316.7
2011-06-30 16:39:00,154.65
2011-06-30 16:43:00,300.04
2011-06-30 16:51:00,120.05000000000001
2011-06-30 16:52:00,163.9
2011-06-30 17:16:00,17.0
2011-06-30 17:29:00,301.06
2011-06-30 17:34:00,95.28
2011-06-30 17:40:00,311.86
2011-06-30 17:59:00,814.74
2011-06-30 18:04:00,32.4
2011-06-30 18:07:00,646.82
2011-06-30 18:17:00,161.89000000000001
2011-06-30 18:44:00,303.53999999999996
2011-06-30 19:13:00,294.65000000000003
2011-06-30 19:27:00,264.8
2011-06-30 19:52:00,91.22
2011-06-30 19:58:00,165.5
2011-06-30 20:08:00,203.85999999999999
2011-07-01 08:16:00,462.58
2011-07-01 08:55:00,360.8
2011-07-01 08:58:00,138.5
2011-07-01 09:19:00,831.34
2011-07-01 09:47:00,394.34000000000003
2011-07-01 09:51:00,410.90000000000003
2011-07-01 10:16:00,679.1
2011-07-01 10:39:00,439.74
2011-07-01 10:40:00,17.4
2011-07-01 10:47:00,345.29999999999995
2011-07-01 10:58:00,124.9
2011-07-01 11:29:00,976.58
2011-07-01 11:32:00,276.8
2011-07-01 11:33:00,184.2
2011-07-01 11:43:00,298.64
2011-07-01 12:09:00,587.3
2011-07-01 12:17:00,153.22
2011-07-01 12:33:00,304.61
2011-07-01 12:34:00,108.94999999999999
2011-07-01 12:45:00,156.17
2011-07-01 12:47:00,306.75
2011-07-01 12:50:00,658.85
2011-07-01 12:52:00,454.74
2011-07-01 12:58:00,100.33
2011-07-01 13:01:00,10.76
2011-07-01 13:02:00,617.03
2011-07-01 13:04:00,31.11
2011-07-01 13:05:00,18.830000000000002
2011-07-01 13:07:00,69.02
2011-07-01 13:17:00,128.27
2011-07-01 13:22:00,71.4
2011-07-01 13:31:00,117.68
2011-07-01 13:48:00,351.48
2011-07-01 14:08:00,8.25
2011-07-01 14:51:00,440.64
2011-07-01 14:53:00,796.83
2011-07-01 15:07:00,9.75
2011-07-01 15:22:00,13.370000000000001
2011-07-01 15:35:00,405.38
2011-07-01 15:39:00,111.7
2011-07-01 17:23:00,215.75
2011-07-03 10:11:00,318.90999999999997
2011-07-03 10:23:00,115.75
2011-07-03 10:28:00,155.34
2011-07-03 10:47:00,450.81
2011-07-03 11:26:00,462.19
2011-07-03 11:40:00,272.26
2011-07-03 12:10:00,406.65999999999997
2011-07-03 12:21:00,448.55
2011-07-03 12:22:00,223.92000000000002
2011-07-03 12:27:00,99.14
2011-07-03 12:36:00,247.52
2011-07-03 12:38:00,247.25
2011-07-03 12:52:00,175.65
2011-07-03 13:05:00,406.18
2011-07-03 13:08:00,209.51999999999998
2011-07-03 13:12:00,145.8
2011-07-03 13:24:00,306.33000000000004
2011-07-03 13:27:00,384.8
2011-07-03 13:33:00,95.15
2011-07-03 14:58:00,155.8
2011-07-03 15:19:00,115.55
2011-07-03 15:53:00,346.38
2011-07-03 16:00:00,242.93
2011-07-04 10:20:00,13282.0
2011-07-04 10:27:00,471.22
2011-07-04 10:42:00,100.8
2011-07-04 11:35:00,750.9
2011-07-04 11:42:00,474.36
2011-07-04 11:47:00,226.93
2011-07-04 11:59:00,30.0
2011-07-04 12:18:00,249.03
2011-07-04 12:19:00,1067.8799999999999
2011-07-04 12:25:00,1561.0900000000001
2011-07-04 12:28:00,276.82
2011-07-04 12:41:00,109.33
2011-07-04 12:47:00,375.22
2011-07-04 12:58:00,1128.6
2011-07-04 13:19:00,4436.3
2011-07-04 13:28:00,457.3
2011-07-04 13:35:00,153.13
2011-07-04 13:36:00,360.82
2011-07-04 13:50:00,249.05
2011-07-04 13:53:00,126.62
2011-07-04 14:07:00,369.56
2011-07-04 14:08:00,70.8
2011-07-04 14:36:00,998.4200000000001
2011-07-04 15:10:00,227.95000000000002
2011-07-04 15:13:00,49.5
2011-07-04 15:26:00,488.55
2011-07-04 15:29:00,659.08
2011-07-04 15:38:00,70.80000000000001
2011-07-04 15:46:00,298.74
2011-07-04 15:49:00,62.6
2011-07-04 15:50:00,101.10000000000001
2011-07-04 15:54:00,389.68
2011-07-04 16:06:00,107.7
2011-07-04 16:08:00,770.07
2011-07-04 16:35:00,433.21999999999997
2011-07-05 09:06:00,487.02
2011-07-05 09:10:00,789.6600000000001
2011-07-05 09:16:00,1141.2
2011-07-05 09:23:00,321.46
2011-07-05 09:31:00,31.25
2011-07-05 09:33:00,663.18
2011-07-05 09:34:00,838.8000000000001
2011-07-05 09:53:00,107.60000000000001
2011-07-05 09:56:00,455.45000000000005
2011-07-05 09:57:00,125.14
2011-07-05 10:06:00,254.4
2011-07-05 10:07:00,318.03
2011-07-05 10:08:00,17.4
2011-07-05 10:21:00,440.71
2011-07-05 10:23:00,324.17
2011-07-05 10:39:00,289.95
2011-07-05 10:54:00,351.14
2011-07-05 10:57:00,1088.5
2011-07-05 10:58:00,449.81
2011-07-05 11:10:00,129.64000000000001
2011-07-05 11:30:00,51.36
2011-07-05 11:32:00,123.73
2011-07-05 11:36:00,351.69
2011-07-05 11:49:00,504.98
2011-07-05 11:58:00,349.54
2011-07-05 12:03:00,311.82
2011-07-05 12:11:00,137.98000000000002
2011-07-05 12:15:00,457.15000000000003
2011-07-05 12:17:00,300.8
2011-07-05 12:18:00,72.0
2011-07-05 12:23:00,632.44
2011-07-05 12:39:00,302.18
2011-07-05 12:41:00,307.6
2011-07-05 12:47:00,689.58
2011-07-05 12:50:00,900.17
2011-07-05 12:52:00,467.7
2011-07-05 12:53:00,702.4
2011-07-05 13:01:00,672.9
2011-07-05 13:06:00,455.16999999999996
2011-07-05 13:07:00,160.42000000000002
2011-07-05 13:15:00,18.740000000000002
2011-07-05 13:16:00,532.94
2011-07-05 13:19:00,737.04
2011-07-05 13:38:00,210.10000000000002
2011-07-05 13:56:00,214.79999999999998
2011-07-05 14:20:00,75.0
2011-07-05 14:24:00,642.02
2011-07-05 14:27:00,330.6
2011-07-05 14:42:00,19.919999999999998
2011-07-05 14:53:00,2156.44
2011-07-05 14:56:00,369.85
2011-07-05 15:12:00,139.68
2011-07-05 15:14:00,662.35
2011-07-05 15:37:00,426.2
2011-07-05 15:40:00,178.74
2011-07-05 15:41:00,54.9
2011-07-05 15:44:00,1278.1
2011-07-05 15:48:00,768.0
2011-07-05 16:08:00,600.72
2011-07-06 09:15:00,356.99
2011-07-06 09:46:00,561.34
2011-07-06 09:49:00,719.06
2011-07-06 10:00:00,302.20000000000005
2011-07-06 10:04:00,197.24
2011-07-06 10:09:00,553.92
2011-07-06 10:10:00,173.86
2011-07-06 10:15:00,318.66
2011-07-06 10:41:00,308.42
2011-07-06 10:47:00,224.84
2011-07-06 10:48:00,197.22
2011-07-06 10:49:00,431.57
2011-07-06 10:52:00,647.9200000000001
2011-07-06 10:59:00,109.0
2011-07-06 11:02:00,605.76
2011-07-06 11:10:00,148.95
2011-07-06 11:22:00,127.53
2011-07-06 11:42:00,223.68
2011-07-06 11:52:00,809.85
2011-07-06 11:54:00,61.8
2011-07-06 11:59:00,215.25
2011-07-06 12:08:00,85.0
2011-07-06 12:18:00,688.63
2011-07-06 12:22:00,521.34
2011-07-06 12:26:00,253.26000000000002
2011-07-06 12:31:00,366.6
2011-07-06 12:32:00,437.38
2011-07-06 12:33:00,316.4
2011-07-06 12:39:00,193.29
2011-07-06 12:50:00,167.5
2011-07-06 12:56:00,412.2
2011-07-06 13:04:00,202.1
2011-07-06 13:06:00,255.95
2011-07-06 13:13:00,704.01
2011-07-06 13:14:00,1056.62
2011-07-06 13:18:00,134.5
2011-07-06 13:25:00,5.2
2011-07-06 13:35:00,215.74
2011-07-06 13:41:00,477.9
2011-07-06 13:56:00,683.91
2011-07-06 14:01:00,381.17
2011-07-06 14:04:00,67.79
2011-07-06 14:17:00,3137.85
2011-07-06 14:18:00,615.3000000000001
2011-07-06 14:41:00,96.0
2011-07-06 14:59:00,224.79
2011-07-06 15:02:00,550.65
2011-07-06 15:10:00,321.14
2011-07-06 15:15:00,108.4
2011-07-06 15:49:00,221.0
2011-07-06 15:50:00,79.62
2011-07-06 15:53:00,307.03
2011-07-06 16:03:00,345.65
2011-07-06 16:15:00,235.82
2011-07-06 16:39:00,587.46
2011-07-06 16:40:00,39.239999999999995
2011-07-06 16:54:00,532.21
2011-07-06 17:05:00,145.96
2011-07-06 17:25:00,311.46
2011-07-06 17:31:00,179.35
2011-07-07 08:21:00,377.61
2011-07-07 08:22:00,65.4
2011-07-07 10:03:00,416.62
2011-07-07 10:04:00,503.8
2011-07-07 10:20:00,66.55
2011-07-07 10:28:00,382.36
2011-07-07 10:36:00,361.11
2011-07-07 10:39:00,95.75
2011-07-07 10:40:00,781.03
2011-07-07 10:43:00,830.0000000000001
2011-07-07 11:02:00,909.24
2011-07-07 11:10:00,246.36
2011-07-07 11:12:00,128.16
2011-07-07 11:36:00,372.0
2011-07-07 11:56:00,300.03
2011-07-07 12:04:00,768.0
2011-07-07 12:10:00,819.0
2011-07-07 12:22:00,433.25
2011-07-07 12:29:00,28.880000000000003
2011-07-07 12:32:00,303.76
2011-07-07 12:36:00,428.49
2011-07-07 12:38:00,739.64
2011-07-07 12:39:00,229.14000000000001
2011-07-07 12:40:00,208.62
2011-07-07 12:41:00,336.8
2011-07-07 12:47:00,117.8
2011-07-07 12:56:00,142.1
2011-07-07 13:02:00,541.6
2011-07-07 13:05:00,306.42
2011-07-07 13:33:00,944.1600000000001
2011-07-07 13:35:00,1837.92
2011-07-07 13:43:00,97.5
2011-07-07 13:44:00,225.20000000000002
2011-07-07 13:52:00,430.00000000000006
2011-07-07 13:54:00,276.6
2011-07-07 14:03:00,285.83
2011-07-07 14:08:00,177.21
2011-07-07 14:11:00,10.08
2011-07-07 14:18:00,134.86
2011-07-07 14:30:00,422.72
2011-07-07 14:46:00,2609.0
2011-07-07 14:55:00,203.6
2011-07-07 14:56:00,158.39999999999998
2011-07-07 15:06:00,219.78
2011-07-07 15:16:00,208.89
2011-07-07 15:21:00,203.46
2011-07-07 15:31:00,275.76
2011-07-07 15:41:00,205.1
2011-07-07 15:44:00,400.1
2011-07-07 15:45:00,349.92
2011-07-07 15:46:00,130.2
2011-07-07 15:47:00,23.04
2011-07-07 16:17:00,113.96000000000001
2011-07-07 16:49:00,90.6
2011-07-07 16:51:00,308.58000000000004
2011-07-07 16:56:00,443.2
2011-07-07 16:59:00,611.22
2011-07-07 17:01:00,4.25
2011-07-07 17:19:00,202.16
2011-07-07 17:33:00,292.82
2011-07-07 17:35:00,346.38
2011-07-07 17:47:00,126.44999999999999
2011-07-07 17:56:00,63.75
2011-07-07 18:02:00,365.05
2011-07-07 18:14:00,112.71
2011-07-07 18:29:00,869.9
2011-07-07 18:56:00,2215.25
2011-07-07 19:14:00,180.39
2011-07-07 19:18:00,109.9
2011-07-07 19:54:00,114.54
2011-07-07 20:07:00,253.69999999999996
2011-07-08 08:43:00,683.64
2011-07-08 08:45:00,157.81
2011-07-08 08:48:00,761.9200000000001
2011-07-08 09:03:00,413.96
2011-07-08 09:38:00,529.09
2011-07-08 10:00:00,326.77
2011-07-08 10:01:00,185.51
2011-07-08 10:20:00,218.27
2011-07-08 10:23:00,626.88
2011-07-08 10:49:00,185.81
2011-07-08 11:36:00,579.26
2011-07-08 11:41:00,438.0
2011-07-08 11:52:00,225.72
2011-07-08 11:55:00,318.05
2011-07-08 12:00:00,284.75
2011-07-08 12:14:00,649.85
2011-07-08 12:18:00,110.49
2011-07-08 12:22:00,329.24
2011-07-08 12:34:00,251.9
2011-07-08 12:35:00,17.4
2011-07-08 12:50:00,870.37
2011-07-08 12:53:00,454.28
2011-07-08 13:00:00,300.86
2011-07-08 13:12:00,314.85
2011-07-08 13:23:00,28.35
2011-07-08 13:26:00,4029.71
2011-07-08 13:31:00,82.04
2011-07-08 13:37:00,252.37
2011-07-08 13:39:00,248.1
2011-07-08 13:44:00,305.75
2011-07-08 15:16:00,571.1800000000001
2011-07-08 15:22:00,98.06
2011-07-08 15:23:00,103.97
2011-07-08 15:25:00,31.74
2011-07-08 15:29:00,727.32
2011-07-08 15:31:00,2.37
2011-07-08 15:54:00,329.46000000000004
2011-07-08 15:56:00,243.22
2011-07-08 16:08:00,282.12
2011-07-08 16:17:00,870.0
2011-07-08 17:19:00,117.86
2011-07-10 10:14:00,45.0
2011-07-10 10:30:00,391.52
2011-07-10 11:19:00,115.72
2011-07-10 11:24:00,149.02
2011-07-10 11:34:00,455.95
2011-07-10 12:03:00,430.05
2011-07-10 12:07:00,13.01
2011-07-10 12:16:00,244.12
2011-07-10 12:17:00,198.56
2011-07-10 12:23:00,115.44999999999999
2011-07-10 12:25:00,269.49
2011-07-10 12:28:00,337.58
2011-07-10 12:40:00,52.199999999999996
2011-07-10 13:32:00,412.62
2011-07-10 13:46:00,38.98
2011-07-10 13:52:00,37.88
2011-07-10 14:42:00,288.42
2011-07-10 14:49:00,909.6
2011-07-10 15:12:00,381.37
2011-07-10 15:17:00,297.65
2011-07-10 15:25:00,280.7
2011-07-10 15:38:00,150.75
2011-07-10 16:18:00,111.23
2011-07-10 16:29:00,267.0
2011-07-11 09:23:00,322.15
2011-07-11 10:12:00,1778.5
2011-07-11 10:14:00,232.6
2011-07-11 10:24:00,34.68
2011-07-11 10:33:00,1217.64
2011-07-11 11:33:00,346.76
2011-07-11 11:38:00,114.11
2011-07-11 11:39:00,532.48
2011-07-11 11:51:00,126.6
2011-07-11 11:58:00,216.71
2011-07-11 12:01:00,47.550000000000004
2011-07-11 12:15:00,1236.48
2011-07-11 12:17:00,251.68
2011-07-11 12:23:00,457.26
2011-07-11 12:30:00,533.0200000000001
2011-07-11 12:31:00,365.02
2011-07-11 12:47:00,327.2
2011-07-11 12:49:00,165.07
2011-07-11 12:54:00,865.62
2011-07-11 12:57:00,178.38000000000002
2011-07-11 13:05:00,21.96
2011-07-11 13:06:00,30.0
2011-07-11 13:19:00,1080.65
2011-07-11 13:22:00,213.70000000000002
2011-07-11 13:32:00,299.7
2011-07-11 13:35:00,312.9
2011-07-11 13:40:00,301.26
2011-07-11 13:47:00,307.97
2011-07-11 13:55:00,114.95
2011-07-11 14:04:00,550.4
2011-07-11 14:10:00,1212.26
2011-07-11 14:16:00,351.7
2011-07-11 14:40:00,1195.12
2011-07-11 14:43:00,214.25
2011-07-11 14:46:00,793.88
2011-07-11 14:47:00,421.24
2011-07-11 14:55:00,32.95
2011-07-11 15:05:00,373.40000000000003
2011-07-11 15:22:00,78.6
2011-07-11 15:26:00,141.98
2011-07-11 15:28:00,168.95
2011-07-11 15:32:00,5.8
2011-07-11 15:52:00,1646.02
2011-07-11 16:59:00,156.85
2011-07-11 17:03:00,72.38
2011-07-11 17:07:00,631.65
2011-07-12 08:52:00,192.8
2011-07-12 09:04:00,1752.06
2011-07-12 09:10:00,2002.32
2011-07-12 09:11:00,857.7
2011-07-12 09:54:00,471.43
2011-07-12 10:02:00,347.29
2011-07-12 10:04:00,484.86
2011-07-12 10:05:00,116.55000000000001
2011-07-12 10:21:00,884.4
2011-07-12 10:25:00,191.60000000000002
2011-07-12 10:46:00,204.35
2011-07-12 10:47:00,304.5
2011-07-12 10:54:00,309.07
2011-07-12 11:15:00,113.07
2011-07-12 11:16:00,365.28
2011-07-12 11:28:00,207.41
2011-07-12 11:35:00,197.52000000000004
2011-07-12 11:37:00,119.19
2011-07-12 11:55:00,302.92
2011-07-12 12:02:00,302.04
2011-07-12 12:07:00,834.52
2011-07-12 12:19:00,326.4
2011-07-12 12:24:00,527.3
2011-07-12 12:43:00,24.380000000000003
2011-07-12 13:16:00,446.08
2011-07-12 13:26:00,35.0
2011-07-12 13:31:00,267.04
2011-07-12 13:32:00,100.32
2011-07-12 14:17:00,393.31
2011-07-12 14:26:00,490.11
2011-07-12 14:48:00,501.37
2011-07-12 14:57:00,235.71
2011-07-12 15:15:00,243.64999999999998
2011-07-12 15:22:00,305.1
2011-07-12 15:29:00,377.74
2011-07-12 15:42:00,753.66
2011-07-12 15:49:00,370.16
2011-07-12 15:56:00,757.6
2011-07-12 16:37:00,515.3
2011-07-12 16:58:00,256.7
2011-07-12 17:09:00,131.45
2011-07-12 17:15:00,12.75
2011-07-12 17:21:00,52.8
2011-07-12 17:23:00,263.38
2011-07-13 08:48:00,104.05
2011-07-13 09:44:00,439.7
2011-07-13 09:58:00,416.90000000000003
2011-07-13 10:02:00,239.2
2011-07-13 10:08:00,15.0
2011-07-13 10:09:00,516.12
2011-07-13 10:27:00,179.17
2011-07-13 10:30:00,515.72
2011-07-13 10:33:00,352.94
2011-07-13 10:38:00,406.22999999999996
2011-07-13 10:39:00,1086.8300000000002
2011-07-13 10:43:00,610.01
2011-07-13 11:00:00,47.24
2011-07-13 11:09:00,243.25
2011-07-13 11:17:00,178.82
2011-07-13 11:19:00,367.5
2011-07-13 11:20:00,5.1
2011-07-13 11:33:00,162.63
2011-07-13 11:34:00,591.6999999999999
2011-07-13 11:35:00,69.72
2011-07-13 11:44:00,211.68
2011-07-13 11:47:00,311.92
2011-07-13 11:48:00,915.46
2011-07-13 11:58:00,45.599999999999994
2011-07-13 12:06:00,1345.34
2011-07-13 12:15:00,177.85
2011-07-13 12:18:00,1013.09
2011-07-13 12:24:00,281.71
2011-07-13 12:27:00,214.2
2011-07-13 12:53:00,23.25
2011-07-13 13:14:00,105.78
2011-07-13 13:16:00,353.09
2011-07-13 13:20:00,506.16
2011-07-13 13:27:00,152.81
2011-07-13 13:33:00,185.85
2011-07-13 13:37:00,936.48
2011-07-13 14:28:00,330.92
2011-07-13 14:29:00,35.599999999999994
2011-07-13 14:39:00,270.9
2011-07-13 15:04:00,357.78
2011-07-13 15:05:00,17.4
2011-07-13 15:18:00,110.14
2011-07-13 15:29:00,488.4
2011-07-13 15:30:00,2735.16
2011-07-13 15:31:00,61.199999999999996
2011-07-13 15:42:00,305.02
2011-07-13 15:50:00,574.7
2011-07-13 16:47:00,316.85
2011-07-13 16:48:00,39.599999999999994
2011-07-13 17:03:00,461.08
2011-07-14 08:52:00,1710.39
2011-07-14 09:10:00,252.05
2011-07-14 09:22:00,585.62
2011-07-14 09:23:00,205.95
2011-07-14 09:26:00,561.9
2011-07-14 09:54:00,308.2
2011-07-14 09:58:00,304.92
2011-07-14 10:08:00,315.12
2011-07-14 10:09:00,49.92
2011-07-14 10:11:00,465.35
2011-07-14 10:15:00,112.81
2011-07-14 10:20:00,2752.5
2011-07-14 10:21:00,1633.8
2011-07-14 10:24:00,18.0
2011-07-14 10:41:00,1430.75
2011-07-14 10:52:00,309.4
2011-07-14 11:20:00,304.09999999999997
2011-07-14 11:28:00,202.87
2011-07-14 11:30:00,603.5400000000001
2011-07-14 11:34:00,164.0
2011-07-14 11:45:00,203.56
2011-07-14 11:46:00,219.06
2011-07-14 11:47:00,98.45
2011-07-14 12:12:00,688.0
2011-07-14 12:17:00,185.78
2011-07-14 12:21:00,521.49
2011-07-14 12:22:00,87.3
2011-07-14 12:29:00,139.95
2011-07-14 12:42:00,188.56
2011-07-14 12:48:00,285.0
2011-07-14 12:52:00,287.29
2011-07-14 13:00:00,385.56
2011-07-14 13:11:00,119.05
2011-07-14 13:20:00,2.5
2011-07-14 13:28:00,902.09
2011-07-14 13:35:00,300.99
2011-07-14 13:41:00,2204.36
2011-07-14 13:51:00,1147.1
2011-07-14 14:08:00,875.28
2011-07-14 14:46:00,825.42
2011-07-14 15:01:00,221.73000000000002
2011-07-14 15:02:00,132.16
2011-07-14 15:03:00,522.52
2011-07-14 15:22:00,344.62
2011-07-14 15:30:00,413.64
2011-07-14 15:44:00,366.31
2011-07-14 16:12:00,902.95
2011-07-14 16:23:00,3279.36
2011-07-14 16:35:00,299.18
2011-07-14 16:39:00,326.4
2011-07-14 16:42:00,135.62
2011-07-14 16:45:00,82.53
2011-07-14 17:11:00,356.84
2011-07-14 17:13:00,408.21999999999997
2011-07-14 17:14:00,30.5
2011-07-14 17:20:00,95.4
2011-07-14 17:40:00,339.38
2011-07-14 17:44:00,127.88
2011-07-14 18:08:00,105.0
2011-07-14 18:28:00,288.57
2011-07-14 18:44:00,130.26
2011-07-14 18:56:00,159.3
2011-07-14 19:23:00,222.13
2011-07-14 20:01:00,772.43
2011-07-15 08:09:00,356.1
2011-07-15 08:59:00,208.5
2011-07-15 09:00:00,56.82
2011-07-15 10:05:00,180.8
2011-07-15 10:21:00,867.06
2011-07-15 10:27:00,971.13
2011-07-15 10:33:00,119.04
2011-07-15 10:44:00,136.68
2011-07-15 11:04:00,709.74
2011-07-15 11:38:00,185.07
2011-07-15 11:45:00,118.71
2011-07-15 11:48:00,359.95
2011-07-15 11:49:00,52.980000000000004
2011-07-15 11:50:00,542.4
2011-07-15 11:57:00,113.06
2011-07-15 12:05:00,550.94
2011-07-15 12:10:00,322.2
2011-07-15 12:33:00,168.20000000000002
2011-07-15 12:45:00,60.0
2011-07-15 12:58:00,358.56000000000006
2011-07-15 12:59:00,30.0
2011-07-15 13:09:00,329.30000000000007
2011-07-15 13:10:00,776.0500000000001
2011-07-15 13:13:00,472.81
2011-07-15 13:17:00,154.20000000000002
2011-07-15 13:55:00,16.5
2011-07-15 13:57:00,410.84999999999997
2011-07-15 14:05:00,1246.32
2011-07-15 14:20:00,107.39999999999999
2011-07-15 14:34:00,561.06
2011-07-15 14:58:00,187.92000000000002
2011-07-15 15:28:00,231.39
2011-07-15 15:32:00,187.39
2011-07-15 16:06:00,400.76
2011-07-15 17:29:00,307.41
2011-07-17 10:39:00,155.3
2011-07-17 10:53:00,345.23
2011-07-17 10:55:00,250.95
2011-07-17 11:08:00,238.4
2011-07-17 11:10:00,247.44
2011-07-17 11:21:00,1885.1
2011-07-17 11:26:00,224.98000000000002
2011-07-17 11:27:00,49.550000000000004
2011-07-17 11:41:00,307.5
2011-07-17 11:50:00,1242.3799999999999
2011-07-17 11:59:00,216.37
2011-07-17 12:02:00,80.7
2011-07-17 12:14:00,268.76
2011-07-17 12:17:00,1353.1000000000001
2011-07-17 12:18:00,111.9
2011-07-17 12:24:00,438.76
2011-07-17 12:26:00,201.25
2011-07-17 12:31:00,259.79
2011-07-17 12:32:00,394.88
2011-07-17 12:35:00,115.87
2011-07-17 12:52:00,535.59
2011-07-17 13:07:00,236.94
2011-07-17 13:08:00,783.9
2011-07-17 13:24:00,140.76
2011-07-17 13:25:00,810.09
2011-07-17 13:26:00,482.8
2011-07-17 13:29:00,541.4300000000001
2011-07-17 13:32:00,171.44
2011-07-17 13:35:00,207.16
2011-07-17 13:40:00,368.18
2011-07-17 13:41:00,89.26
2011-07-17 13:46:00,417.38
2011-07-17 13:48:00,413.38
2011-07-17 13:54:00,338.70000000000005
2011-07-17 14:05:00,129.5
2011-07-17 14:07:00,211.69
2011-07-17 14:32:00,148.16000000000003
2011-07-17 14:42:00,131.73
2011-07-17 14:51:00,355.57
2011-07-17 14:56:00,150.1
2011-07-17 14:59:00,372.3
2011-07-17 15:00:00,91.73
2011-07-17 15:08:00,15.0
2011-07-17 15:11:00,108.44
2011-07-17 15:24:00,114.14
2011-07-17 15:45:00,173.39
2011-07-17 15:47:00,173.65
2011-07-17 15:50:00,705.3000000000001
2011-07-17 15:59:00,152.68
2011-07-18 08:21:00,277.12
2011-07-18 09:15:00,204.54
2011-07-18 09:21:00,675.7
2011-07-18 09:38:00,898.44
2011-07-18 09:49:00,115.49
2011-07-18 10:05:00,563.4200000000001
2011-07-18 10:21:00,456.84
2011-07-18 10:28:00,747.78
2011-07-18 10:29:00,800.46
2011-07-18 10:43:00,47.7
2011-07-18 10:49:00,241.95000000000002
2011-07-18 11:37:00,114.55
2011-07-18 11:41:00,333.11
2011-07-18 11:42:00,183.5
2011-07-18 11:47:00,337.43
2011-07-18 11:55:00,3949.32
2011-07-18 11:58:00,272.81
2011-07-18 11:59:00,150.78
2011-07-18 12:05:00,131.5
2011-07-18 12:15:00,1585.94
2011-07-18 12:19:00,487.96999999999997
2011-07-18 12:25:00,728.0600000000001
2011-07-18 12:42:00,378.16
2011-07-18 12:49:00,119.39999999999999
2011-07-18 12:52:00,314.15000000000003
2011-07-18 12:53:00,310.49
2011-07-18 13:00:00,179.41
2011-07-18 13:30:00,217.6
2011-07-18 13:33:00,470.84
2011-07-18 13:35:00,556.58
2011-07-18 14:04:00,364.14
2011-07-18 14:10:00,1734.58
2011-07-18 14:28:00,530.47
2011-07-18 14:32:00,207.94
2011-07-18 14:33:00,550.64
2011-07-18 14:36:00,304.52
2011-07-18 14:40:00,21.72
2011-07-18 14:56:00,147.18
2011-07-18 15:14:00,300.18
2011-07-18 15:15:00,370.1
2011-07-18 15:39:00,484.1
2011-07-18 16:05:00,218.62
2011-07-18 16:57:00,165.20000000000002
2011-07-18 16:59:00,120.23
2011-07-18 17:10:00,201.96
2011-07-18 17:15:00,445.74
2011-07-19 09:08:00,11134.34
2011-07-19 09:10:00,532.3199999999999
2011-07-19 09:24:00,525.03
2011-07-19 09:29:00,576.0
2011-07-19 09:31:00,335.09999999999997
2011-07-19 09:49:00,90.0
2011-07-19 09:50:00,1527.0
2011-07-19 09:51:00,99.6
2011-07-19 09:52:00,1198.3799999999999
2011-07-19 10:06:00,224.3
2011-07-19 10:40:00,220.15
2011-07-19 10:42:00,483.02000000000004
2011-07-19 10:49:00,355.53999999999996
2011-07-19 10:51:00,158.65
2011-07-19 11:03:00,460.14
2011-07-19 11:08:00,223.06
2011-07-19 11:40:00,362.82
2011-07-19 11:47:00,4406.61
2011-07-19 11:56:00,64.8
2011-07-19 11:57:00,470.95
2011-07-19 12:10:00,390.98
2011-07-19 12:13:00,242.91
2011-07-19 12:15:00,123.15
2011-07-19 12:19:00,1142.97
2011-07-19 12:37:00,60.650000000000006
2011-07-19 12:38:00,337.65
2011-07-19 12:39:00,614.2
2011-07-19 12:42:00,121.38000000000001
2011-07-19 12:43:00,653.9
2011-07-19 12:47:00,109.01
2011-07-19 12:54:00,750.93
2011-07-19 12:58:00,126.35
2011-07-19 13:01:00,474.09000000000003
2011-07-19 13:05:00,110.23
2011-07-19 13:34:00,185.55
2011-07-19 13:45:00,431.66
2011-07-19 14:03:00,554.84
2011-07-19 14:04:00,557.6800000000001
2011-07-19 14:28:00,36.56
2011-07-19 14:29:00,729.0699999999999
2011-07-19 14:59:00,202.07
2011-07-19 15:07:00,471.27000000000004
2011-07-19 15:13:00,566.13
2011-07-19 15:23:00,8801.51
2011-07-19 15:29:00,611.76
2011-07-19 15:30:00,49.470000000000006
2011-07-19 15:38:00,112.74
2011-07-19 15:48:00,667.2
2011-07-19 15:49:00,60.0
2011-07-19 15:55:00,1292.31
2011-07-19 16:36:00,557.6800000000001
2011-07-19 16:45:00,814.48
2011-07-19 16:48:00,186.20000000000002
2011-07-19 16:54:00,326.4
2011-07-19 17:02:00,310.45
2011-07-19 17:04:00,191.16
2011-07-19 17:17:00,176.68
2011-07-20 08:48:00,336.36
2011-07-20 08:59:00,300.65
2011-07-20 09:23:00,464.71999999999997
2011-07-20 09:30:00,611.24
2011-07-20 10:08:00,293.07
2011-07-20 10:15:00,301.52
2011-07-20 10:51:00,1021.12
2011-07-20 10:59:00,313.76
2011-07-20 11:00:00,111.96
2011-07-20 11:07:00,329.65
2011-07-20 11:22:00,460.39
2011-07-20 11:28:00,2365.91
2011-07-20 11:33:00,710.25
2011-07-20 11:38:00,918.29
2011-07-20 11:50:00,385.57
2011-07-20 11:54:00,153.34
2011-07-20 11:55:00,312.9
2011-07-20 12:00:00,1002.8
2011-07-20 12:01:00,230.22
2011-07-20 12:05:00,835.65
2011-07-20 12:08:00,785.0
2011-07-20 12:14:00,111.49000000000001
2011-07-20 12:16:00,227.92000000000002
2011-07-20 12:29:00,664.83
2011-07-20 12:38:00,157.71
2011-07-20 12:45:00,299.28
2011-07-20 12:51:00,26.02
2011-07-20 12:58:00,193.23
2011-07-20 13:06:00,116.13
2011-07-20 13:09:00,160.8
2011-07-20 13:10:00,26.25
2011-07-20 13:21:00,132.95000000000002
2011-07-20 13:26:00,1532.76
2011-07-20 13:30:00,1682.5900000000001
2011-07-20 13:31:00,17.0
2011-07-20 13:32:00,29.759999999999998
2011-07-20 13:53:00,385.0
2011-07-20 13:55:00,534.34
2011-07-20 13:56:00,59.699999999999996
2011-07-20 14:16:00,102.83
2011-07-20 14:33:00,126.58
2011-07-20 14:38:00,348.29
2011-07-20 14:39:00,5433.57
2011-07-20 14:54:00,163.68
2011-07-20 14:55:00,341.03
2011-07-20 14:58:00,990.0
2011-07-20 15:33:00,345.14
2011-07-20 15:44:00,312.9
2011-07-20 15:56:00,310.82
2011-07-21 08:44:00,408.25
2011-07-21 09:43:00,353.02
2011-07-21 10:10:00,337.93
2011-07-21 10:24:00,676.8
2011-07-21 10:29:00,902.4
2011-07-21 10:30:00,116.81
2011-07-21 10:32:00,685.5
2011-07-21 10:44:00,600.1800000000001
2011-07-21 10:59:00,146.66
2011-07-21 11:17:00,109.44999999999999
2011-07-21 11:23:00,134.57
2011-07-21 11:30:00,512.94
2011-07-21 11:42:00,252.45
2011-07-21 11:55:00,1088.86
2011-07-21 12:00:00,283.12
2011-07-21 12:14:00,205.66
2011-07-21 12:15:00,484.40000000000003
2011-07-21 12:23:00,121.54
2011-07-21 12:25:00,2569.55
2011-07-21 12:27:00,99.0
2011-07-21 12:28:00,74.88
2011-07-21 12:29:00,301.26
2011-07-21 12:33:00,460.7
2011-07-21 12:46:00,473.09999999999997
2011-07-21 13:06:00,421.7
2011-07-21 13:25:00,295.79999999999995
2011-07-21 13:28:00,87.30000000000001
2011-07-21 13:37:00,196.0
2011-07-21 13:48:00,287.83
2011-07-21 13:53:00,127.83
2011-07-21 13:54:00,475.36
2011-07-21 14:14:00,82.92
2011-07-21 14:34:00,375.26
2011-07-21 14:40:00,20.8
2011-07-21 14:41:00,338.03
2011-07-21 14:52:00,563.07
2011-07-21 15:12:00,606.46
2011-07-21 15:14:00,1159.06
2011-07-21 15:16:00,201.18
2011-07-21 15:23:00,64.02
2011-07-21 15:45:00,56.3
2011-07-21 15:47:00,312.59000000000003
2011-07-21 16:10:00,452.71000000000004
2011-07-21 16:12:00,890.0
2011-07-21 16:20:00,189.26
2011-07-21 16:27:00,675.0
2011-07-21 16:28:00,2064.8
2011-07-21 16:33:00,352.46000000000004
2011-07-21 17:02:00,254.38
2011-07-21 17:08:00,1187.7
2011-07-21 17:09:00,751.75
2011-07-21 17:12:00,1021.9200000000001
2011-07-21 17:26:00,440.23
2011-07-21 17:39:00,746.5699999999999
2011-07-21 17:55:00,173.8
2011-07-21 17:56:00,86.24
2011-07-21 18:00:00,41.1
2011-07-21 18:07:00,4.25
2011-07-21 18:08:00,310.93
2011-07-21 18:19:00,634.24
2011-07-21 18:21:00,833.85
2011-07-21 18:27:00,813.89
2011-07-21 18:31:00,430.0
2011-07-21 18:36:00,385.52
2011-07-21 19:17:00,322.67
2011-07-21 19:34:00,260.9
2011-07-22 09:01:00,647.9200000000001
2011-07-22 09:02:00,1665.1999999999998
2011-07-22 09:55:00,572.9300000000001
2011-07-22 10:00:00,425.96
2011-07-22 10:06:00,53.79
2011-07-22 10:23:00,325.44
2011-07-22 10:25:00,175.04999999999998
2011-07-22 10:48:00,374.28
2011-07-22 10:52:00,218.56
2011-07-22 11:31:00,164.92
2011-07-22 11:44:00,438.5
2011-07-22 11:55:00,508.25
2011-07-22 11:56:00,167.4
2011-07-22 12:08:00,83.7
2011-07-22 12:09:00,422.40000000000003
2011-07-22 12:20:00,480.62
2011-07-22 12:21:00,310.36
2011-07-22 12:41:00,318.8
2011-07-22 13:17:00,356.0
2011-07-22 13:20:00,748.14
2011-07-22 13:29:00,890.0699999999999
2011-07-22 13:31:00,224.94
2011-07-22 13:35:00,38.16
2011-07-22 13:53:00,685.1
2011-07-22 13:59:00,768.02
2011-07-22 14:07:00,214.62
2011-07-22 14:23:00,311.07
2011-07-22 14:39:00,325.44
2011-07-22 14:41:00,23.8
2011-07-22 14:47:00,304.87
2011-07-22 14:53:00,134.44
2011-07-22 15:02:00,469.90000000000003
2011-07-22 15:21:00,649.46
2011-07-22 15:43:00,185.70000000000002
2011-07-22 16:03:00,489.6
2011-07-22 16:04:00,149.48
2011-07-22 17:21:00,310.88
2011-07-24 10:03:00,320.71
2011-07-24 10:24:00,282.66
2011-07-24 10:30:00,354.24
2011-07-24 10:35:00,693.37
2011-07-24 10:37:00,196.28
2011-07-24 10:49:00,178.81
2011-07-24 10:54:00,1468.3600000000001
2011-07-24 11:06:00,319.85
2011-07-24 11:25:00,678.8
2011-07-24 11:32:00,307.8
2011-07-24 11:37:00,390.7
2011-07-24 11:40:00,383.12
2011-07-24 11:45:00,209.35
2011-07-24 11:52:00,244.79999999999998
2011-07-24 11:54:00,301.39
2011-07-24 11:55:00,612.1
2011-07-24 11:58:00,112.0
2011-07-24 12:02:00,452.42
2011-07-24 12:05:00,505.46
2011-07-24 12:18:00,361.21999999999997
2011-07-24 12:20:00,632.13
2011-07-24 12:26:00,357.4
2011-07-24 12:29:00,124.71
2011-07-24 12:33:00,452.0
2011-07-24 12:46:00,194.48
2011-07-24 12:51:00,761.76
2011-07-24 13:03:00,147.12
2011-07-24 13:06:00,403.05
2011-07-24 13:11:00,7138.12
2011-07-24 13:12:00,711.84
2011-07-24 13:13:00,750.22
2011-07-24 13:14:00,201.6
2011-07-24 13:17:00,133.76
2011-07-24 13:18:00,11.22
2011-07-24 13:26:00,373.1
2011-07-24 13:30:00,229.14
2011-07-24 13:56:00,19.5
2011-07-24 14:12:00,174.0
2011-07-24 14:16:00,136.60000000000002
2011-07-24 14:18:00,101.05
2011-07-24 14:21:00,206.25
2011-07-24 14:26:00,99.96
2011-07-24 14:33:00,501.14
2011-07-24 15:23:00,136.65
2011-07-24 15:39:00,824.55
2011-07-24 15:46:00,1408.06
2011-07-24 15:51:00,185.0
2011-07-24 15:52:00,402.08000000000004
2011-07-24 15:53:00,868.49
2011-07-24 16:05:00,197.9
2011-07-24 16:12:00,386.6
2011-07-24 16:15:00,148.96
2011-07-24 16:18:00,5.04
2011-07-25 08:50:00,265.27
2011-07-25 09:26:00,929.53
2011-07-25 09:48:00,261.41999999999996
2011-07-25 09:50:00,168.85000000000002
2011-07-25 09:58:00,288.5
2011-07-25 10:01:00,1358.3899999999999
2011-07-25 10:04:00,513.64
2011-07-25 10:19:00,449.73
2011-07-25 10:28:00,273.8
2011-07-25 10:47:00,397.2
2011-07-25 10:56:00,558.49
2011-07-25 11:01:00,517.4300000000001
2011-07-25 11:05:00,241.92
2011-07-25 11:17:00,376.24
2011-07-25 11:36:00,414.25
2011-07-25 11:37:00,520.23
2011-07-25 11:43:00,298.2
2011-07-25 11:49:00,734.0
2011-07-25 11:53:00,124.44
2011-07-25 12:09:00,822.86
2011-07-25 12:12:00,547.3
2011-07-25 12:22:00,856.0
2011-07-25 12:25:00,127.95000000000002
2011-07-25 12:34:00,233.51
2011-07-25 12:50:00,187.20000000000002
2011-07-25 12:58:00,531.96
2011-07-25 12:59:00,331.74
2011-07-25 13:00:00,126.75
2011-07-25 13:06:00,317.82
2011-07-25 13:16:00,150.85
2011-07-25 13:28:00,101.15
2011-07-25 13:37:00,113.95
2011-07-25 13:42:00,299.4
2011-07-25 13:45:00,441.14
2011-07-25 13:46:00,87.4
2011-07-25 13:54:00,617.54
2011-07-25 13:57:00,564.03
2011-07-25 14:35:00,457.69
2011-07-25 14:45:00,337.5
2011-07-25 15:01:00,95.28
2011-07-25 15:08:00,111.25
2011-07-25 15:14:00,135.0
2011-07-25 15:17:00,311.76
2011-07-25 15:22:00,451.13
2011-07-25 15:48:00,200.47
2011-07-25 16:18:00,302.71000000000004
2011-07-25 16:20:00,7.040000000000001
2011-07-25 16:39:00,2007.3999999999999
2011-07-25 17:04:00,120.0
2011-07-26 08:51:00,301.2
2011-07-26 09:20:00,427.23
2011-07-26 09:23:00,214.82
2011-07-26 09:27:00,491.0
2011-07-26 09:51:00,152.66
2011-07-26 09:55:00,895.0
2011-07-26 10:13:00,222.831
2011-07-26 10:16:00,118.8
2011-07-26 10:20:00,237.55
2011-07-26 10:27:00,908.46
2011-07-26 11:00:00,210.0
2011-07-26 11:05:00,1152.8
2011-07-26 11:24:00,100.82
2011-07-26 11:38:00,877.35
2011-07-26 11:39:00,24.96
2011-07-26 12:00:00,396.77
2011-07-26 12:03:00,1611.1100000000001
2011-07-26 12:04:00,147.1
2011-07-26 12:24:00,218.76
2011-07-26 12:26:00,136.29
2011-07-26 12:28:00,1648.73
2011-07-26 12:36:00,161.9
2011-07-26 12:57:00,191.89000000000001
2011-07-26 12:59:00,170.76
2011-07-26 13:03:00,301.98
2011-07-26 13:45:00,295.64
2011-07-26 13:46:00,449.87
2011-07-26 13:57:00,154.21
2011-07-26 14:03:00,462.75
2011-07-26 14:24:00,127.61
2011-07-26 14:25:00,593.74
2011-07-26 14:27:00,111.86
2011-07-26 14:41:00,416.90000000000003
2011-07-26 14:42:00,208.2
2011-07-26 14:51:00,968.4
2011-07-26 14:56:00,231.35
2011-07-26 15:29:00,566.84
2011-07-26 15:37:00,375.0
2011-07-26 15:42:00,218.44
2011-07-26 15:45:00,310.72
2011-07-26 16:00:00,36.5
2011-07-26 16:55:00,134.38
2011-07-26 17:14:00,110.78
2011-07-26 17:27:00,199.04
2011-07-27 08:35:00,445.84999999999997
2011-07-27 09:01:00,60.7
2011-07-27 09:13:00,135.35999999999999
2011-07-27 09:14:00,9.959999999999999
2011-07-27 09:22:00,196.86
2011-07-27 09:32:00,3680.4
2011-07-27 09:37:00,411.08000000000004
2011-07-27 09:52:00,239.0
2011-07-27 09:59:00,410.63
2011-07-27 10:10:00,309.8
2011-07-27 10:29:00,358.7
2011-07-27 10:40:00,794.58
2011-07-27 10:41:00,2606.4
2011-07-27 10:52:00,618.5
2011-07-27 10:53:00,1049.38
2011-07-27 11:29:00,360.54
2011-07-27 11:47:00,353.76
2011-07-27 11:58:00,267.32
2011-07-27 12:19:00,313.5
2011-07-27 12:38:00,260.56
2011-07-27 12:45:00,259.01
2011-07-27 12:50:00,160.2
2011-07-27 12:58:00,151.95
2011-07-27 13:00:00,440.7
2011-07-27 13:14:00,865.01
2011-07-27 13:15:00,104.25
2011-07-27 13:17:00,544.2
2011-07-27 13:18:00,2688.27
2011-07-27 13:42:00,252.22
2011-07-27 13:51:00,375.13
2011-07-27 14:14:00,1044.2
2011-07-27 14:21:00,1214.81
2011-07-27 14:23:00,99.0
2011-07-27 15:02:00,208.63000000000002
2011-07-27 15:09:00,223.39
2011-07-27 15:14:00,383.66
2011-07-27 15:17:00,533.08
2011-07-27 15:20:00,254.82
2011-07-27 17:01:00,83.99
2011-07-27 17:03:00,30.42
2011-07-27 17:06:00,40.05
2011-07-27 17:08:00,15.45
2011-07-28 08:55:00,498.04
2011-07-28 09:19:00,257.7
2011-07-28 09:21:00,383.2
2011-07-28 09:27:00,558.25
2011-07-28 09:30:00,650.64
2011-07-28 09:32:00,585.0
2011-07-28 09:45:00,612.91
2011-07-28 09:48:00,311.32
2011-07-28 09:58:00,469.31000000000006
2011-07-28 10:09:00,532.98
2011-07-28 10:14:00,305.0
2011-07-28 10:24:00,109.26
2011-07-28 10:33:00,385.14
2011-07-28 10:38:00,307.35
2011-07-28 10:46:00,141.15
2011-07-28 11:18:00,73.8
2011-07-28 11:20:00,39.2
2011-07-28 11:22:00,897.8
2011-07-28 11:26:00,126.6
2011-07-28 11:29:00,455.22
2011-07-28 11:35:00,340.8
2011-07-28 12:05:00,15.0
2011-07-28 12:06:00,306.35
2011-07-28 12:09:00,380.12
2011-07-28 12:15:00,513.3
2011-07-28 12:28:00,325.46999999999997
2011-07-28 12:29:00,249.38
2011-07-28 12:50:00,633.07
2011-07-28 12:57:00,358.64
2011-07-28 13:02:00,357.7
2011-07-28 13:05:00,323.38
2011-07-28 13:28:00,263.32
2011-07-28 13:54:00,81.6
2011-07-28 14:03:00,1424.81
2011-07-28 14:08:00,707.09
2011-07-28 14:13:00,1.6800000000000002
2011-07-28 14:16:00,23.5
2011-07-28 14:27:00,624.22
2011-07-28 14:30:00,425.32
2011-07-28 14:33:00,10303.95
2011-07-28 14:34:00,65.4
2011-07-28 14:35:00,327.32
2011-07-28 14:36:00,344.4
2011-07-28 14:45:00,428.4
2011-07-28 14:54:00,244.8
2011-07-28 15:03:00,212.18
2011-07-28 15:04:00,518.04
2011-07-28 15:15:00,648.72
2011-07-28 15:16:00,4345.1
2011-07-28 15:19:00,477.6
2011-07-28 15:20:00,3301.38
2011-07-28 15:21:00,196.88
2011-07-28 15:31:00,444.90000000000003
2011-07-28 15:55:00,304.94
2011-07-28 15:58:00,356.89
2011-07-28 16:00:00,6591.6
2011-07-28 16:03:00,330.6
2011-07-28 16:04:00,27.8
2011-07-28 16:06:00,347.35
2011-07-28 16:11:00,3453.7200000000003
2011-07-28 16:21:00,199.08
2011-07-28 16:28:00,192.34
2011-07-28 16:53:00,569.04
2011-07-28 17:09:00,811.9
2011-07-28 17:15:00,142.05
2011-07-28 17:17:00,1746.72
2011-07-28 17:18:00,587.52
2011-07-28 17:33:00,119.64
2011-07-28 17:53:00,106.8
2011-07-28 18:23:00,112.56
2011-07-28 18:33:00,111.16000000000001
2011-07-28 18:56:00,778.12
2011-07-28 19:13:00,25.5
2011-07-28 19:34:00,1.95
2011-07-28 19:46:00,367.4
2011-07-29 08:29:00,505.25
2011-07-29 08:30:00,14.850000000000001
2011-07-29 08:48:00,310.07
2011-07-29 09:01:00,337.44
2011-07-29 09:11:00,356.92
2011-07-29 09:48:00,474.62
2011-07-29 09:57:00,375.0
2011-07-29 10:00:00,365.1
2011-07-29 10:06:00,215.5
2011-07-29 10:21:00,492.28
2011-07-29 10:32:00,152.4
2011-07-29 10:34:00,231.96
2011-07-29 10:41:00,234.12
2011-07-29 10:58:00,520.8000000000001
2011-07-29 11:07:00,111.17
2011-07-29 11:23:00,295.02
2011-07-29 11:25:00,177.6
2011-07-29 11:27:00,15.0
2011-07-29 11:28:00,130.2
2011-07-29 11:35:00,148.21
2011-07-29 11:45:00,720.8199999999999
2011-07-29 11:49:00,244.94
2011-07-29 11:56:00,802.52
2011-07-29 12:03:00,308.02
2011-07-29 12:09:00,331.90000000000003
2011-07-29 12:13:00,138.16
2011-07-29 12:16:00,221.8
2011-07-29 12:18:00,308.71000000000004
2011-07-29 12:41:00,508.18
2011-07-29 12:50:00,199.96
2011-07-29 13:11:00,462.91
2011-07-29 13:28:00,677.9
2011-07-29 13:34:00,102.6
2011-07-29 13:37:00,795.8000000000001
2011-07-29 13:39:00,728.94
2011-07-29 13:46:00,241.62
2011-07-29 14:13:00,151.76
2011-07-29 14:14:00,187.18
2011-07-29 14:29:00,161.68
2011-07-29 14:39:00,185.56
2011-07-29 14:40:00,417.94
2011-07-29 14:55:00,322.4
2011-07-29 15:02:00,335.45
2011-07-29 15:11:00,362.0
2011-07-29 15:12:00,508.5
2011-07-29 15:25:00,162.72
2011-07-29 15:40:00,368.45
2011-07-29 15:42:00,41.6
2011-07-29 15:46:00,116.93
2011-07-29 15:51:00,508.53000000000003
2011-07-29 15:59:00,104.2
2011-07-29 16:24:00,308.44
2011-07-29 16:39:00,406.0
2011-07-29 17:19:00,208.64999999999998
2011-07-29 17:28:00,124.33
2011-07-31 10:28:00,458.94
2011-07-31 10:38:00,352.81
2011-07-31 10:40:00,411.74
2011-07-31 10:43:00,396.96000000000004
2011-07-31 10:47:00,244.79999999999998
2011-07-31 10:48:00,115.08
2011-07-31 10:59:00,115.61
2011-07-31 11:26:00,188.54
2011-07-31 11:38:00,172.96
2011-07-31 11:45:00,1056.11
2011-07-31 11:46:00,414.69
2011-07-31 11:48:00,2157.5
2011-07-31 12:02:00,297.32
2011-07-31 12:05:00,765.3199999999999
2011-07-31 12:08:00,149.02
2011-07-31 12:16:00,483.63
2011-07-31 12:34:00,189.82999999999998
2011-07-31 12:43:00,738.0600000000001
2011-07-31 12:44:00,173.88
2011-07-31 12:47:00,446.75
2011-07-31 12:52:00,677.1
2011-07-31 13:07:00,139.98
2011-07-31 13:13:00,324.1
2011-07-31 13:33:00,309.14
2011-07-31 13:36:00,360.54
2011-07-31 13:37:00,519.04
2011-07-31 14:17:00,343.40999999999997
2011-07-31 14:19:00,156.57999999999998
2011-07-31 14:39:00,287.38
2011-07-31 15:00:00,494.27
2011-07-31 15:04:00,1.25
2011-07-31 15:22:00,408.33
2011-07-31 15:24:00,220.2
2011-07-31 15:25:00,1325.23
2011-07-31 15:26:00,462.78
2011-07-31 15:31:00,638.19
2011-07-31 15:42:00,13464.26
2011-07-31 15:50:00,3633.58
2011-07-31 16:04:00,298.38
2011-08-01 08:30:00,304.56
2011-08-01 09:31:00,178.5
2011-08-01 10:03:00,660.45
2011-08-01 10:08:00,211.14000000000001
2011-08-01 10:09:00,120.5
2011-08-01 10:23:00,799.62
2011-08-01 10:26:00,1089.18
2011-08-01 11:08:00,181.16
2011-08-01 11:12:00,8.29
2011-08-01 11:13:00,182.66
2011-08-01 11:23:00,781.19
2011-08-01 11:44:00,250.0
2011-08-01 11:57:00,228.94
2011-08-01 12:12:00,174.64
2011-08-01 12:16:00,748.32
2011-08-01 12:28:00,306.1
2011-08-01 12:48:00,1866.43
2011-08-01 12:50:00,29.700000000000003
2011-08-01 12:56:00,678.47
2011-08-01 12:57:00,204.0
2011-08-01 13:02:00,59.39999999999999
2011-08-01 13:03:00,35.1
2011-08-01 13:11:00,174.88
2011-08-01 13:29:00,229.0
2011-08-01 13:31:00,206.69
2011-08-01 13:44:00,306.02
2011-08-01 13:48:00,800.76
2011-08-01 13:54:00,422.07
2011-08-01 14:05:00,321.29
2011-08-01 14:06:00,57.3
2011-08-01 14:16:00,759.56
2011-08-01 14:29:00,687.0
2011-08-01 14:57:00,457.6
2011-08-01 15:37:00,249.0
2011-08-01 15:57:00,258.75
2011-08-01 16:16:00,227.0
2011-08-01 16:41:00,2327.0
2011-08-01 17:37:00,3226.13
2011-08-02 08:48:00,584.9100000000001
2011-08-02 08:49:00,340.74
2011-08-02 09:14:00,777.95
2011-08-02 09:29:00,438.16
2011-08-02 09:34:00,436.0
2011-08-02 09:35:00,219.2
2011-08-02 09:55:00,85.8
2011-08-02 10:00:00,1487.6
2011-08-02 10:19:00,1325.7
2011-08-02 10:24:00,114.78
2011-08-02 10:33:00,477.91
2011-08-02 10:34:00,4008.62
2011-08-02 10:38:00,16.7
2011-08-02 11:33:00,267.71999999999997
2011-08-02 11:34:00,19.919999999999998
2011-08-02 12:11:00,376.02
2011-08-02 12:27:00,970.58
2011-08-02 12:31:00,124.11
2011-08-02 12:35:00,228.96000000000004
2011-08-02 12:55:00,457.86
2011-08-02 12:59:00,326.22
2011-08-02 13:09:00,69.6
2011-08-02 13:15:00,168.05
2011-08-02 13:16:00,189.94
2011-08-02 13:31:00,20.8
2011-08-02 13:46:00,423.3
2011-08-02 14:00:00,362.52000000000004
2011-08-02 14:04:00,1595.48
2011-08-02 14:21:00,1490.82
2011-08-02 14:23:00,24.599999999999998
2011-08-02 14:50:00,174.10999999999999
2011-08-02 15:19:00,122.47
2011-08-02 15:29:00,500.24
2011-08-02 15:40:00,116.01
2011-08-02 15:42:00,465.56
2011-08-02 15:53:00,165.24
2011-08-02 17:04:00,321.5
2011-08-02 17:19:00,870.0
2011-08-02 17:29:00,111.35
2011-08-03 08:21:00,201.77
2011-08-03 09:06:00,34.8
2011-08-03 09:07:00,409.42
2011-08-03 09:09:00,988.34
2011-08-03 09:13:00,275.88
2011-08-03 09:30:00,490.87
2011-08-03 09:40:00,583.24
2011-08-03 09:47:00,112.09
2011-08-03 09:59:00,168.0
2011-08-03 10:04:00,868.79
2011-08-03 10:11:00,95.85
2011-08-03 10:12:00,441.18
2011-08-03 10:41:00,2353.0
2011-08-03 10:45:00,956.36
2011-08-03 10:49:00,520.19
2011-08-03 10:56:00,205.1
2011-08-03 11:21:00,1004.88
2011-08-03 11:24:00,162.0
2011-08-03 11:35:00,310.02
2011-08-03 11:44:00,767.0699999999999
2011-08-03 11:45:00,536.58
2011-08-03 11:58:00,264.55
2011-08-03 12:03:00,158.43
2011-08-03 12:06:00,308.43
2011-08-03 12:10:00,595.26
2011-08-03 12:12:00,460.43
2011-08-03 12:20:00,174.0
2011-08-03 12:21:00,658.38
2011-08-03 12:31:00,166.72
2011-08-03 12:33:00,526.22
2011-08-03 12:50:00,839.76
2011-08-03 12:54:00,258.17
2011-08-03 12:55:00,310.33
2011-08-03 12:56:00,1202.22
2011-08-03 12:58:00,3.95
2011-08-03 13:06:00,412.35
2011-08-03 13:10:00,617.4499999999999
2011-08-03 13:22:00,148.78
2011-08-03 13:39:00,685.51
2011-08-03 13:50:00,99.1
2011-08-03 14:06:00,318.24
2011-08-03 14:07:00,1106.96
2011-08-03 14:14:00,1221.56
2011-08-03 14:19:00,304.42
2011-08-03 14:33:00,832.5
2011-08-03 14:35:00,611.24
2011-08-03 14:54:00,114.77
2011-08-03 15:02:00,14.040000000000001
2011-08-03 15:14:00,548.3199999999999
2011-08-03 15:28:00,191.82
2011-08-03 15:34:00,85.2
2011-08-03 15:38:00,572.32
2011-08-03 15:39:00,66.0
2011-08-03 15:45:00,208.65
2011-08-03 16:35:00,251.94
2011-08-03 16:42:00,594.0
2011-08-03 17:05:00,200.32
2011-08-04 08:18:00,83.10000000000001
2011-08-04 09:55:00,788.87
2011-08-04 10:00:00,360.81
2011-08-04 10:04:00,511.03
2011-08-04 10:23:00,954.0
2011-08-04 10:24:00,190.35
2011-08-04 10:38:00,2022.6
2011-08-04 10:43:00,615.5
2011-08-04 10:44:00,324.52
2011-08-04 10:45:00,1525.3
2011-08-04 11:07:00,78.56
2011-08-04 11:16:00,132.05
2011-08-04 11:38:00,496.24
2011-08-04 11:44:00,579.0
2011-08-04 11:59:00,167.26
2011-08-04 12:05:00,407.38
2011-08-04 12:13:00,768.34
2011-08-04 12:14:00,2079.66
2011-08-04 12:22:00,167.32
2011-08-04 12:36:00,5162.74
2011-08-04 13:03:00,173.70000000000002
2011-08-04 13:10:00,198.0
2011-08-04 13:15:00,2510.36
2011-08-04 13:25:00,133.20000000000002
2011-08-04 13:51:00,117.3
2011-08-04 14:01:00,117.47999999999999
2011-08-04 14:06:00,299.52
2011-08-04 14:12:00,749.45
2011-08-04 14:20:00,1062.84
2011-08-04 14:30:00,788.04
2011-08-04 14:33:00,1073.3000000000002
2011-08-04 14:40:00,4345.1
2011-08-04 15:04:00,1100.3
2011-08-04 15:07:00,943.07
2011-08-04 15:17:00,203.78
2011-08-04 15:23:00,396.81
2011-08-04 15:33:00,638.02
2011-08-04 15:51:00,312.95
2011-08-04 15:52:00,168.31
2011-08-04 15:55:00,199.7
2011-08-04 16:07:00,476.29999999999995
2011-08-04 16:17:00,1019.44
2011-08-04 16:31:00,301.93
2011-08-04 16:34:00,367.32
2011-08-04 16:36:00,249.13
2011-08-04 16:41:00,74.4
2011-08-04 16:59:00,62.63999999999999
2011-08-04 17:07:00,12.75
2011-08-04 17:13:00,29.700000000000003
2011-08-04 17:19:00,311.02
2011-08-04 17:22:00,6.6
2011-08-04 17:23:00,423.84000000000003
2011-08-04 17:26:00,270.52
2011-08-04 17:37:00,47.29
2011-08-04 17:38:00,716.0
2011-08-04 17:40:00,1016.04
2011-08-04 17:45:00,229.5
2011-08-04 17:51:00,225.14000000000001
2011-08-04 17:55:00,2.25
2011-08-04 17:58:00,447.93
2011-08-04 18:06:00,18841.48
2011-08-04 18:07:00,204.0
2011-08-04 18:18:00,161.4
2011-08-04 18:31:00,98.16
2011-08-04 18:37:00,622.5
2011-08-04 18:44:00,372.24
2011-08-04 18:51:00,355.56
2011-08-04 19:06:00,118.80000000000001
2011-08-04 19:20:00,492.0
2011-08-04 19:22:00,1327.55
2011-08-04 20:01:00,250.32
2011-08-05 08:40:00,650.0
2011-08-05 09:25:00,206.9
2011-08-05 09:44:00,233.22
2011-08-05 10:31:00,546.68
2011-08-05 10:32:00,320.3
2011-08-05 10:39:00,402.02
2011-08-05 11:00:00,593.35
2011-08-05 11:16:00,480.0
2011-08-05 11:17:00,757.2
2011-08-05 11:19:00,506.45
2011-08-05 11:21:00,520.1
2011-08-05 11:46:00,630.5
2011-08-05 11:49:00,251.26
2011-08-05 11:50:00,205.1
2011-08-05 11:52:00,125.0
2011-08-05 12:06:00,155.8
2011-08-05 12:25:00,390.0
2011-08-05 12:27:00,347.13
2011-08-05 12:30:00,272.56
2011-08-05 12:37:00,172.42000000000002
2011-08-05 12:38:00,180.3
2011-08-05 12:48:00,340.06
2011-08-05 13:26:00,304.20000000000005
2011-08-05 13:28:00,301.41
2011-08-05 13:35:00,100.21000000000001
2011-08-05 13:46:00,166.36
2011-08-05 13:49:00,307.8
2011-08-05 13:52:00,946.75
2011-08-05 14:05:00,29.58
2011-08-05 14:30:00,102.1
2011-08-05 14:31:00,17.85
2011-08-05 14:36:00,16.5
2011-08-05 14:49:00,809.11
2011-08-05 14:50:00,319.32
2011-08-05 15:02:00,771.75
2011-08-05 15:07:00,502.02
2011-08-05 15:30:00,336.52
2011-08-05 15:38:00,817.44
2011-08-05 15:39:00,985.92
2011-08-05 15:40:00,314.69
2011-08-05 15:45:00,463.90000000000003
2011-08-05 15:46:00,137.76
2011-08-05 16:10:00,498.17
2011-08-05 16:16:00,90.0
2011-08-05 16:19:00,205.27
2011-08-05 16:23:00,9.899999999999999
2011-08-05 16:37:00,301.36
2011-08-05 16:43:00,811.01
2011-08-05 17:12:00,1572.73
2011-08-05 17:43:00,299.42
2011-08-07 10:24:00,302.28
2011-08-07 10:43:00,234.35
2011-08-07 10:45:00,121.11
2011-08-07 10:55:00,303.9
2011-08-07 11:40:00,100.4
2011-08-07 11:59:00,107.4
2011-08-07 12:05:00,104.50999999999999
2011-08-07 12:10:00,375.1
2011-08-07 12:21:00,234.26999999999998
2011-08-07 12:40:00,78.21000000000001
2011-08-07 12:42:00,611.59
2011-08-07 12:54:00,225.81
2011-08-07 13:08:00,228.57999999999998
2011-08-07 13:17:00,79.0
2011-08-07 13:30:00,606.41
2011-08-07 13:31:00,262.45
2011-08-07 13:43:00,113.79
2011-08-07 13:54:00,141.17
2011-08-07 14:16:00,204.15
2011-08-07 14:27:00,106.0
2011-08-07 14:33:00,316.38
2011-08-07 14:34:00,1444.66
2011-08-07 15:16:00,107.64
2011-08-07 15:39:00,53.519999999999996
2011-08-07 15:40:00,46.559999999999995
2011-08-07 15:43:00,925.22
2011-08-07 15:52:00,142.5
2011-08-08 09:22:00,325.51
2011-08-08 10:00:00,309.06
2011-08-08 10:01:00,363.61
2011-08-08 10:11:00,981.38
2011-08-08 10:40:00,106.91
2011-08-08 10:51:00,301.59999999999997
2011-08-08 10:59:00,416.65
2011-08-08 11:28:00,19.919999999999998
2011-08-08 11:45:00,3960.42
2011-08-08 11:55:00,175.2
2011-08-08 11:56:00,1282.0
2011-08-08 11:58:00,809.82
2011-08-08 12:00:00,226.93
2011-08-08 12:15:00,24.88
2011-08-08 12:20:00,254.8
2011-08-08 12:28:00,347.64
2011-08-08 12:34:00,159.92
2011-08-08 12:36:00,364.26
2011-08-08 13:11:00,211.85
2011-08-08 13:12:00,80.0
2011-08-08 13:34:00,714.33
2011-08-08 13:42:00,829.96
2011-08-08 13:46:00,241.01
2011-08-08 13:53:00,1519.99
2011-08-08 13:59:00,480.6
2011-08-08 14:15:00,347.75
2011-08-08 14:37:00,598.88
2011-08-08 14:53:00,300.31
2011-08-08 15:00:00,425.25
2011-08-08 15:17:00,576.84
2011-08-08 15:35:00,1388.92
2011-08-08 16:07:00,169.4
2011-08-08 16:15:00,53.95
2011-08-08 16:18:00,36.89
2011-08-08 16:31:00,242.84
2011-08-08 16:43:00,1109.34
2011-08-09 09:04:00,358.49
2011-08-09 09:26:00,462.06
2011-08-09 10:05:00,102.98
2011-08-09 10:16:00,477.46000000000004
2011-08-09 10:19:00,307.56
2011-08-09 10:20:00,984.39
2011-08-09 10:47:00,282.23
2011-08-09 10:49:00,257.48
2011-08-09 10:52:00,190.8
2011-08-09 11:56:00,1256.95
2011-08-09 12:00:00,657.4
2011-08-09 12:07:00,641.85
2011-08-09 12:20:00,326.4
2011-08-09 12:21:00,494.6
2011-08-09 12:23:00,174.65
2011-08-09 12:52:00,356.0
2011-08-09 12:55:00,213.6
2011-08-09 12:58:00,356.42
2011-08-09 13:03:00,159.64
2011-08-09 13:10:00,335.28
2011-08-09 13:14:00,115.5
2011-08-09 13:22:00,476.08
2011-08-09 13:44:00,208.34
2011-08-09 13:48:00,368.5
2011-08-09 13:50:00,12341.21
2011-08-09 13:51:00,157.5
2011-08-09 14:18:00,473.45
2011-08-09 14:48:00,674.7
2011-08-09 14:56:00,105.1
2011-08-09 14:57:00,1124.19
2011-08-09 15:12:00,109.63
2011-08-09 15:22:00,60.0
2011-08-09 15:32:00,52.02
2011-08-09 15:59:00,382.85
2011-08-09 16:17:00,123.21000000000001
2011-08-09 16:27:00,150.74
2011-08-09 16:42:00,392.06
2011-08-09 16:44:00,245.8
2011-08-10 08:41:00,757.0699999999999
2011-08-10 09:34:00,315.72
2011-08-10 09:52:00,307.22
2011-08-10 10:08:00,2388.2
2011-08-10 10:09:00,90.4
2011-08-10 10:12:00,392.17
2011-08-10 10:15:00,518.11
2011-08-10 10:45:00,165.84
2011-08-10 10:53:00,4105.9400000000005
2011-08-10 10:57:00,409.61
2011-08-10 11:23:00,292.69
2011-08-10 11:24:00,6.300000000000001
2011-08-10 11:30:00,65.25
2011-08-10 11:41:00,120.71000000000001
2011-08-10 11:58:00,335.15
2011-08-10 12:11:00,355.45
2011-08-10 12:18:00,107.1
2011-08-10 12:24:00,302.25
2011-08-10 12:25:00,521.44
2011-08-10 12:35:00,248.35
2011-08-10 12:41:00,115.92999999999999
2011-08-10 12:44:00,319.97
2011-08-10 12:48:00,457.25
2011-08-10 13:15:00,205.32
2011-08-10 13:19:00,241.92000000000002
2011-08-10 13:25:00,203.59
2011-08-10 13:43:00,432.0
2011-08-10 13:51:00,520.54
2011-08-10 13:52:00,15.0
2011-08-10 14:13:00,40.599999999999994
2011-08-10 14:26:00,721.95
2011-08-10 14:34:00,340.90000000000003
2011-08-10 14:49:00,98.38
2011-08-10 14:51:00,625.8
2011-08-10 14:55:00,350.58
2011-08-10 15:29:00,1127.38
2011-08-10 15:37:00,126.30000000000001
2011-08-10 16:01:00,354.68
2011-08-10 16:19:00,222.48
2011-08-10 16:39:00,282.97
2011-08-10 17:11:00,1253.05
2011-08-11 08:37:00,660.76
2011-08-11 08:38:00,337.5
2011-08-11 08:39:00,17.4
2011-08-11 08:50:00,176.85000000000002
2011-08-11 09:34:00,371.3
2011-08-11 09:38:00,2500.0
2011-08-11 09:45:00,403.05
2011-08-11 09:46:00,101.76
2011-08-11 09:47:00,759.14
2011-08-11 09:56:00,285.68
2011-08-11 09:57:00,252.62
2011-08-11 10:22:00,438.4
2011-08-11 10:29:00,786.51
2011-08-11 10:45:00,666.8
2011-08-11 10:53:00,424.08000000000004
2011-08-11 10:54:00,327.12
2011-08-11 10:55:00,325.32
2011-08-11 11:42:00,1234.0
2011-08-11 11:44:00,1552.6
2011-08-11 11:45:00,403.05
2011-08-11 11:51:00,363.33
2011-08-11 12:00:00,382.95
2011-08-11 12:01:00,197.1
2011-08-11 12:17:00,383.96
2011-08-11 12:44:00,710.2
2011-08-11 12:48:00,489.86
2011-08-11 12:53:00,250.36
2011-08-11 12:58:00,1200.8600000000001
2011-08-11 13:25:00,255.73999999999998
2011-08-11 13:34:00,318.65
2011-08-11 13:39:00,534.34
2011-08-11 13:41:00,219.76
2011-08-11 14:04:00,306.82
2011-08-11 14:16:00,83.25
2011-08-11 14:34:00,899.36
2011-08-11 14:36:00,185.61
2011-08-11 14:38:00,137.5
2011-08-11 14:39:00,256.88
2011-08-11 14:48:00,140.84
2011-08-11 14:53:00,314.86
2011-08-11 14:54:00,205.22
2011-08-11 14:55:00,400.6
2011-08-11 15:02:00,469.25
2011-08-11 15:05:00,940.64
2011-08-11 15:24:00,163.24
2011-08-11 15:25:00,591.74
2011-08-11 15:34:00,349.02000000000004
2011-08-11 15:43:00,332.89
2011-08-11 15:56:00,319.34
2011-08-11 15:58:00,9349.72
2011-08-11 16:11:00,252.1
2011-08-11 16:12:00,19150.66
2011-08-11 16:30:00,480.65
2011-08-11 16:31:00,17.700000000000003
2011-08-11 16:32:00,37.14
2011-08-11 16:54:00,304.3
2011-08-11 17:00:00,389.36
2011-08-11 17:02:00,292.87
2011-08-11 17:14:00,15.0
2011-08-11 17:35:00,668.5600000000001
2011-08-12 09:04:00,305.34000000000003
2011-08-12 09:10:00,324.72
2011-08-12 09:11:00,316.99
2011-08-12 09:14:00,1396.66
2011-08-12 09:37:00,150.6
2011-08-12 09:57:00,1268.74
2011-08-12 10:08:00,159.20000000000002
2011-08-12 10:13:00,366.11
2011-08-12 11:07:00,509.08
2011-08-12 11:08:00,384.6
2011-08-12 11:09:00,304.63
2011-08-12 11:22:00,153.85
2011-08-12 11:29:00,81.0
2011-08-12 11:41:00,408.09000000000003
2011-08-12 11:48:00,138.68
2011-08-12 12:15:00,551.14
2011-08-12 12:16:00,1069.2
2011-08-12 12:18:00,505.79999999999995
2011-08-12 12:36:00,825.6
2011-08-12 12:37:00,1468.59
2011-08-12 12:41:00,210.05
2011-08-12 12:42:00,768.97
2011-08-12 12:44:00,243.20999999999998
2011-08-12 12:46:00,308.31
2011-08-12 13:15:00,209.62
2011-08-12 13:27:00,528.0
2011-08-12 13:40:00,337.0
2011-08-12 14:02:00,436.15999999999997
2011-08-12 14:03:00,65.0
2011-08-12 14:12:00,208.39
2011-08-12 14:19:00,608.76
2011-08-12 14:25:00,212.64
2011-08-12 14:32:00,161.4
2011-08-12 14:33:00,138.32
2011-08-12 14:47:00,860.98
2011-08-12 14:50:00,153.64
2011-08-12 15:00:00,303.22
2011-08-12 15:22:00,412.88
2011-08-12 16:07:00,326.75
2011-08-12 16:10:00,311.20000000000005
2011-08-12 16:36:00,320.3
2011-08-12 16:54:00,156.75
2011-08-14 10:38:00,687.54
2011-08-14 10:49:00,148.32
2011-08-14 10:52:00,93.16
2011-08-14 11:16:00,46.65
2011-08-14 11:31:00,348.0
2011-08-14 11:49:00,164.95000000000002
2011-08-14 12:03:00,338.06
2011-08-14 12:08:00,155.93
2011-08-14 12:12:00,39.84
2011-08-14 12:23:00,444.44
2011-08-14 12:27:00,245.67000000000002
2011-08-14 12:33:00,330.28
2011-08-14 12:41:00,169.8
2011-08-14 12:55:00,273.02
2011-08-14 12:56:00,600.28
2011-08-14 13:14:00,278.46
2011-08-14 13:21:00,188.39999999999998
2011-08-14 15:33:00,640.14
2011-08-14 15:34:00,53.05
2011-08-14 15:35:00,11.639999999999999
2011-08-14 15:39:00,334.85
2011-08-14 15:42:00,123.14
2011-08-14 15:56:00,2.95
2011-08-15 08:26:00,213.85
2011-08-15 09:18:00,47.400000000000006
2011-08-15 09:45:00,11.9
2011-08-15 09:57:00,273.72
2011-08-15 09:59:00,630.42
2011-08-15 10:02:00,68.08
2011-08-15 10:22:00,1221.4
2011-08-15 10:28:00,498.48
2011-08-15 10:29:00,57.0
2011-08-15 10:53:00,409.90000000000003
2011-08-15 10:54:00,1.8
2011-08-15 10:57:00,695.26
2011-08-15 10:59:00,256.08
2011-08-15 11:30:00,190.15
2011-08-15 11:38:00,68.10000000000001
2011-08-15 11:39:00,182.65
2011-08-15 11:59:00,300.63
2011-08-15 12:04:00,623.7
2011-08-15 12:06:00,81.6
2011-08-15 12:07:00,973.48
2011-08-15 12:19:00,508.4599999999999
2011-08-15 12:22:00,50.28
2011-08-15 12:38:00,91.32000000000001
2011-08-15 12:44:00,626.0600000000001
2011-08-15 12:46:00,247.35
2011-08-15 12:47:00,172.44
2011-08-15 12:53:00,1161.07
2011-08-15 12:57:00,238.0
2011-08-15 13:07:00,112.33
2011-08-15 13:09:00,111.56
2011-08-15 13:22:00,378.12
2011-08-15 13:37:00,141.72
2011-08-15 13:46:00,234.17
2011-08-15 13:48:00,434.74
2011-08-15 13:51:00,210.85
2011-08-15 14:10:00,360.09
2011-08-15 14:17:00,1706.88
2011-08-15 14:32:00,1355.55
2011-08-15 14:35:00,141.78
2011-08-15 14:39:00,467.42
2011-08-15 14:44:00,310.87
2011-08-15 14:50:00,50.0
2011-08-15 14:51:00,231.75
2011-08-15 15:06:00,670.88
2011-08-15 15:17:00,233.54
2011-08-15 16:13:00,191.14000000000001
2011-08-16 08:39:00,234.75
2011-08-16 08:50:00,17.0
2011-08-16 08:52:00,149.60000000000002
2011-08-16 08:58:00,303.83
2011-08-16 09:00:00,153.2
2011-08-16 09:25:00,306.86
2011-08-16 09:34:00,323.44
2011-08-16 09:39:00,300.1
2011-08-16 09:50:00,48.0
2011-08-16 10:02:00,115.30000000000001
2011-08-16 10:03:00,354.36
2011-08-16 10:36:00,335.2
2011-08-16 10:44:00,494.17
2011-08-16 10:48:00,142.68
2011-08-16 10:50:00,169.85
2011-08-16 10:52:00,183.15
2011-08-16 11:04:00,3209.15
2011-08-16 11:10:00,201.6
2011-08-16 11:37:00,566.76
2011-08-16 11:38:00,33.9
2011-08-16 11:40:00,193.47
2011-08-16 11:44:00,457.31
2011-08-16 11:48:00,334.34
2011-08-16 11:50:00,844.73
2011-08-16 12:00:00,110.38
2011-08-16 12:12:00,369.33
2011-08-16 12:21:00,520.93
2011-08-16 12:29:00,596.98
2011-08-16 12:32:00,17.0
2011-08-16 12:52:00,257.59999999999997
2011-08-16 12:59:00,166.32
2011-08-16 13:12:00,127.0
2011-08-16 13:13:00,150.15
2011-08-16 13:25:00,338.95
2011-08-16 13:26:00,185.9
2011-08-16 13:50:00,687.08
2011-08-16 14:28:00,337.24
2011-08-16 14:33:00,741.4000000000001
2011-08-16 14:34:00,104.7
2011-08-16 14:41:00,194.55
2011-08-16 14:55:00,199.60000000000002
2011-08-16 15:22:00,429.12
2011-08-16 15:39:00,170.39
2011-08-16 15:54:00,29.85
2011-08-16 16:17:00,310.98
2011-08-16 17:06:00,115.5
2011-08-16 17:25:00,423.84
2011-08-16 17:27:00,20.3
2011-08-17 08:50:00,580.08
2011-08-17 09:05:00,135.51
2011-08-17 09:16:00,454.72
2011-08-17 09:45:00,687.16
2011-08-17 09:48:00,124.92999999999999
2011-08-17 10:08:00,125.03999999999999
2011-08-17 10:27:00,308.08
2011-08-17 10:46:00,224.13
2011-08-17 10:50:00,760.8000000000001
2011-08-17 10:56:00,231.76
2011-08-17 10:59:00,544.8100000000001
2011-08-17 11:04:00,3256.88
2011-08-17 11:14:00,182.97
2011-08-17 11:37:00,305.24
2011-08-17 11:48:00,305.28
2011-08-17 12:04:00,514.06
2011-08-17 12:06:00,685.61
2011-08-17 12:10:00,287.04
2011-08-17 12:20:00,8.5
2011-08-17 12:24:00,395.37
2011-08-17 12:30:00,234.0
2011-08-17 12:50:00,508.12
2011-08-17 13:04:00,155.05
2011-08-17 13:06:00,267.15
2011-08-17 13:21:00,588.36
2011-08-17 13:31:00,301.5
2011-08-17 13:33:00,3160.84
2011-08-17 13:40:00,1544.01
2011-08-17 13:45:00,34.68
2011-08-17 14:00:00,103.19999999999999
2011-08-17 14:02:00,1473.88
2011-08-17 14:03:00,6578.08
2011-08-17 14:11:00,464.94
2011-08-17 14:22:00,946.74
2011-08-17 14:25:00,549.32
2011-08-17 14:44:00,328.07
2011-08-17 14:47:00,627.27
2011-08-17 14:58:00,85.13000000000001
2011-08-17 15:00:00,303.21
2011-08-17 15:02:00,2.95
2011-08-17 15:05:00,2431.4900000000002
2011-08-17 15:06:00,146.19
2011-08-17 15:11:00,425.75
2011-08-17 15:53:00,291.53
2011-08-17 16:48:00,703.17
2011-08-17 17:01:00,312.14
2011-08-17 19:15:00,813.4000000000001
2011-08-17 19:40:00,2240.0
2011-08-17 20:02:00,13031.5
2011-08-18 06:20:00,4.25
2011-08-18 08:49:00,4873.8099999999995
2011-08-18 08:51:00,21880.44
2011-08-18 09:01:00,302.74
2011-08-18 09:39:00,1536.0
2011-08-18 09:45:00,523.84
2011-08-18 09:48:00,67.2
2011-08-18 10:01:00,330.44
2011-08-18 10:06:00,233.7
2011-08-18 10:10:00,485.64
2011-08-18 10:21:00,188.1
2011-08-18 10:23:00,1284.1200000000001
2011-08-18 10:31:00,702.88
2011-08-18 10:36:00,1964.85
2011-08-18 10:48:00,325.9
2011-08-18 10:49:00,54.199999999999996
2011-08-18 10:57:00,644.96
2011-08-18 11:00:00,1459.12
2011-08-18 11:03:00,237.60000000000002
2011-08-18 11:23:00,435.13
2011-08-18 11:40:00,453.01
2011-08-18 11:59:00,338.12
2011-08-18 12:06:00,372.25
2011-08-18 12:23:00,928.08
2011-08-18 12:26:00,131.85
2011-08-18 12:30:00,637.6
2011-08-18 12:41:00,567.62
2011-08-18 12:43:00,111.5
2011-08-18 12:53:00,734.32
2011-08-18 13:01:00,278.55
2011-08-18 13:16:00,196.10000000000002
2011-08-18 13:17:00,234.59
2011-08-18 13:38:00,170.54000000000002
2011-08-18 13:44:00,162.79
2011-08-18 13:46:00,248.85
2011-08-18 13:47:00,680.24
2011-08-18 14:02:00,138.98
2011-08-18 14:33:00,307.49
2011-08-18 14:48:00,429.43
2011-08-18 14:53:00,137.3
2011-08-18 15:09:00,260.7
2011-08-18 15:17:00,371.56
2011-08-18 15:28:00,52.54
2011-08-18 15:41:00,109.9
2011-08-18 15:44:00,311.78
2011-08-18 15:51:00,682.77
2011-08-18 16:18:00,506.90000000000003
2011-08-18 16:19:00,332.04
2011-08-18 16:24:00,326.01
2011-08-18 16:27:00,301.7
2011-08-18 16:32:00,355.21999999999997
2011-08-18 16:43:00,346.2
2011-08-18 17:02:00,313.62
2011-08-18 17:04:00,367.2
2011-08-18 17:09:00,191.09
2011-08-18 17:39:00,742.8000000000001
2011-08-18 17:43:00,588.0
2011-08-18 17:44:00,102.95
2011-08-18 17:50:00,1000.88
2011-08-18 17:57:00,574.31
2011-08-18 18:11:00,255.52
2011-08-18 18:15:00,366.74
2011-08-18 18:21:00,336.24
2011-08-18 18:51:00,163.42
2011-08-18 19:13:00,87.93
2011-08-18 20:05:00,240.66
2011-08-19 08:13:00,71.4
2011-08-19 08:57:00,570.6
2011-08-19 09:23:00,111.2
2011-08-19 09:35:00,333.93
2011-08-19 09:38:00,1394.58
2011-08-19 10:05:00,761.36
2011-08-19 10:06:00,310.78999999999996
2011-08-19 10:10:00,534.7
2011-08-19 10:18:00,300.42
2011-08-19 10:51:00,612.29
2011-08-19 10:56:00,288.18
2011-08-19 10:58:00,306.81
2011-08-19 11:08:00,668.58
2011-08-19 11:15:00,113.05
2011-08-19 11:17:00,149.06
2011-08-19 11:23:00,275.37
2011-08-19 11:46:00,463.26
2011-08-19 11:47:00,88.5
2011-08-19 11:55:00,382.3
2011-08-19 11:56:00,1708.68
2011-08-19 12:06:00,301.48
2011-08-19 12:13:00,315.98
2011-08-19 12:20:00,142.91
2011-08-19 12:23:00,94.80000000000001
2011-08-19 12:33:00,109.45
2011-08-19 12:49:00,315.5
2011-08-19 12:50:00,326.44
2011-08-19 12:53:00,166.4
2011-08-19 12:56:00,69.28
2011-08-19 13:03:00,306.1
2011-08-19 13:24:00,113.5
2011-08-19 13:33:00,115.72
2011-08-19 13:35:00,278.9
2011-08-19 13:54:00,430.35
2011-08-19 14:02:00,108.94
2011-08-19 14:04:00,310.82
2011-08-19 14:39:00,303.56
2011-08-19 14:43:00,398.7
2011-08-19 14:49:00,166.57
2011-08-19 14:57:00,989.49
2011-08-19 15:04:00,139.26
2011-08-19 15:06:00,153.68
2011-08-19 15:18:00,165.95
2011-08-19 15:22:00,144.0
2011-08-19 15:24:00,623.92
2011-08-19 15:29:00,546.9
2011-08-19 15:44:00,135.95
2011-08-19 16:04:00,351.3
2011-08-19 16:34:00,168.72
2011-08-19 17:02:00,51.0
2011-08-19 17:08:00,21.6
2011-08-19 17:10:00,27.36
2011-08-21 10:35:00,495.4
2011-08-21 10:44:00,535.9499999999999
2011-08-21 10:48:00,151.2
2011-08-21 11:05:00,1445.25
2011-08-21 11:06:00,358.0
2011-08-21 11:15:00,206.69
2011-08-21 11:29:00,247.72
2011-08-21 11:43:00,313.35
2011-08-21 11:50:00,504.19
2011-08-21 11:57:00,316.98
2011-08-21 12:21:00,399.59
2011-08-21 12:36:00,857.0
2011-08-21 12:37:00,377.25
2011-08-21 12:39:00,435.98
2011-08-21 12:58:00,962.09
2011-08-21 13:11:00,458.9
2011-08-21 13:18:00,324.83
2011-08-21 13:24:00,186.62
2011-08-21 13:43:00,393.14
2011-08-21 13:46:00,610.75
2011-08-21 13:48:00,122.28
2011-08-21 14:00:00,469.01
2011-08-21 14:10:00,135.24
2011-08-21 14:19:00,157.79999999999998
2011-08-21 14:32:00,683.28
2011-08-21 14:42:00,528.67
2011-08-21 15:01:00,199.22
2011-08-21 15:17:00,739.43
2011-08-21 15:35:00,110.96000000000001
2011-08-21 15:49:00,833.32
2011-08-21 15:50:00,39.6
2011-08-21 15:54:00,548.97
2011-08-21 16:02:00,52.0
2011-08-21 16:24:00,366.18
2011-08-22 09:03:00,213.5
2011-08-22 09:10:00,817.89
2011-08-22 09:21:00,357.8
2011-08-22 09:28:00,114.94
2011-08-22 09:30:00,908.74
2011-08-22 09:51:00,327.15
2011-08-22 09:53:00,137.22
2011-08-22 10:04:00,540.9200000000001
2011-08-22 10:08:00,1351.22
2011-08-22 10:09:00,66.24
2011-08-22 10:15:00,314.51
2011-08-22 10:18:00,252.9
2011-08-22 10:38:00,301.70000000000005
2011-08-22 10:39:00,1127.02
2011-08-22 10:42:00,531.8
2011-08-22 10:44:00,679.25
2011-08-22 10:47:00,303.8
2011-08-22 10:59:00,1388.27
2011-08-22 11:00:00,82.98
2011-08-22 11:03:00,102.24
2011-08-22 11:13:00,13.2
2011-08-22 11:17:00,174.96
2011-08-22 11:44:00,612.68
2011-08-22 11:54:00,463.82
2011-08-22 11:57:00,373.65999999999997
2011-08-22 12:10:00,315.68
2011-08-22 12:16:00,125.7
2011-08-22 12:22:00,316.02
2011-08-22 12:26:00,163.72
2011-08-22 12:32:00,151.98
2011-08-22 12:40:00,511.96000000000004
2011-08-22 12:45:00,57.199999999999996
2011-08-22 12:46:00,34.0
2011-08-22 12:52:00,247.09
2011-08-22 12:55:00,190.06
2011-08-22 12:58:00,157.11
2011-08-22 12:59:00,2067.12
2011-08-22 13:03:00,10.5
2011-08-22 13:20:00,40.8
2011-08-22 13:30:00,319.55
2011-08-22 13:32:00,1036.18
2011-08-22 13:40:00,247.42000000000002
2011-08-22 13:42:00,293.1
2011-08-22 13:55:00,3875.88
2011-08-22 14:03:00,307.8
2011-08-22 14:13:00,440.76
2011-08-22 14:20:00,508.0
2011-08-22 14:23:00,230.98000000000002
2011-08-22 14:35:00,325.8
2011-08-22 14:37:00,453.79
2011-08-22 14:38:00,1062.88
2011-08-22 14:41:00,931.5
2011-08-22 15:05:00,1916.13
2011-08-22 15:07:00,39.900000000000006
2011-08-22 15:22:00,89.44
2011-08-22 15:27:00,408.0
2011-08-22 15:42:00,148.57
2011-08-22 15:43:00,409.76
2011-08-22 15:55:00,630.39
2011-08-23 08:51:00,72.0
2011-08-23 08:54:00,304.2
2011-08-23 09:17:00,50.0
2011-08-23 09:38:00,563.64
2011-08-23 09:53:00,737.79
2011-08-23 09:57:00,432.48
2011-08-23 10:24:00,385.88
2011-08-23 10:29:00,1103.15
2011-08-23 10:31:00,165.58
2011-08-23 10:36:00,309.5
2011-08-23 10:48:00,34.56
2011-08-23 10:56:00,780.0
2011-08-23 11:01:00,351.1
2011-08-23 11:12:00,526.72
2011-08-23 11:16:00,309.24
2011-08-23 11:30:00,654.15
2011-08-23 11:41:00,263.13
2011-08-23 11:47:00,967.77
2011-08-23 11:51:00,177.89999999999998
2011-08-23 11:53:00,205.71
2011-08-23 12:18:00,879.35
2011-08-23 12:21:00,765.9
2011-08-23 12:22:00,98.88
2011-08-23 12:26:00,300.90000000000003
2011-08-23 12:30:00,1436.49
2011-08-23 12:37:00,250.86
2011-08-23 12:43:00,96.3
2011-08-23 12:47:00,244.79999999999998
2011-08-23 13:13:00,241.09
2011-08-23 13:27:00,367.34
2011-08-23 13:28:00,15.0
2011-08-23 13:30:00,75.0
2011-08-23 13:35:00,645.83
2011-08-23 13:40:00,455.67
2011-08-23 13:50:00,951.96
2011-08-23 13:51:00,128.31
2011-08-23 13:55:00,424.8
2011-08-23 13:59:00,275.82
2011-08-23 14:00:00,308.66
2011-08-23 14:19:00,631.75
2011-08-23 14:23:00,851.06
2011-08-23 14:25:00,379.27
2011-08-23 14:53:00,327.93
2011-08-23 14:55:00,425.6
2011-08-23 15:20:00,524.1
2011-08-23 15:24:00,237.21
2011-08-23 15:33:00,114.06
2011-08-23 15:34:00,312.66
2011-08-23 16:01:00,375.19
2011-08-23 16:16:00,269.28
2011-08-23 16:36:00,306.71999999999997
2011-08-23 16:49:00,306.96000000000004
2011-08-23 16:56:00,15.0
2011-08-23 17:13:00,449.56
2011-08-23 17:18:00,150.44
2011-08-23 17:31:00,280.17
2011-08-23 17:37:00,84.69
2011-08-24 08:09:00,509.34000000000003
2011-08-24 08:27:00,57.5
2011-08-24 08:49:00,241.44
2011-08-24 09:23:00,366.45
2011-08-24 09:30:00,786.84
2011-08-24 09:41:00,239.90000000000003
2011-08-24 09:46:00,255.15
2011-08-24 09:56:00,330.74
2011-08-24 10:06:00,452.15999999999997
2011-08-24 10:13:00,184.26
2011-08-24 10:19:00,365.82
2011-08-24 10:20:00,116.88
2011-08-24 10:22:00,121.37
2011-08-24 10:36:00,338.2
2011-08-24 10:37:00,457.92
2011-08-24 10:45:00,624.4300000000001
2011-08-24 10:51:00,253.31
2011-08-24 10:52:00,640.0
2011-08-24 11:31:00,424.15
2011-08-24 11:54:00,871.2
2011-08-24 12:00:00,302.58
2011-08-24 12:04:00,435.33
2011-08-24 12:11:00,130.03
2011-08-24 12:20:00,1103.32
2011-08-24 12:23:00,1142.88
2011-08-24 12:32:00,92.30000000000001
2011-08-24 12:36:00,442.89
2011-08-24 12:39:00,83.58
2011-08-24 12:51:00,2597.0
2011-08-24 12:52:00,5355.0
2011-08-24 12:54:00,161.94
2011-08-24 12:58:00,244.65
2011-08-24 13:07:00,137.14
2011-08-24 13:11:00,391.68
2011-08-24 13:12:00,310.76
2011-08-24 13:15:00,136.68
2011-08-24 13:18:00,103.47
2011-08-24 13:22:00,172.2
2011-08-24 13:23:00,2736.99
2011-08-24 13:24:00,2275.0
2011-08-24 13:26:00,1304.44
2011-08-24 13:27:00,189.60000000000002
2011-08-24 13:30:00,112.10000000000001
2011-08-24 13:33:00,1177.7
2011-08-24 13:42:00,383.92
2011-08-24 13:55:00,96.75
2011-08-24 13:57:00,213.55
2011-08-24 14:02:00,354.62
2011-08-24 14:14:00,116.15999999999998
2011-08-24 14:19:00,213.9
2011-08-24 14:23:00,454.58
2011-08-24 14:28:00,101.66
2011-08-24 14:40:00,233.21
2011-08-24 14:41:00,15.299999999999999
2011-08-24 14:46:00,202.0
2011-08-24 14:53:00,549.07
2011-08-24 14:54:00,887.47
2011-08-24 14:57:00,302.5
2011-08-24 14:59:00,1187.74
2011-08-24 15:04:00,309.5
2011-08-24 15:08:00,1564.7
2011-08-24 15:09:00,17.4
2011-08-24 15:12:00,394.09
2011-08-24 15:47:00,706.22
2011-08-24 15:51:00,302.96000000000004
2011-08-24 16:00:00,94.72
2011-08-24 16:02:00,305.63
2011-08-24 16:13:00,530.22
2011-08-24 16:16:00,22.5
2011-08-24 16:23:00,247.5
2011-08-24 16:24:00,32.82
2011-08-25 08:58:00,439.23
2011-08-25 09:18:00,242.15000000000003
2011-08-25 09:39:00,356.64
2011-08-25 09:53:00,402.7
2011-08-25 09:55:00,1114.52
2011-08-25 09:56:00,341.1
2011-08-25 10:00:00,97.0
2011-08-25 10:16:00,665.9
2011-08-25 10:25:00,335.52
2011-08-25 10:26:00,719.2
2011-08-25 10:32:00,678.88
2011-08-25 10:39:00,120.0
2011-08-25 10:43:00,76.32000000000001
2011-08-25 10:45:00,306.0
2011-08-25 10:49:00,248.6
2011-08-25 10:55:00,86.10000000000001
2011-08-25 11:09:00,17.0
2011-08-25 11:27:00,51.559999999999995
2011-08-25 11:31:00,75.36
2011-08-25 11:36:00,482.54
2011-08-25 11:40:00,510.32
2011-08-25 11:46:00,338.54
2011-08-25 11:59:00,628.38
2011-08-25 12:06:00,451.92
2011-08-25 12:10:00,472.54
2011-08-25 12:11:00,496.3
2011-08-25 12:12:00,115.34
2011-08-25 12:13:00,121.25
2011-08-25 12:26:00,243.1
2011-08-25 12:33:00,295.3
2011-08-25 12:46:00,134.75
2011-08-25 12:50:00,378.0
2011-08-25 12:57:00,309.5
2011-08-25 12:59:00,322.32
2011-08-25 13:12:00,470.4
2011-08-25 13:24:00,318.92
2011-08-25 13:33:00,190.1
2011-08-25 13:40:00,249.72
2011-08-25 13:46:00,644.34
2011-08-25 13:54:00,284.55
2011-08-25 14:13:00,662.5600000000001
2011-08-25 14:21:00,622.84
2011-08-25 14:23:00,331.26
2011-08-25 14:34:00,222.95999999999998
2011-08-25 14:42:00,630.68
2011-08-25 14:50:00,570.25
2011-08-25 14:51:00,153.0
2011-08-25 15:04:00,1066.83
2011-08-25 15:09:00,106.03
2011-08-25 15:10:00,404.8
2011-08-25 15:12:00,394.28000000000003
2011-08-25 15:18:00,154.24
2011-08-25 15:21:00,601.88
2011-08-25 15:22:00,353.86
2011-08-25 15:34:00,38.41
2011-08-25 15:35:00,372.37
2011-08-25 15:47:00,184.0
2011-08-25 15:49:00,129.75
2011-08-25 15:50:00,138.14
2011-08-25 17:21:00,314.70000000000005
2011-08-25 17:22:00,691.21
2011-08-25 18:45:00,163.8
2011-08-25 19:39:00,157.18
2011-08-25 19:45:00,51.300000000000004
2011-08-25 19:48:00,66.87
2011-08-25 19:55:00,80.18
2011-08-26 08:59:00,410.55
2011-08-26 09:37:00,478.96000000000004
2011-08-26 09:55:00,1062.24
2011-08-26 09:58:00,333.44
2011-08-26 10:32:00,301.92
2011-08-26 10:50:00,872.02
2011-08-26 11:18:00,577.94
2011-08-26 11:19:00,125.85
2011-08-26 11:24:00,432.0
2011-08-26 11:35:00,130.99
2011-08-26 11:40:00,498.48
2011-08-26 11:47:00,352.36
2011-08-26 11:48:00,940.8
2011-08-26 11:53:00,851.09
2011-08-26 11:54:00,346.01
2011-08-26 11:58:00,472.13
2011-08-26 12:36:00,306.19
2011-08-26 12:41:00,551.03
2011-08-26 12:44:00,185.9
2011-08-26 12:49:00,231.10000000000002
2011-08-26 12:54:00,278.74
2011-08-26 12:55:00,143.74
2011-08-26 13:00:00,388.12
2011-08-26 13:16:00,162.48
2011-08-26 13:22:00,336.34
2011-08-26 13:25:00,301.92
2011-08-26 13:56:00,199.28
2011-08-26 14:04:00,581.82
2011-08-26 14:13:00,15.0
2011-08-26 14:17:00,6429.639999999999
2011-08-26 14:19:00,0.0
2011-08-26 14:20:00,998.4000000000001
2011-08-26 14:23:00,191.1
2011-08-26 14:29:00,640.14
2011-08-26 14:40:00,285.16
2011-08-26 14:44:00,748.86
2011-08-26 14:45:00,1286.57
2011-08-26 14:51:00,126.39000000000001
2011-08-26 15:25:00,329.67
2011-08-26 15:38:00,76.32000000000001
2011-08-26 15:44:00,1130.95
2011-08-28 10:15:00,244.79999999999998
2011-08-28 10:21:00,287.84999999999997
2011-08-28 10:40:00,385.47
2011-08-28 10:43:00,103.24000000000001
2011-08-28 10:54:00,35.400000000000006
2011-08-28 11:01:00,142.74
2011-08-28 11:02:00,352.23
2011-08-28 11:19:00,130.8
2011-08-28 11:25:00,137.19
2011-08-28 11:55:00,162.29
2011-08-28 12:00:00,19.8
2011-08-28 12:01:00,312.97999999999996
2011-08-28 12:06:00,124.16
2011-08-28 12:11:00,169.38
2011-08-28 12:16:00,264.73
2011-08-28 12:28:00,239.11
2011-08-28 12:29:00,301.93
2011-08-28 12:31:00,835.95
2011-08-28 12:43:00,85.92
2011-08-28 12:44:00,292.52
2011-08-28 12:57:00,365.78000000000003
2011-08-28 13:08:00,233.67000000000002
2011-08-28 13:18:00,526.26
2011-08-28 13:32:00,1246.49
2011-08-28 13:35:00,627.64
2011-08-28 13:42:00,505.80000000000007
2011-08-28 14:00:00,186.9
2011-08-28 14:16:00,44.370000000000005
2011-08-28 14:28:00,174.82999999999998
2011-08-28 14:39:00,196.93
2011-08-28 14:53:00,642.4200000000001
2011-08-28 15:01:00,154.02
2011-08-28 15:17:00,125.77
2011-08-28 15:25:00,178.7
2011-08-28 15:27:00,259.93
2011-08-28 15:58:00,315.71999999999997
2011-08-28 16:09:00,391.31
2011-08-30 08:15:00,403.83
2011-08-30 09:36:00,462.75
2011-08-30 10:07:00,1862.7
2011-08-30 10:20:00,612.09
2011-08-30 10:49:00,21.84
2011-08-30 11:32:00,1103.49
2011-08-30 11:37:00,537.0
2011-08-30 11:54:00,214.8
2011-08-30 12:00:00,239.53
2011-08-30 12:11:00,125.92
2011-08-30 12:16:00,221.46
2011-08-30 12:32:00,291.24
2011-08-30 12:45:00,161.16000000000003
2011-08-30 13:47:00,308.47
2011-08-30 14:09:00,230.53
2011-08-30 15:16:00,309.38
2011-08-30 15:37:00,252.5
2011-08-30 15:42:00,762.58
2011-08-30 16:43:00,390.78000000000003
2011-08-30 16:53:00,211.96
2011-08-30 17:23:00,109.7
2011-08-31 08:55:00,198.98
2011-08-31 09:10:00,307.42
2011-08-31 09:11:00,4257.0599999999995
2011-08-31 09:44:00,140.0
2011-08-31 09:55:00,386.64
2011-08-31 10:06:00,308.69
2011-08-31 10:21:00,15.0
2011-08-31 10:24:00,145.0
2011-08-31 10:30:00,390.98
2011-08-31 10:40:00,128.95
2011-08-31 10:42:00,397.24
2011-08-31 10:46:00,340.0
2011-08-31 10:47:00,979.64
2011-08-31 10:55:00,16.9
2011-08-31 11:06:00,292.68
2011-08-31 11:22:00,1330.44
2011-08-31 11:25:00,138.24
2011-08-31 11:40:00,111.0
2011-08-31 11:50:00,314.28000000000003
2011-08-31 12:11:00,383.4
2011-08-31 12:18:00,250.8
2011-08-31 12:31:00,219.0
2011-08-31 12:33:00,424.06
2011-08-31 13:23:00,275.70000000000005
2011-08-31 13:31:00,290.52
2011-08-31 13:37:00,537.96
2011-08-31 13:55:00,195.15
2011-08-31 13:56:00,682.19
2011-08-31 14:22:00,116.56
2011-08-31 14:28:00,224.64
2011-08-31 14:35:00,194.7
2011-08-31 14:52:00,237.9
2011-08-31 15:07:00,1565.82
2011-08-31 15:08:00,34.8
2011-08-31 15:13:00,102.48
2011-08-31 15:30:00,1179.6399999999999
2011-08-31 15:35:00,138.39999999999998
2011-08-31 15:49:00,222.04
2011-08-31 16:09:00,263.3
2011-08-31 16:28:00,1724.8
2011-08-31 17:12:00,566.38
2011-08-31 17:16:00,511.46000000000004
2011-09-01 08:25:00,40.0
2011-09-01 09:15:00,75.3
2011-09-01 09:19:00,334.46000000000004
2011-09-01 09:39:00,576.74
2011-09-01 09:57:00,52.5
2011-09-01 10:03:00,137.38
2011-09-01 10:11:00,318.01
2011-09-01 10:28:00,343.05
2011-09-01 10:36:00,307.62
2011-09-01 10:38:00,428.6
2011-09-01 11:15:00,345.09999999999997
2011-09-01 11:22:00,252.11
2011-09-01 11:30:00,2297.52
2011-09-01 11:33:00,2576.04
2011-09-01 11:38:00,422.08
2011-09-01 11:41:00,183.6
2011-09-01 11:43:00,149.70000000000002
2011-09-01 11:48:00,476.76000000000005
2011-09-01 11:56:00,480.0
2011-09-01 12:09:00,509.01
2011-09-01 12:16:00,126.5
2011-09-01 12:17:00,180.1
2011-09-01 12:28:00,118.80000000000001
2011-09-01 12:34:00,319.95
2011-09-01 12:41:00,515.17
2011-09-01 12:46:00,322.98
2011-09-01 12:50:00,550.98
2011-09-01 13:40:00,354.39
2011-09-01 13:46:00,152.64000000000001
2011-09-01 13:47:00,3.3
2011-09-01 13:50:00,3190.52
2011-09-01 13:51:00,208.79999999999998
2011-09-01 13:53:00,459.92
2011-09-01 14:13:00,174.06
2011-09-01 14:26:00,5590.67
2011-09-01 14:29:00,522.97
2011-09-01 14:42:00,387.49
2011-09-01 14:47:00,143.8
2011-09-01 14:57:00,49.5
2011-09-01 14:58:00,608.1
2011-09-01 15:04:00,305.28000000000003
2011-09-01 15:08:00,85.92
2011-09-01 15:21:00,25.0
2011-09-01 15:52:00,1386.0
2011-09-01 15:56:00,111.03
2011-09-01 15:59:00,11.549999999999999
2011-09-01 16:16:00,249.76
2011-09-01 16:18:00,346.98
2011-09-01 16:30:00,435.44
2011-09-01 16:41:00,676.36
2011-09-01 16:44:00,227.85000000000002
2011-09-01 16:45:00,410.1
2011-09-01 16:46:00,377.55
2011-09-01 16:50:00,305.96000000000004
2011-09-01 16:59:00,112.75
2011-09-01 17:09:00,191.74
2011-09-01 17:14:00,198.54000000000002
2011-09-01 17:19:00,2242.3199999999997
2011-09-01 17:20:00,1638.24
2011-09-01 17:38:00,114.60000000000001
2011-09-01 17:40:00,207.35999999999999
2011-09-01 17:45:00,975.54
2011-09-01 18:07:00,387.52
2011-09-01 18:20:00,149.35
2011-09-01 18:49:00,373.8
2011-09-01 18:54:00,821.0
2011-09-01 19:08:00,386.74
2011-09-01 19:11:00,207.73
2011-09-01 19:34:00,121.92
2011-09-02 08:50:00,301.2
2011-09-02 09:09:00,1250.4
2011-09-02 09:24:00,1585.92
2011-09-02 09:43:00,402.0
2011-09-02 09:45:00,399.34
2011-09-02 09:48:00,301.85
2011-09-02 09:51:00,608.0799999999999
2011-09-02 10:05:00,1047.12
2011-09-02 10:06:00,822.24
2011-09-02 10:13:00,89.06
2011-09-02 10:20:00,770.9300000000001
2011-09-02 10:21:00,125.45
2011-09-02 10:24:00,306.96
2011-09-02 10:27:00,642.28
2011-09-02 10:31:00,543.6
2011-09-02 10:34:00,112.86
2011-09-02 10:38:00,115.31
2011-09-02 10:42:00,171.5
2011-09-02 10:49:00,11.309999999999999
2011-09-02 10:53:00,465.68
2011-09-02 11:34:00,1821.6
2011-09-02 11:42:00,309.45
2011-09-02 11:43:00,749.13
2011-09-02 11:53:00,4913.52
2011-09-02 11:54:00,553.08
2011-09-02 11:59:00,561.6
2011-09-02 12:01:00,317.0
2011-09-02 12:25:00,300.2
2011-09-02 12:33:00,344.88
2011-09-02 12:37:00,145.02
2011-09-02 12:51:00,416.24
2011-09-02 12:52:00,311.85
2011-09-02 13:00:00,598.38
2011-09-02 13:01:00,560.54
2011-09-02 13:10:00,461.77
2011-09-02 13:14:00,269.58
2011-09-02 13:15:00,65.1
2011-09-02 13:18:00,169.85
2011-09-02 13:22:00,312.64
2011-09-02 13:41:00,120.02
2011-09-02 13:48:00,267.8
2011-09-02 13:50:00,241.0
2011-09-02 13:54:00,113.31
2011-09-02 13:55:00,33.0
2011-09-02 13:59:00,122.2
2011-09-02 14:09:00,381.54
2011-09-02 14:23:00,230.3
2011-09-02 14:39:00,82.36
2011-09-02 14:42:00,180.47000000000003
2011-09-02 14:56:00,697.59
2011-09-02 15:05:00,162.72
2011-09-02 15:12:00,852.8
2011-09-02 15:20:00,220.2
2011-09-02 15:23:00,429.38
2011-09-02 15:45:00,489.54
2011-09-02 15:48:00,269.16999999999996
2011-09-02 15:50:00,50.4
2011-09-02 15:56:00,462.35
2011-09-02 16:43:00,363.79
2011-09-02 16:50:00,855.28
2011-09-02 16:53:00,3.12
2011-09-02 17:38:00,414.19
2011-09-04 10:35:00,72.84
2011-09-04 10:51:00,220.04000000000002
2011-09-04 10:59:00,188.29999999999998
2011-09-04 11:00:00,305.08
2011-09-04 11:12:00,125.46
2011-09-04 11:15:00,316.62
2011-09-04 11:17:00,835.08
2011-09-04 11:22:00,457.8
2011-09-04 11:36:00,629.04
2011-09-04 11:49:00,431.73
2011-09-04 11:54:00,121.19999999999999
2011-09-04 12:00:00,583.33
2011-09-04 12:04:00,295.04
2011-09-04 12:07:00,897.19
2011-09-04 12:09:00,313.05
2011-09-04 12:10:00,161.82
2011-09-04 12:23:00,91.86
2011-09-04 12:24:00,300.04
2011-09-04 12:41:00,135.18
2011-09-04 12:49:00,235.54
2011-09-04 12:54:00,182.12
2011-09-04 13:07:00,359.25
2011-09-04 13:15:00,474.5
2011-09-04 13:16:00,244.27
2011-09-04 13:20:00,124.5
2011-09-04 13:35:00,673.29
2011-09-04 13:38:00,34.0
2011-09-04 13:45:00,360.96
2011-09-04 13:48:00,568.25
2011-09-04 13:56:00,715.26
2011-09-04 14:06:00,761.6800000000001
2011-09-04 14:08:00,110.04
2011-09-04 14:09:00,819.26
2011-09-04 14:22:00,891.8199999999999
2011-09-04 14:36:00,128.9
2011-09-04 14:50:00,401.4
2011-09-04 15:19:00,400.24
2011-09-04 15:20:00,625.1
2011-09-04 15:21:00,84.45
2011-09-04 15:22:00,323.16
2011-09-04 15:37:00,752.6700000000001
2011-09-04 15:52:00,316.84000000000003
2011-09-04 16:05:00,582.9
2011-09-04 16:08:00,117.15
2011-09-04 16:12:00,236.78
2011-09-05 09:07:00,538.8000000000001
2011-09-05 09:16:00,477.7
2011-09-05 09:20:00,859.6800000000001
2011-09-05 09:24:00,1414.64
2011-09-05 09:34:00,224.8
2011-09-05 09:38:00,304.95
2011-09-05 09:45:00,367.4
2011-09-05 09:46:00,581.39
2011-09-05 09:48:00,147.7
2011-09-05 09:49:00,367.33
2011-09-05 10:00:00,591.3
2011-09-05 10:06:00,275.7
2011-09-05 10:12:00,859.32
2011-09-05 10:15:00,385.04
2011-09-05 10:27:00,423.5
2011-09-05 10:34:00,50.0
2011-09-05 10:47:00,7480.0599999999995
2011-09-05 10:48:00,958.8000000000001
2011-09-05 11:18:00,195.42
2011-09-05 11:19:00,307.03000000000003
2011-09-05 11:27:00,102.0
2011-09-05 11:31:00,122.22
2011-09-05 11:38:00,205.3
2011-09-05 11:41:00,2251.94
2011-09-05 11:43:00,177.60000000000002
2011-09-05 11:51:00,770.88
2011-09-05 11:52:00,1092.35
2011-09-05 12:00:00,575.68
2011-09-05 12:06:00,497.61
2011-09-05 12:18:00,183.83
2011-09-05 12:20:00,131.64
2011-09-05 12:21:00,48.3
2011-09-05 12:24:00,7.5
2011-09-05 12:35:00,134.9
2011-09-05 12:36:00,1298.18
2011-09-05 12:41:00,253.55
2011-09-05 13:10:00,315.17
2011-09-05 13:22:00,339.86
2011-09-05 13:38:00,537.3
2011-09-05 13:50:00,299.67
2011-09-05 13:52:00,691.1999999999999
2011-09-05 13:53:00,324.5
2011-09-05 13:54:00,657.6000000000001
2011-09-05 14:07:00,344.07
2011-09-05 14:11:00,312.49
2011-09-05 14:13:00,447.62
2011-09-05 14:27:00,301.32
2011-09-05 14:30:00,213.04000000000002
2011-09-05 14:56:00,357.34
2011-09-05 14:57:00,401.94
2011-09-05 15:17:00,457.7
2011-09-05 15:19:00,263.2
2011-09-05 15:20:00,82.75
2011-09-05 15:26:00,472.64
2011-09-05 15:40:00,347.88
2011-09-05 15:49:00,1226.16
2011-09-05 15:56:00,655.91
2011-09-05 16:22:00,238.35
2011-09-05 16:27:00,482.8
2011-09-05 17:36:00,775.94
2011-09-05 17:44:00,488.21
2011-09-06 08:34:00,174.86
2011-09-06 09:15:00,378.75
2011-09-06 09:18:00,149.12
2011-09-06 09:23:00,656.46
2011-09-06 09:34:00,556.26
2011-09-06 09:45:00,340.56
2011-09-06 09:49:00,224.28
2011-09-06 09:51:00,2184.59
2011-09-06 09:53:00,238.68
2011-09-06 10:04:00,209.8
2011-09-06 10:12:00,310.6
2011-09-06 10:27:00,100.8
2011-09-06 10:42:00,835.95
2011-09-06 10:46:00,189.6
2011-09-06 10:53:00,638.4000000000001
2011-09-06 11:29:00,301.80000000000007
2011-09-06 11:53:00,185.0
2011-09-06 11:55:00,537.9
2011-09-06 11:58:00,1467.58
2011-09-06 12:00:00,549.7
2011-09-06 12:01:00,25.200000000000003
2011-09-06 12:02:00,472.3
2011-09-06 12:10:00,257.8
2011-09-06 12:11:00,164.4
2011-09-06 12:15:00,387.26
2011-09-06 12:25:00,15.0
2011-09-06 12:27:00,459.45
2011-09-06 12:30:00,582.8
2011-09-06 12:31:00,430.32
2011-09-06 12:32:00,354.62
2011-09-06 12:38:00,4321.0
2011-09-06 12:44:00,228.84
2011-09-06 12:48:00,151.74
2011-09-06 12:56:00,258.64
2011-09-06 13:11:00,163.8
2011-09-06 13:20:00,503.08000000000004
2011-09-06 13:29:00,382.66
2011-09-06 13:46:00,358.84000000000003
2011-09-06 13:47:00,16.5
2011-09-06 14:09:00,939.96
2011-09-06 14:19:00,520.3
2011-09-06 14:23:00,591.86
2011-09-06 14:29:00,262.40000000000003
2011-09-06 14:32:00,300.7
2011-09-06 14:38:00,724.01
2011-09-06 14:53:00,106.80000000000001
2011-09-06 15:04:00,159.85000000000002
2011-09-06 15:14:00,477.93
2011-09-06 15:30:00,64.0
2011-09-06 15:34:00,701.38
2011-09-06 15:48:00,303.92
2011-09-06 15:53:00,18.72
2011-09-06 16:02:00,359.05
2011-09-06 16:57:00,200.0
2011-09-07 08:18:00,353.48
2011-09-07 09:15:00,591.14
2011-09-07 09:33:00,189.60000000000002
2011-09-07 09:37:00,180.12
2011-09-07 09:40:00,177.60000000000002
2011-09-07 09:45:00,567.6
2011-09-07 09:57:00,260.63
2011-09-07 10:07:00,266.48
2011-09-07 10:23:00,809.0699999999999
2011-09-07 10:28:00,549.24
2011-09-07 10:36:00,174.71
2011-09-07 10:38:00,871.25
2011-09-07 10:51:00,868.31
2011-09-07 10:55:00,315.2
2011-09-07 10:56:00,23.0
2011-09-07 11:32:00,127.37
2011-09-07 11:41:00,3200.28
2011-09-07 11:43:00,393.40000000000003
2011-09-07 11:46:00,313.6
2011-09-07 12:10:00,149.64000000000001
2011-09-07 12:19:00,331.24
2011-09-07 12:21:00,588.3000000000001
2011-09-07 12:41:00,121.5
2011-09-07 12:50:00,323.68
2011-09-07 12:55:00,524.85
2011-09-07 13:06:00,637.29
2011-09-07 13:19:00,413.99
2011-09-07 13:22:00,1035.82
2011-09-07 13:30:00,324.96
2011-09-07 14:09:00,155.8
2011-09-07 14:13:00,1464.58
2011-09-07 14:30:00,534.24
2011-09-07 14:40:00,426.07
2011-09-07 14:41:00,9.36
2011-09-07 14:47:00,20.8
2011-09-07 14:56:00,349.35
2011-09-07 15:00:00,402.79
2011-09-07 15:07:00,1304.7
2011-09-07 15:10:00,15.0
2011-09-07 15:13:00,304.24
2011-09-07 15:34:00,1094.9
2011-09-07 15:43:00,89.64
2011-09-07 15:52:00,480.52
2011-09-07 16:00:00,504.35
2011-09-07 16:27:00,127.73
2011-09-08 08:56:00,591.02
2011-09-08 09:13:00,416.90000000000003
2011-09-08 09:51:00,308.9
2011-09-08 10:00:00,590.4
2011-09-08 10:01:00,360.48
2011-09-08 10:02:00,310.2
2011-09-08 10:11:00,91.32000000000001
2011-09-08 10:32:00,1057.18
2011-09-08 10:35:00,626.76
2011-09-08 10:43:00,15.0
2011-09-08 10:45:00,443.0
2011-09-08 10:49:00,829.4399999999999
2011-09-08 10:52:00,126.74
2011-09-08 11:27:00,2227.28
2011-09-08 11:28:00,2.08
2011-09-08 11:44:00,371.7
2011-09-08 11:46:00,425.04
2011-09-08 11:48:00,418.34
2011-09-08 11:53:00,14.99
2011-09-08 11:56:00,161.69
2011-09-08 12:01:00,286.86
2011-09-08 12:04:00,205.82999999999998
2011-09-08 12:05:00,390.47
2011-09-08 12:16:00,1361.48
2011-09-08 12:19:00,45.78
2011-09-08 12:20:00,591.9
2011-09-08 12:27:00,412.71
2011-09-08 12:42:00,473.29
2011-09-08 12:44:00,441.49
2011-09-08 12:47:00,494.65
2011-09-08 12:48:00,496.44
2011-09-08 12:51:00,538.4
2011-09-08 12:55:00,159.79
2011-09-08 12:56:00,74.4
2011-09-08 12:57:00,121.81
2011-09-08 12:58:00,320.0
2011-09-08 13:07:00,243.31
2011-09-08 13:17:00,413.58
2011-09-08 13:26:00,483.57
2011-09-08 13:38:00,794.53
2011-09-08 13:48:00,961.58
2011-09-08 13:53:00,182.9
2011-09-08 13:54:00,421.18
2011-09-08 13:55:00,25.200000000000003
2011-09-08 13:57:00,105.0
2011-09-08 14:02:00,78.9
2011-09-08 14:19:00,117.36
2011-09-08 14:21:00,322.77
2011-09-08 14:28:00,309.79
2011-09-08 14:35:00,324.0
2011-09-08 14:42:00,86.0
2011-09-08 14:53:00,186.32
2011-09-08 14:57:00,120.97999999999999
2011-09-08 15:04:00,205.8
2011-09-08 15:05:00,227.79
2011-09-08 15:08:00,4.11
2011-09-08 15:16:00,357.99
2011-09-08 15:22:00,86.0
2011-09-08 15:36:00,318.4
2011-09-08 15:39:00,482.07
2011-09-08 15:41:00,170.88
2011-09-08 19:58:00,354.53000000000003
2011-09-09 08:48:00,344.9
2011-09-09 09:03:00,205.67000000000002
2011-09-09 09:13:00,1087.7
2011-09-09 09:38:00,296.64
2011-09-09 09:52:00,985.62
2011-09-09 10:05:00,15.0
2011-09-09 10:09:00,324.59
2011-09-09 10:10:00,85.92
2011-09-09 10:12:00,190.57
2011-09-09 10:16:00,584.4
2011-09-09 10:24:00,493.4
2011-09-09 10:31:00,998.8800000000001
2011-09-09 10:37:00,146.75
2011-09-09 10:42:00,1011.98
2011-09-09 10:47:00,158.4
2011-09-09 10:51:00,425.2
2011-09-09 10:54:00,15.5
2011-09-09 11:15:00,585.11
2011-09-09 11:46:00,282.31
2011-09-09 11:48:00,1304.7
2011-09-09 12:09:00,185.83999999999997
2011-09-09 12:11:00,140.5
2011-09-09 12:22:00,161.43
2011-09-09 12:24:00,508.96
2011-09-09 12:36:00,158.95999999999998
2011-09-09 12:41:00,141.9
2011-09-09 13:01:00,165.0
2011-09-09 13:02:00,296.62
2011-09-09 13:14:00,192.6
2011-09-09 13:19:00,151.3
2011-09-09 13:20:00,211.49
2011-09-09 13:26:00,442.66
2011-09-09 13:34:00,165.20000000000002
2011-09-09 13:37:00,1010.95
2011-09-09 13:42:00,301.0
2011-09-09 13:44:00,2608.11
2011-09-09 13:47:00,148.8
2011-09-09 13:58:00,393.85
2011-09-09 14:12:00,441.91
2011-09-09 14:14:00,111.78
2011-09-09 14:18:00,98.10000000000001
2011-09-09 14:22:00,337.74
2011-09-09 14:47:00,337.75
2011-09-09 14:58:00,340.38
2011-09-09 15:00:00,34.650000000000006
2011-09-09 15:02:00,1210.3200000000002
2011-09-09 15:03:00,7.65
2011-09-09 15:09:00,1732.93
2011-09-09 15:10:00,51.0
2011-09-09 15:11:00,109.15
2011-09-09 15:17:00,119.62
2011-09-09 15:25:00,35.7
2011-09-09 15:51:00,1001.36
2011-09-09 15:53:00,2243.7
2011-09-11 10:35:00,78.1
2011-09-11 10:39:00,204.60000000000002
2011-09-11 10:42:00,1912.06
2011-09-11 10:52:00,889.4000000000001
2011-09-11 10:53:00,174.84
2011-09-11 10:57:00,418.84000000000003
2011-09-11 10:58:00,478.98
2011-09-11 11:04:00,1005.54
2011-09-11 11:08:00,252.73000000000002
2011-09-11 11:17:00,418.06
2011-09-11 11:19:00,175.4
2011-09-11 11:24:00,307.32
2011-09-11 11:26:00,544.52
2011-09-11 11:29:00,137.56
2011-09-11 11:30:00,254.76
2011-09-11 11:56:00,160.6
2011-09-11 11:57:00,33.9
2011-09-11 11:58:00,126.00000000000001
2011-09-11 11:59:00,451.97
2011-09-11 12:00:00,1028.04
2011-09-11 12:03:00,316.6
2011-09-11 12:06:00,140.96
2011-09-11 12:09:00,482.75
2011-09-11 12:10:00,344.88
2011-09-11 12:13:00,220.07
2011-09-11 12:15:00,11.97
2011-09-11 12:16:00,384.9
2011-09-11 12:23:00,1783.24
2011-09-11 12:27:00,112.38
2011-09-11 12:34:00,855.5999999999999
2011-09-11 12:45:00,4390.63
2011-09-11 12:46:00,378.64
2011-09-11 12:56:00,277.55
2011-09-11 13:07:00,97.73
2011-09-11 13:16:00,103.3
2011-09-11 13:22:00,309.86
2011-09-11 13:32:00,356.11
2011-09-11 13:38:00,292.24
2011-09-11 13:39:00,272.31
2011-09-11 13:40:00,848.98
2011-09-11 13:44:00,1228.83
2011-09-11 13:51:00,430.21999999999997
2011-09-11 13:56:00,245.33
2011-09-11 13:58:00,796.74
2011-09-11 14:00:00,305.82
2011-09-11 14:01:00,305.62
2011-09-11 14:05:00,302.15
2011-09-11 14:09:00,254.75
2011-09-11 14:15:00,2026.7
2011-09-11 14:29:00,1638.3400000000001
2011-09-11 14:34:00,625.0
2011-09-11 14:49:00,160.20000000000002
2011-09-11 14:51:00,535.08
2011-09-11 14:58:00,331.56
2011-09-11 15:11:00,133.37
2011-09-11 15:18:00,291.63
2011-09-11 15:20:00,231.56
2011-09-11 15:24:00,818.93
2011-09-11 15:31:00,771.91
2011-09-11 15:35:00,929.28
2011-09-11 15:41:00,449.65999999999997
2011-09-11 15:44:00,458.43
2011-09-11 15:47:00,203.08
2011-09-11 15:50:00,92.38
2011-09-11 15:52:00,159.31
2011-09-11 15:59:00,329.44
2011-09-11 16:05:00,299.34000000000003
2011-09-11 16:06:00,114.84
2011-09-11 16:09:00,8.25
2011-09-12 08:24:00,307.92
2011-09-12 09:03:00,343.8
2011-09-12 09:26:00,523.25
2011-09-12 09:36:00,336.64
2011-09-12 09:37:00,656.23
2011-09-12 09:38:00,321.52
2011-09-12 09:39:00,1468.58
2011-09-12 09:41:00,170.1
2011-09-12 09:43:00,339.83
2011-09-12 09:57:00,405.86
2011-09-12 10:01:00,326.48
2011-09-12 10:19:00,778.65
2011-09-12 10:47:00,217.3
2011-09-12 11:25:00,853.68
2011-09-12 11:41:00,382.48
2011-09-12 11:44:00,5.95
2011-09-12 11:58:00,145.72
2011-09-12 12:11:00,547.02
2011-09-12 12:19:00,153.72
2011-09-12 12:20:00,207.57
2011-09-12 12:24:00,410.08000000000004
2011-09-12 12:27:00,1286.41
2011-09-12 12:32:00,466.75
2011-09-12 12:45:00,680.14
2011-09-12 12:48:00,683.8000000000001
2011-09-12 12:51:00,553.74
2011-09-12 12:54:00,147.02
2011-09-12 13:10:00,309.05
2011-09-12 13:11:00,620.4
2011-09-12 13:16:00,1535.24
2011-09-12 13:34:00,278.4
2011-09-12 13:38:00,501.9
2011-09-12 13:41:00,1304.04
2011-09-12 13:43:00,1255.22
2011-09-12 13:50:00,211.01
2011-09-12 13:55:00,278.43
2011-09-12 13:56:00,183.08
2011-09-12 14:15:00,381.5
2011-09-12 14:22:00,175.9
2011-09-12 14:23:00,663.24
2011-09-12 14:24:00,638.06
2011-09-12 14:37:00,85.0
2011-09-12 14:39:00,303.36
2011-09-12 14:40:00,88.56
2011-09-12 14:54:00,987.9399999999999
2011-09-12 15:01:00,705.74
2011-09-12 15:04:00,302.20000000000005
2011-09-12 15:14:00,285.22
2011-09-12 15:19:00,330.92
2011-09-12 15:23:00,302.19
2011-09-12 15:29:00,308.89
2011-09-12 15:31:00,291.8
2011-09-12 15:32:00,331.14
2011-09-12 15:43:00,637.9200000000001
2011-09-12 16:06:00,169.9
2011-09-12 16:12:00,776.63
2011-09-12 16:14:00,917.43
2011-09-12 16:23:00,84.5
2011-09-12 16:45:00,21.0
2011-09-12 17:58:00,3.35
2011-09-13 09:03:00,483.39
2011-09-13 09:07:00,340.2
2011-09-13 09:17:00,266.97
2011-09-13 09:33:00,1253.0
2011-09-13 09:43:00,1319.78
2011-09-13 09:47:00,414.82
2011-09-13 09:48:00,223.84
2011-09-13 09:49:00,181.6
2011-09-13 09:59:00,293.14
2011-09-13 10:03:00,358.2
2011-09-13 10:16:00,361.27
2011-09-13 10:17:00,573.7
2011-09-13 10:25:00,294.24
2011-09-13 10:34:00,94.32000000000001
2011-09-13 11:12:00,4114.08
2011-09-13 11:14:00,817.04
2011-09-13 11:24:00,166.42000000000002
2011-09-13 11:26:00,161.19
2011-09-13 11:34:00,740.4200000000001
2011-09-13 11:39:00,921.4
2011-09-13 11:41:00,96.6
2011-09-13 11:47:00,8518.72
2011-09-13 11:51:00,679.69
2011-09-13 11:52:00,431.97
2011-09-13 12:09:00,356.6
2011-09-13 12:13:00,1079.47
2011-09-13 12:18:00,1126.47
2011-09-13 12:22:00,328.98
2011-09-13 12:26:00,259.9
2011-09-13 12:32:00,433.93
2011-09-13 12:37:00,303.65000000000003
2011-09-13 12:49:00,1267.32
2011-09-13 12:52:00,432.75
2011-09-13 13:15:00,1658.9
2011-09-13 13:21:00,2180.3
2011-09-13 13:46:00,690.9
2011-09-13 13:47:00,1599.55
2011-09-13 13:49:00,1024.08
2011-09-13 13:55:00,364.5
2011-09-13 14:06:00,380.76
2011-09-13 14:23:00,199.8
2011-09-13 14:30:00,347.74
2011-09-13 14:42:00,191.78
2011-09-13 14:50:00,563.15
2011-09-13 14:51:00,302.2
2011-09-13 14:53:00,873.47
2011-09-13 15:03:00,4432.07
2011-09-13 15:18:00,786.52
2011-09-13 15:23:00,446.31
2011-09-13 15:35:00,319.6
2011-09-13 15:37:00,398.7
2011-09-13 15:41:00,417.08
2011-09-13 15:57:00,185.84
2011-09-13 16:26:00,371.9
2011-09-13 16:27:00,276.31
2011-09-13 16:33:00,305.37
2011-09-13 16:40:00,496.3
2011-09-13 16:56:00,1.65
2011-09-13 17:16:00,652.4
2011-09-14 08:35:00,267.8
2011-09-14 09:11:00,1304.04
2011-09-14 09:13:00,621.66
2011-09-14 09:16:00,327.8
2011-09-14 09:21:00,185.22
2011-09-14 09:22:00,543.24
2011-09-14 09:27:00,405.88
2011-09-14 09:31:00,112.07999999999998
2011-09-14 09:36:00,302.25
2011-09-14 09:38:00,781.11
2011-09-14 10:28:00,327.0
2011-09-14 10:32:00,780.77
2011-09-14 10:33:00,157.20000000000002
2011-09-14 10:34:00,42.24
2011-09-14 10:35:00,69.6
2011-09-14 10:40:00,299.04
2011-09-14 10:42:00,690.6000000000001
2011-09-14 11:21:00,252.23
2011-09-14 11:25:00,171.85000000000002
2011-09-14 11:26:00,378.0
2011-09-14 11:34:00,156.79
2011-09-14 11:35:00,53.550000000000004
2011-09-14 11:36:00,483.49
2011-09-14 11:39:00,345.03000000000003
2011-09-14 11:41:00,614.88
2011-09-14 11:42:00,28.68
2011-09-14 11:50:00,318.24
2011-09-14 11:53:00,471.84000000000003
2011-09-14 11:54:00,79.8
2011-09-14 11:55:00,737.8
2011-09-14 11:58:00,821.6
2011-09-14 12:05:00,411.81
2011-09-14 12:14:00,237.19
2011-09-14 12:25:00,446.25
2011-09-14 12:29:00,88.2
2011-09-14 12:42:00,588.51
2011-09-14 12:50:00,490.95
2011-09-14 12:51:00,466.52
2011-09-14 13:02:00,233.39
2011-09-14 13:04:00,252.1
2011-09-14 13:12:00,538.29
2011-09-14 13:15:00,303.48
2011-09-14 13:23:00,177.44
2011-09-14 13:31:00,64.26
2011-09-14 13:37:00,78.45
2011-09-14 13:42:00,378.45
2011-09-14 13:54:00,291.68
2011-09-14 14:09:00,163.08
2011-09-14 14:19:00,524.1
2011-09-14 14:26:00,336.31
2011-09-14 14:28:00,382.74
2011-09-14 14:30:00,351.65
2011-09-14 14:34:00,422.04
2011-09-14 15:11:00,250.0
2011-09-14 15:18:00,259.04
2011-09-14 15:33:00,221.17
2011-09-14 15:41:00,422.00000000000006
2011-09-14 15:49:00,117.24
2011-09-14 15:54:00,743.28
2011-09-14 16:29:00,358.06
2011-09-14 16:36:00,298.96
2011-09-15 08:27:00,151.5
2011-09-15 08:55:00,90.6
2011-09-15 09:34:00,679.68
2011-09-15 09:41:00,472.2
2011-09-15 09:43:00,562.54
2011-09-15 09:44:00,272.1
2011-09-15 09:53:00,368.37
2011-09-15 10:02:00,74.56
2011-09-15 10:11:00,494.25
2011-09-15 10:18:00,315.69
2011-09-15 10:29:00,659.4399999999999
2011-09-15 10:31:00,1702.94
2011-09-15 10:35:00,2551.04
2011-09-15 10:53:00,3179.8399999999997
2011-09-15 11:20:00,202.56
2011-09-15 11:25:00,250.45000000000002
2011-09-15 11:33:00,953.0600000000001
2011-09-15 11:46:00,586.95
2011-09-15 11:47:00,237.07999999999998
2011-09-15 11:54:00,325.16
2011-09-15 11:57:00,261.15
2011-09-15 12:02:00,326.4
2011-09-15 12:03:00,734.24
2011-09-15 12:04:00,364.82
2011-09-15 12:16:00,410.7
2011-09-15 12:40:00,500.21
2011-09-15 12:43:00,59.8
2011-09-15 12:46:00,248.07000000000002
2011-09-15 12:47:00,72.3
2011-09-15 12:51:00,163.89
2011-09-15 12:53:00,15.0
2011-09-15 12:55:00,1596.24
2011-09-15 12:56:00,1642.18
2011-09-15 13:13:00,136.23
2011-09-15 13:20:00,1009.27
2011-09-15 13:21:00,154.2
2011-09-15 13:27:00,351.47
2011-09-15 13:28:00,354.45
2011-09-15 13:31:00,240.28
2011-09-15 13:43:00,761.5
2011-09-15 13:51:00,655.75
2011-09-15 13:54:00,499.56
2011-09-15 13:57:00,372.16
2011-09-15 14:05:00,990.15
2011-09-15 14:07:00,1244.44
2011-09-15 14:08:00,334.53
2011-09-15 14:22:00,285.48
2011-09-15 14:25:00,160.0
2011-09-15 14:37:00,891.9000000000001
2011-09-15 14:50:00,67.98
2011-09-15 14:56:00,52.22
2011-09-15 14:58:00,680.28
2011-09-15 15:05:00,202.9
2011-09-15 15:20:00,2148.2999999999997
2011-09-15 15:21:00,4234.76
2011-09-15 15:26:00,508.8
2011-09-15 15:27:00,5725.0
2011-09-15 15:29:00,244.7
2011-09-15 15:30:00,1465.6
2011-09-15 15:34:00,13249.94
2011-09-15 15:35:00,11221.0
2011-09-15 15:44:00,211.32
2011-09-15 15:48:00,788.38
2011-09-15 16:34:00,678.18
2011-09-15 16:36:00,250.34
2011-09-15 16:39:00,19.799999999999997
2011-09-15 17:00:00,395.55
2011-09-15 17:07:00,110.93
2011-09-15 17:09:00,7.5
2011-09-15 18:05:00,397.17
2011-09-15 18:49:00,189.7
2011-09-15 19:36:00,176.94
2011-09-16 09:03:00,253.91
2011-09-16 09:13:00,370.98
2011-09-16 09:21:00,329.02
2011-09-16 09:24:00,520.04
2011-09-16 09:27:00,2582.78
2011-09-16 09:54:00,987.72
2011-09-16 09:56:00,683.28
2011-09-16 10:02:00,373.9
2011-09-16 10:39:00,440.5
2011-09-16 10:56:00,1578.88
2011-09-16 11:27:00,318.57
2011-09-16 11:48:00,842.5
2011-09-16 12:17:00,324.0
2011-09-16 12:22:00,287.40000000000003
2011-09-16 12:27:00,639.24
2011-09-16 12:34:00,201.94
2011-09-16 12:38:00,519.89
2011-09-16 12:48:00,1074.82
2011-09-16 12:50:00,595.89
2011-09-16 12:54:00,271.11
2011-09-16 13:03:00,635.19
2011-09-16 13:13:00,410.48
2011-09-16 13:23:00,120.30000000000001
2011-09-16 13:31:00,257.3
2011-09-16 13:32:00,419.58000000000004
2011-09-16 13:33:00,371.01
2011-09-16 13:37:00,271.28000000000003
2011-09-16 13:45:00,337.17
2011-09-16 13:53:00,264.31
2011-09-16 14:04:00,1233.01
2011-09-16 14:20:00,282.90000000000003
2011-09-16 14:39:00,488.45000000000005
2011-09-16 14:45:00,466.65
2011-09-16 14:47:00,361.43
2011-09-16 14:53:00,108.0
2011-09-16 14:55:00,524.3
2011-09-16 15:07:00,248.64
2011-09-16 15:09:00,549.46
2011-09-16 15:23:00,1188.18
2011-09-16 16:25:00,258.01
2011-09-16 16:29:00,412.01000000000005
2011-09-16 17:05:00,168.05
2011-09-16 17:33:00,663.6
2011-09-16 17:39:00,13.3
2011-09-18 10:19:00,426.95
2011-09-18 10:35:00,154.95
2011-09-18 10:46:00,1708.24
2011-09-18 11:13:00,828.68
2011-09-18 11:31:00,305.07
2011-09-18 11:51:00,279.84999999999997
2011-09-18 11:58:00,258.99
2011-09-18 12:15:00,757.7
2011-09-18 12:21:00,282.7
2011-09-18 12:24:00,110.69
2011-09-18 12:40:00,597.47
2011-09-18 12:42:00,716.0
2011-09-18 13:29:00,1268.0
2011-09-18 13:31:00,204.4
2011-09-18 13:38:00,115.46000000000001
2011-09-18 13:40:00,105.08000000000001
2011-09-18 14:08:00,266.14
2011-09-18 14:27:00,217.93
2011-09-18 14:56:00,652.62
2011-09-18 15:15:00,129.63
2011-09-18 15:21:00,804.98
2011-09-18 15:32:00,3449.3
2011-09-18 15:33:00,395.54
2011-09-18 15:41:00,954.51
2011-09-18 15:55:00,367.45
2011-09-18 16:04:00,387.4
2011-09-19 09:04:00,196.35
2011-09-19 09:10:00,545.78
2011-09-19 09:14:00,484.52
2011-09-19 09:15:00,388.64
2011-09-19 09:20:00,4.859999999999999
2011-09-19 09:27:00,570.0
2011-09-19 09:28:00,45.0
2011-09-19 09:30:00,214.97
2011-09-19 10:09:00,392.40000000000003
2011-09-19 10:10:00,1062.1
2011-09-19 10:13:00,360.23
2011-09-19 10:15:00,258.84000000000003
2011-09-19 10:36:00,675.3
2011-09-19 10:42:00,86.9
2011-09-19 10:43:00,765.15
2011-09-19 10:44:00,218.72
2011-09-19 10:51:00,589.6
2011-09-19 11:02:00,387.78
2011-09-19 11:04:00,129.33
2011-09-19 11:33:00,736.54
2011-09-19 11:37:00,329.88
2011-09-19 11:46:00,10267.88
2011-09-19 11:49:00,277.18
2011-09-19 11:54:00,5350.4
2011-09-19 11:55:00,63.790000000000006
2011-09-19 11:59:00,47.38
2011-09-19 12:01:00,764.59
2011-09-19 12:06:00,345.0
2011-09-19 12:16:00,313.1
2011-09-19 12:19:00,339.01
2011-09-19 12:27:00,718.21
2011-09-19 12:29:00,1118.1000000000001
2011-09-19 12:36:00,542.8100000000001
2011-09-19 13:02:00,197.55
2011-09-19 13:20:00,789.84
2011-09-19 13:27:00,165.32
2011-09-19 13:28:00,402.7
2011-09-19 13:32:00,4366.78
2011-09-19 13:35:00,1148.66
2011-09-19 13:39:00,1519.8
2011-09-19 13:45:00,366.11
2011-09-19 13:47:00,406.02
2011-09-19 13:48:00,98.30000000000001
2011-09-19 14:23:00,288.36
2011-09-19 14:27:00,367.2
2011-09-19 14:28:00,358.0
2011-09-19 14:38:00,293.54
2011-09-19 14:43:00,951.17
2011-09-19 14:55:00,949.7800000000001
2011-09-19 14:56:00,662.9000000000001
2011-09-19 15:00:00,310.95
2011-09-19 15:01:00,751.16
2011-09-19 15:02:00,971.65
2011-09-19 15:04:00,992.0
2011-09-19 15:21:00,75.75
2011-09-19 15:49:00,92.28
2011-09-19 15:53:00,1004.4000000000001
2011-09-19 16:15:00,179.0
2011-09-19 16:21:00,228.06
2011-09-19 16:49:00,79.6
2011-09-20 08:23:00,376.19
2011-09-20 09:06:00,181.6
2011-09-20 09:13:00,301.56
2011-09-20 09:24:00,267.03
2011-09-20 09:31:00,327.67
2011-09-20 09:40:00,2020.52
2011-09-20 09:45:00,519.53
2011-09-20 09:54:00,1004.4000000000001
2011-09-20 09:55:00,957.9000000000001
2011-09-20 10:01:00,948.47
2011-09-20 10:02:00,761.44
2011-09-20 10:06:00,377.66
2011-09-20 10:12:00,22104.8
2011-09-20 10:18:00,242.35
2011-09-20 10:21:00,301.15
2011-09-20 10:23:00,4418.0
2011-09-20 10:27:00,5639.52
2011-09-20 10:38:00,3531.96
2011-09-20 10:47:00,105.9
2011-09-20 11:05:00,31698.159999999996
2011-09-20 11:16:00,497.24
2011-09-20 11:32:00,1004.4000000000001
2011-09-20 11:33:00,242.1
2011-09-20 11:35:00,849.92
2011-09-20 11:39:00,520.74
2011-09-20 12:05:00,1468.8
2011-09-20 12:12:00,491.18
2011-09-20 12:14:00,552.6
2011-09-20 12:16:00,703.0
2011-09-20 12:18:00,1273.77
2011-09-20 12:21:00,5035.72
2011-09-20 12:30:00,168.31
2011-09-20 12:35:00,382.18
2011-09-20 12:39:00,384.14
2011-09-20 12:47:00,272.24
2011-09-20 12:50:00,459.62
2011-09-20 12:53:00,1065.79
2011-09-20 13:11:00,263.92
2011-09-20 13:19:00,630.26
2011-09-20 13:20:00,702.75
2011-09-20 13:21:00,279.8
2011-09-20 13:38:00,3200.0
2011-09-20 13:41:00,49.1
2011-09-20 13:42:00,613.25
2011-09-20 13:45:00,324.14
2011-09-20 13:52:00,1028.95
2011-09-20 13:53:00,75.12
2011-09-20 14:00:00,119.12
2011-09-20 14:08:00,123.65
2011-09-20 14:33:00,768.24
2011-09-20 14:34:00,366.25
2011-09-20 14:37:00,316.70000000000005
2011-09-20 14:50:00,241.2
2011-09-20 14:51:00,752.42
2011-09-20 14:52:00,196.01999999999998
2011-09-20 14:57:00,228.96000000000004
2011-09-20 15:03:00,138.48
2011-09-20 15:05:00,305.5
2011-09-20 15:10:00,222.88
2011-09-20 15:29:00,351.9
2011-09-20 15:31:00,198.44
2011-09-20 15:49:00,209.16000000000003
2011-09-20 16:41:00,272.04
2011-09-21 08:27:00,223.07999999999998
2011-09-21 08:55:00,378.95
2011-09-21 08:56:00,109.56
2011-09-21 09:06:00,3850.9
2011-09-21 09:18:00,356.2
2011-09-21 09:22:00,132.55
2011-09-21 09:33:00,549.84
2011-09-21 09:37:00,53.120000000000005
2011-09-21 09:45:00,652.85
2011-09-21 09:54:00,353.58
2011-09-21 10:16:00,315.09999999999997
2011-09-21 10:27:00,313.3
2011-09-21 10:39:00,300.12
2011-09-21 10:40:00,540.8
2011-09-21 10:47:00,460.63
2011-09-21 10:48:00,420.39
2011-09-21 11:10:00,569.34
2011-09-21 11:30:00,4463.08
2011-09-21 11:40:00,97.83
2011-09-21 11:48:00,745.84
2011-09-21 11:49:00,907.94
2011-09-21 11:55:00,256.74
2011-09-21 12:14:00,683.58
2011-09-21 12:23:00,381.22
2011-09-21 12:25:00,324.74
2011-09-21 12:26:00,342.90000000000003
2011-09-21 12:28:00,189.4
2011-09-21 12:46:00,295.18
2011-09-21 12:50:00,507.84
2011-09-21 12:55:00,307.18
2011-09-21 12:56:00,597.45
2011-09-21 13:01:00,738.58
2011-09-21 13:24:00,183.57999999999998
2011-09-21 13:33:00,722.17
2011-09-21 13:34:00,346.32
2011-09-21 13:35:00,699.72
2011-09-21 13:41:00,686.48
2011-09-21 13:48:00,672.4000000000001
2011-09-21 13:57:00,498.62000000000006
2011-09-21 13:58:00,73.6
2011-09-21 14:07:00,1067.28
2011-09-21 14:08:00,75.68
2011-09-21 14:15:00,4.95
2011-09-21 14:17:00,37.949999999999996
2011-09-21 14:35:00,964.83
2011-09-21 14:38:00,322.8
2011-09-21 14:40:00,4936.65
2011-09-21 14:43:00,124.38
2011-09-21 14:50:00,203.5
2011-09-21 14:55:00,194.37
2011-09-21 15:02:00,276.37
2011-09-21 15:06:00,260.76
2011-09-21 15:12:00,686.03
2011-09-21 15:15:00,644.49
2011-09-21 15:23:00,588.41
2011-09-21 15:32:00,1862.0
2011-09-21 15:39:00,294.61
2011-09-21 15:54:00,798.86
2011-09-21 15:57:00,305.17
2011-09-21 16:15:00,106.39
2011-09-21 16:31:00,269.15999999999997
2011-09-21 16:43:00,58.599999999999994
2011-09-21 17:05:00,117.11999999999999
2011-09-22 08:41:00,416.14
2011-09-22 09:15:00,126.66000000000001
2011-09-22 09:16:00,460.41
2011-09-22 09:33:00,478.88
2011-09-22 09:36:00,317.76
2011-09-22 09:38:00,30.79
2011-09-22 09:52:00,480.04
2011-09-22 09:53:00,461.79
2011-09-22 10:03:00,159.0
2011-09-22 10:04:00,48.480000000000004
2011-09-22 10:26:00,491.56
2011-09-22 10:37:00,434.1
2011-09-22 10:38:00,4860.64
2011-09-22 10:47:00,943.75
2011-09-22 10:48:00,389.76
2011-09-22 10:52:00,398.24
2011-09-22 11:17:00,255.84
2011-09-22 11:28:00,1074.0
2011-09-22 11:40:00,1653.44
2011-09-22 11:41:00,820.78
2011-09-22 11:44:00,904.62
2011-09-22 11:46:00,304.96
2011-09-22 11:49:00,306.26
2011-09-22 12:00:00,886.63
2011-09-22 12:01:00,131.76
2011-09-22 12:02:00,310.24
2011-09-22 12:06:00,406.35
2011-09-22 12:11:00,3877.56
2011-09-22 12:13:00,227.0
2011-09-22 12:15:00,514.13
2011-09-22 12:22:00,452.84
2011-09-22 12:23:00,222.01
2011-09-22 12:24:00,12.4
2011-09-22 12:29:00,739.5699999999999
2011-09-22 12:34:00,248.70000000000002
2011-09-22 12:41:00,837.1
2011-09-22 12:42:00,566.23
2011-09-22 12:45:00,426.43
2011-09-22 12:54:00,507.04
2011-09-22 12:55:00,563.28
2011-09-22 13:00:00,37.5
2011-09-22 13:05:00,101.14
2011-09-22 13:13:00,302.8
2011-09-22 13:15:00,202.35
2011-09-22 13:18:00,538.6899999999999
2011-09-22 13:20:00,358.02
2011-09-22 13:21:00,4117.400000000001
2011-09-22 13:31:00,1636.52
2011-09-22 13:37:00,473.96
2011-09-22 13:38:00,92.8
2011-09-22 13:44:00,56.3
2011-09-22 13:50:00,112.25
2011-09-22 13:51:00,798.46
2011-09-22 13:53:00,295.96000000000004
2011-09-22 14:10:00,432.2
2011-09-22 14:11:00,828.39
2011-09-22 14:13:00,729.09
2011-09-22 14:18:00,395.12
2011-09-22 14:25:00,795.75
2011-09-22 14:26:00,73.8
2011-09-22 14:29:00,275.4
2011-09-22 14:42:00,290.52
2011-09-22 14:53:00,534.28
2011-09-22 14:56:00,634.85
2011-09-22 14:59:00,524.26
2011-09-22 15:03:00,1936.5900000000001
2011-09-22 15:18:00,194.24
2011-09-22 15:28:00,235.07
2011-09-22 15:34:00,118.80000000000001
2011-09-22 15:39:00,340.74
2011-09-22 15:40:00,1295.43
2011-09-22 15:51:00,417.7
2011-09-22 15:54:00,531.64
2011-09-22 15:57:00,40.68
2011-09-22 16:07:00,79.8
2011-09-22 16:20:00,302.74
2011-09-22 16:26:00,809.82
2011-09-22 16:27:00,10.5
2011-09-22 16:34:00,326.12
2011-09-22 16:37:00,731.54
2011-09-22 16:46:00,492.88000000000005
2011-09-22 16:48:00,411.76
2011-09-22 16:53:00,193.53
2011-09-22 16:58:00,222.6
2011-09-22 17:00:00,458.2
2011-09-22 17:07:00,353.2
2011-09-22 17:08:00,176.20000000000002
2011-09-22 17:14:00,158.85
2011-09-22 17:15:00,440.42
2011-09-22 17:19:00,1364.61
2011-09-22 17:24:00,137.75
2011-09-22 17:25:00,223.26
2011-09-22 17:31:00,1403.21
2011-09-22 17:56:00,109.2
2011-09-22 18:07:00,567.55
2011-09-22 18:10:00,1013.92
2011-09-22 18:14:00,245.55
2011-09-22 18:15:00,301.71999999999997
2011-09-22 18:24:00,122.75
2011-09-22 19:03:00,142.27
2011-09-22 19:33:00,216.09
2011-09-22 19:54:00,357.45
2011-09-23 08:25:00,17.34
2011-09-23 08:30:00,340.21
2011-09-23 09:00:00,616.4599999999999
2011-09-23 09:13:00,728.86
2011-09-23 09:14:00,307.3
2011-09-23 09:19:00,3187.12
2011-09-23 09:26:00,161.95000000000002
2011-09-23 09:39:00,153.9
2011-09-23 09:44:00,760.2
2011-09-23 09:52:00,34.8
2011-09-23 10:02:00,134.17
2011-09-23 10:04:00,417.5
2011-09-23 10:14:00,371.36
2011-09-23 10:17:00,361.07
2011-09-23 10:25:00,584.3199999999999
2011-09-23 10:26:00,259.17
2011-09-23 10:31:00,306.53000000000003
2011-09-23 10:44:00,245.64
2011-09-23 11:22:00,157.14
2011-09-23 11:25:00,132.48000000000002
2011-09-23 11:35:00,277.48
2011-09-23 11:39:00,511.82
2011-09-23 12:09:00,790.54
2011-09-23 12:10:00,522.49
2011-09-23 12:16:00,193.64
2011-09-23 12:27:00,773.03
2011-09-23 12:36:00,1261.09
2011-09-23 12:38:00,582.1999999999999
2011-09-23 12:40:00,457.14
2011-09-23 12:50:00,344.33
2011-09-23 12:55:00,842.62
2011-09-23 12:58:00,2017.25
2011-09-23 13:11:00,727.22
2011-09-23 13:12:00,189.7
2011-09-23 13:18:00,505.18
2011-09-23 13:24:00,391.68
2011-09-23 13:42:00,342.92
2011-09-23 13:44:00,1824.79
2011-09-23 13:48:00,223.18
2011-09-23 14:05:00,795.12
2011-09-23 14:17:00,717.36
2011-09-23 14:21:00,114.18
2011-09-23 14:38:00,1619.14
2011-09-23 14:39:00,449.5
2011-09-23 14:43:00,635.6
2011-09-23 14:49:00,2241.81
2011-09-23 15:17:00,315.31
2011-09-23 15:18:00,118.9
2011-09-23 15:20:00,454.10999999999996
2011-09-23 15:21:00,1098.78
2011-09-23 15:45:00,524.9
2011-09-23 15:50:00,363.65
2011-09-23 16:05:00,215.34000000000003
2011-09-23 16:22:00,61.58
2011-09-25 10:30:00,438.32
2011-09-25 10:34:00,553.39
2011-09-25 10:46:00,192.39
2011-09-25 10:48:00,283.86
2011-09-25 11:21:00,200.99
2011-09-25 11:22:00,225.01999999999998
2011-09-25 11:28:00,305.77
2011-09-25 11:29:00,281.12
2011-09-25 11:30:00,825.9200000000001
2011-09-25 11:33:00,587.46
2011-09-25 11:34:00,347.85
2011-09-25 11:36:00,324.0
2011-09-25 11:38:00,1247.53
2011-09-25 11:39:00,430.64
2011-09-25 11:40:00,769.29
2011-09-25 12:02:00,487.2
2011-09-25 12:06:00,202.64000000000001
2011-09-25 12:15:00,280.76
2011-09-25 12:16:00,511.34000000000003
2011-09-25 12:22:00,1456.11
2011-09-25 12:25:00,272.22
2011-09-25 12:31:00,108.06
2011-09-25 12:32:00,863.2
2011-09-25 12:34:00,485.63
2011-09-25 12:39:00,513.77
2011-09-25 12:42:00,789.77
2011-09-25 12:45:00,535.77
2011-09-25 12:46:00,402.90000000000003
2011-09-25 12:54:00,306.78000000000003
2011-09-25 13:08:00,279.49
2011-09-25 13:10:00,130.05
2011-09-25 13:13:00,310.0
2011-09-25 13:16:00,886.49
2011-09-25 13:23:00,144.05
2011-09-25 13:24:00,102.42
2011-09-25 13:25:00,222.60000000000002
2011-09-25 13:30:00,455.17
2011-09-25 13:32:00,105.06
2011-09-25 13:39:00,372.24
2011-09-25 13:42:00,572.4
2011-09-25 13:47:00,326.84000000000003
2011-09-25 14:08:00,353.78
2011-09-25 14:32:00,974.14
2011-09-25 14:33:00,488.26
2011-09-25 14:36:00,459.2
2011-09-25 14:37:00,3567.02
2011-09-25 14:38:00,191.56
2011-09-25 14:41:00,40.0
2011-09-25 14:44:00,322.94
2011-09-25 14:52:00,950.16
2011-09-25 14:53:00,266.55
2011-09-25 14:58:00,706.431
2011-09-25 15:01:00,496.97
2011-09-25 15:15:00,884.9
2011-09-25 15:25:00,349.7
2011-09-25 15:30:00,318.0
2011-09-25 15:32:00,193.39000000000001
2011-09-25 15:34:00,769.17
2011-09-25 15:35:00,339.02
2011-09-25 15:43:00,234.6
2011-09-25 15:56:00,398.22
2011-09-25 15:59:00,330.6
2011-09-25 16:05:00,296.42
2011-09-25 16:06:00,305.12
2011-09-26 07:35:00,535.5
2011-09-26 08:38:00,544.08
2011-09-26 09:28:00,163.02
2011-09-26 09:52:00,322.26
2011-09-26 09:59:00,116.12
2011-09-26 10:03:00,393.92
2011-09-26 10:05:00,418.22
2011-09-26 10:06:00,185.85
2011-09-26 10:16:00,336.14
2011-09-26 10:22:00,126.47
2011-09-26 10:35:00,399.15
2011-09-26 10:39:00,211.32
2011-09-26 10:57:00,183.54
2011-09-26 11:02:00,524.61
2011-09-26 11:04:00,164.58
2011-09-26 11:05:00,368.31
2011-09-26 11:19:00,360.66999999999996
2011-09-26 11:38:00,223.92
2011-09-26 11:39:00,183.62
2011-09-26 11:49:00,217.77
2011-09-26 12:00:00,348.99
2011-09-26 12:02:00,225.76
2011-09-26 12:10:00,780.56
2011-09-26 12:11:00,261.65
2011-09-26 12:12:00,93.87
2011-09-26 12:23:00,453.99
2011-09-26 12:45:00,358.90000000000003
2011-09-26 12:48:00,737.92
2011-09-26 12:53:00,177.89
2011-09-26 12:54:00,184.78
2011-09-26 12:56:00,277.8
2011-09-26 12:58:00,488.98
2011-09-26 13:17:00,57.480000000000004
2011-09-26 13:21:00,265.14
2011-09-26 13:25:00,606.39
2011-09-26 13:35:00,4341.84
2011-09-26 13:36:00,1033.34
2011-09-26 13:41:00,104.35
2011-09-26 13:45:00,304.36
2011-09-26 13:48:00,152.76
2011-09-26 13:57:00,1069.29
2011-09-26 14:00:00,307.69
2011-09-26 14:02:00,487.74
2011-09-26 14:06:00,624.55
2011-09-26 14:12:00,316.68
2011-09-26 14:13:00,74.9
2011-09-26 14:25:00,115.74
2011-09-26 14:30:00,461.40000000000003
2011-09-26 14:48:00,308.69
2011-09-26 14:54:00,145.67000000000002
2011-09-26 15:10:00,149.34000000000003
2011-09-26 15:13:00,418.82
2011-09-26 15:23:00,204.89999999999998
2011-09-26 15:28:00,3671.44
2011-09-26 15:35:00,704.0400000000001
2011-09-26 15:43:00,245.83
2011-09-26 15:47:00,164.3
2011-09-26 15:51:00,600.99
2011-09-26 16:13:00,133.59
2011-09-26 16:15:00,249.7
2011-09-26 16:59:00,31.6
2011-09-26 17:01:00,15.001
2011-09-26 17:20:00,1592.1200000000001
2011-09-27 08:57:00,588.88
2011-09-27 09:05:00,182.3
2011-09-27 09:18:00,42.5
2011-09-27 09:24:00,329.94
2011-09-27 09:33:00,150.06
2011-09-27 09:39:00,152.20000000000002
2011-09-27 09:46:00,0.0
2011-09-27 10:04:00,422.32
2011-09-27 10:06:00,164.28
2011-09-27 10:08:00,438.55
2011-09-27 10:09:00,1101.2
2011-09-27 10:12:00,211.62
2011-09-27 10:20:00,499.62
2011-09-27 10:24:00,372.90000000000003
2011-09-27 10:26:00,378.27
2011-09-27 10:27:00,547.52
2011-09-27 10:34:00,180.95
2011-09-27 10:41:00,111.07
2011-09-27 11:01:00,248.17000000000002
2011-09-27 11:05:00,142.38
2011-09-27 11:06:00,29.700000000000003
2011-09-27 11:10:00,776.3000000000001
2011-09-27 11:24:00,573.4
2011-09-27 11:27:00,233.65
2011-09-27 11:34:00,261.55
2011-09-27 11:35:00,90.0
2011-09-27 11:38:00,204.15
2011-09-27 11:49:00,512.31
2011-09-27 11:50:00,417.2
2011-09-27 11:52:00,396.2
2011-09-27 11:53:00,566.56
2011-09-27 11:58:00,543.44
2011-09-27 12:03:00,254.4
2011-09-27 12:08:00,405.07
2011-09-27 12:17:00,626.52
2011-09-27 12:26:00,2307.86
2011-09-27 12:28:00,1032.4
2011-09-27 12:36:00,865.53
2011-09-27 12:44:00,205.20000000000002
2011-09-27 12:52:00,383.65999999999997
2011-09-27 12:53:00,189.2
2011-09-27 12:57:00,314.36
2011-09-27 13:04:00,614.64
2011-09-27 13:21:00,765.0
2011-09-27 13:32:00,869.87
2011-09-27 13:38:00,305.54
2011-09-27 13:42:00,362.8
2011-09-27 13:49:00,629.2
2011-09-27 13:56:00,1031.28
2011-09-27 14:00:00,66.66
2011-09-27 14:01:00,291.23999999999995
2011-09-27 14:04:00,1001.4
2011-09-27 14:07:00,2021.0
2011-09-27 14:08:00,334.02000000000004
2011-09-27 14:31:00,93.07000000000001
2011-09-27 14:37:00,228.31
2011-09-27 14:52:00,144.35
2011-09-27 14:58:00,213.51
2011-09-27 15:16:00,313.6
2011-09-27 15:17:00,1066.94
2011-09-27 15:31:00,290.5
2011-09-27 15:34:00,134.16000000000003
2011-09-27 15:35:00,237.93
2011-09-27 16:28:00,366.1
2011-09-27 17:03:00,226.5
2011-09-27 17:47:00,213.35
2011-09-28 08:48:00,462.45
2011-09-28 09:02:00,585.0
2011-09-28 09:15:00,308.4
2011-09-28 09:40:00,815.04
2011-09-28 09:41:00,273.1
2011-09-28 09:43:00,445.69
2011-09-28 10:09:00,138.03
2011-09-28 10:14:00,110.12
2011-09-28 10:15:00,309.48
2011-09-28 10:18:00,144.2
2011-09-28 10:27:00,489.70000000000005
2011-09-28 10:29:00,308.56
2011-09-28 10:39:00,352.62
2011-09-28 10:42:00,441.8
2011-09-28 10:54:00,1261.81
2011-09-28 10:56:00,315.94
2011-09-28 11:11:00,20.16
2011-09-28 11:26:00,367.16
2011-09-28 11:38:00,644.75
2011-09-28 11:48:00,168.32
2011-09-28 11:49:00,415.5
2011-09-28 11:56:00,1810.51
2011-09-28 12:04:00,829.99
2011-09-28 12:15:00,307.32
2011-09-28 12:16:00,522.48
2011-09-28 12:20:00,1590.32
2011-09-28 12:21:00,141.62
2011-09-28 12:22:00,253.26
2011-09-28 12:25:00,312.92
2011-09-28 12:28:00,474.41
2011-09-28 12:33:00,282.69
2011-09-28 12:34:00,311.37
2011-09-28 12:36:00,192.24
2011-09-28 12:46:00,373.02000000000004
2011-09-28 12:52:00,282.09
2011-09-28 12:54:00,115.2
2011-09-28 13:00:00,618.03
2011-09-28 13:04:00,338.06
2011-09-28 13:07:00,394.14
2011-09-28 13:13:00,1873.62
2011-09-28 13:17:00,158.04
2011-09-28 13:23:00,1773.65
2011-09-28 13:30:00,367.37
2011-09-28 13:32:00,741.9
2011-09-28 13:43:00,1225.49
2011-09-28 14:10:00,312.96
2011-09-28 14:21:00,308.76
2011-09-28 14:26:00,436.34
2011-09-28 14:38:00,157.66
2011-09-28 14:43:00,469.02
2011-09-28 14:48:00,214.92000000000002
2011-09-28 14:55:00,75.0
2011-09-28 14:56:00,638.66
2011-09-28 14:57:00,2592.83
2011-09-28 14:58:00,266.25
2011-09-28 15:02:00,139.07999999999998
2011-09-28 15:07:00,679.03
2011-09-28 15:18:00,219.03
2011-09-28 15:21:00,1313.52
2011-09-28 15:24:00,308.32
2011-09-28 15:31:00,310.8
2011-09-28 15:32:00,329.75
2011-09-28 15:33:00,50.4
2011-09-28 15:41:00,521.5
2011-09-28 15:42:00,538.9399999999999
2011-09-28 15:48:00,112.32
2011-09-28 15:50:00,748.1
2011-09-28 16:04:00,248.61
2011-09-28 16:07:00,171.06
2011-09-28 16:17:00,2839.6
2011-09-28 16:35:00,183.53
2011-09-28 16:38:00,311.99
2011-09-28 16:42:00,513.2
2011-09-28 16:45:00,379.14
2011-09-29 08:27:00,1046.68
2011-09-29 08:28:00,2505.84
2011-09-29 08:53:00,1018.22
2011-09-29 09:03:00,542.16
2011-09-29 09:15:00,141.6
2011-09-29 09:16:00,414.04
2011-09-29 09:19:00,305.3
2011-09-29 09:23:00,123.06
2011-09-29 09:37:00,70.8
2011-09-29 09:44:00,424.8
2011-09-29 09:51:00,518.42
2011-09-29 09:53:00,957.97
2011-09-29 09:55:00,271.88
2011-09-29 10:10:00,372.48
2011-09-29 10:19:00,159.79
2011-09-29 10:22:00,2377.0
2011-09-29 10:23:00,576.65
2011-09-29 10:45:00,337.70000000000005
2011-09-29 10:46:00,303.68
2011-09-29 10:49:00,421.90000000000003
2011-09-29 10:50:00,365.52000000000004
2011-09-29 10:52:00,236.39999999999998
2011-09-29 10:55:00,234.0
2011-09-29 11:29:00,100.8
2011-09-29 11:31:00,224.14
2011-09-29 11:33:00,355.89
2011-09-29 11:35:00,403.26
2011-09-29 11:39:00,500.46
2011-09-29 12:00:00,872.23
2011-09-29 12:01:00,53.2
2011-09-29 12:11:00,296.46
2011-09-29 12:12:00,383.12
2011-09-29 12:15:00,334.5
2011-09-29 12:16:00,191.11
2011-09-29 12:23:00,160.7
2011-09-29 12:24:00,325.5
2011-09-29 12:31:00,2163.95
2011-09-29 12:34:00,411.55
2011-09-29 12:39:00,507.16
2011-09-29 12:43:00,376.64
2011-09-29 13:03:00,99.60000000000001
2011-09-29 13:04:00,779.36
2011-09-29 13:11:00,336.82
2011-09-29 13:13:00,334.94
2011-09-29 13:17:00,987.09
2011-09-29 13:21:00,472.04
2011-09-29 13:22:00,1293.18
2011-09-29 13:23:00,216.85
2011-09-29 13:29:00,423.59000000000003
2011-09-29 13:30:00,70.8
2011-09-29 13:31:00,60.0
2011-09-29 13:35:00,525.79
2011-09-29 13:38:00,1811.2
2011-09-29 13:39:00,451.44
2011-09-29 13:45:00,357.72
2011-09-29 13:56:00,195.04
2011-09-29 14:08:00,166.07999999999998
2011-09-29 14:11:00,477.14
2011-09-29 14:12:00,25.200000000000003
2011-09-29 14:38:00,398.21
2011-09-29 14:40:00,146.22
2011-09-29 14:46:00,325.73
2011-09-29 14:50:00,750.74
2011-09-29 14:52:00,338.5
2011-09-29 15:04:00,319.87
2011-09-29 15:25:00,505.48
2011-09-29 15:26:00,418.7
2011-09-29 15:29:00,810.51
2011-09-29 15:31:00,219.01999999999998
2011-09-29 15:32:00,502.44000000000005
2011-09-29 15:40:00,560.4100000000001
2011-09-29 15:52:00,45.0
2011-09-29 15:57:00,306.61
2011-09-29 15:58:00,824.83
2011-09-29 16:38:00,238.25
2011-09-29 16:41:00,311.3
2011-09-29 16:42:00,316.46
2011-09-29 16:44:00,626.38
2011-09-29 16:48:00,278.65
2011-09-29 16:51:00,173.82
2011-09-29 16:52:00,361.76
2011-09-29 16:53:00,891.5500000000001
2011-09-29 17:16:00,447.3
2011-09-29 17:27:00,210.18
2011-09-29 17:33:00,181.25
2011-09-29 17:34:00,237.04000000000002
2011-09-29 17:36:00,1045.48
2011-09-29 17:52:00,283.55
2011-09-29 17:53:00,30.75
2011-09-29 18:13:00,134.95999999999998
2011-09-29 18:18:00,115.72
2011-09-29 18:30:00,667.65
2011-09-29 18:51:00,615.39
2011-09-29 18:53:00,376.02
2011-09-29 19:30:00,243.2
2011-09-30 07:36:00,5867.08
2011-09-30 08:14:00,400.61
2011-09-30 08:18:00,194.18
2011-09-30 08:19:00,303.0
2011-09-30 09:05:00,300.02
2011-09-30 09:20:00,559.68
2011-09-30 09:22:00,281.94
2011-09-30 09:25:00,151.68
2011-09-30 09:38:00,402.24
2011-09-30 09:39:00,1238.54
2011-09-30 09:40:00,350.3
2011-09-30 09:45:00,333.96
2011-09-30 10:04:00,257.98
2011-09-30 10:08:00,356.75
2011-09-30 10:18:00,1290.7
2011-09-30 10:19:00,712.0600000000001
2011-09-30 10:20:00,272.15999999999997
2011-09-30 10:25:00,320.0
2011-09-30 10:27:00,2800.0
2011-09-30 10:40:00,6.0
2011-09-30 10:44:00,406.7
2011-09-30 10:45:00,499.49
2011-09-30 10:48:00,1285.98
2011-09-30 10:52:00,227.41
2011-09-30 11:18:00,38.08
2011-09-30 11:41:00,234.73000000000002
2011-09-30 11:45:00,185.77
2011-09-30 11:46:00,199.8
2011-09-30 11:54:00,44.349999999999994
2011-09-30 11:55:00,313.8
2011-09-30 11:56:00,2496.0
2011-09-30 11:57:00,1272.0
2011-09-30 11:58:00,720.0
2011-09-30 12:03:00,650.53
2011-09-30 12:06:00,1192.5
2011-09-30 12:12:00,3.25
2011-09-30 12:19:00,381.87
2011-09-30 12:24:00,358.0
2011-09-30 12:30:00,653.1800000000001
2011-09-30 12:35:00,454.33
2011-09-30 12:36:00,97.35
2011-09-30 12:40:00,669.6
2011-09-30 12:44:00,1025.78
2011-09-30 12:45:00,25.200000000000003
2011-09-30 12:58:00,327.23
2011-09-30 13:06:00,430.17
2011-09-30 13:09:00,1132.55
2011-09-30 13:15:00,361.21
2011-09-30 13:21:00,142.7
2011-09-30 13:28:00,341.36
2011-09-30 13:31:00,1568.4
2011-09-30 13:40:00,634.03
2011-09-30 13:46:00,116.3
2011-09-30 13:54:00,253.78
2011-09-30 14:06:00,310.62
2011-09-30 14:07:00,609.05
2011-09-30 14:41:00,441.93
2011-09-30 14:55:00,443.05
2011-09-30 14:59:00,687.38
2011-09-30 15:02:00,441.61
2011-09-30 15:03:00,25.200000000000003
2011-09-30 15:04:00,357.71
2011-09-30 15:14:00,139.45
2011-09-30 15:17:00,8.28
2011-09-30 15:33:00,808.26
2011-09-30 15:52:00,618.59
2011-10-02 10:32:00,262.6
2011-10-02 10:43:00,213.5
2011-10-02 10:55:00,658.11
2011-10-02 10:58:00,173.04
2011-10-02 11:04:00,166.32999999999998
2011-10-02 11:10:00,324.45
2011-10-02 11:30:00,189.9
2011-10-02 11:41:00,327.62
2011-10-02 12:04:00,270.8
2011-10-02 12:05:00,474.87
2011-10-02 12:11:00,142.51
2011-10-02 12:22:00,326.8
2011-10-02 12:30:00,205.28
2011-10-02 12:41:00,261.12
2011-10-02 12:45:00,149.0
2011-10-02 12:47:00,253.6
2011-10-02 13:01:00,201.99
2011-10-02 13:26:00,751.74
2011-10-02 13:44:00,472.31
2011-10-02 13:46:00,590.49
2011-10-02 13:49:00,743.79
2011-10-02 14:00:00,255.13
2011-10-02 14:25:00,195.31
2011-10-02 14:31:00,11.8
2011-10-02 14:37:00,973.95
2011-10-02 14:47:00,469.89
2011-10-02 14:56:00,467.95
2011-10-02 15:07:00,376.97
2011-10-02 15:18:00,299.53
2011-10-02 15:26:00,366.78
2011-10-02 15:33:00,543.75
2011-10-02 15:35:00,5.76
2011-10-02 15:49:00,306.73
2011-10-02 15:52:00,149.55
2011-10-03 08:30:00,643.26
2011-10-03 09:30:00,1188.36
2011-10-03 09:34:00,430.85
2011-10-03 09:44:00,565.49
2011-10-03 09:45:00,322.08
2011-10-03 09:57:00,2900.99
2011-10-03 10:08:00,1574.52
2011-10-03 10:09:00,603.4
2011-10-03 10:15:00,351.17
2011-10-03 10:18:00,480.2
2011-10-03 10:38:00,415.2
2011-10-03 10:55:00,1071.03
2011-10-03 11:00:00,163.56
2011-10-03 11:01:00,5164.66
2011-10-03 11:24:00,2350.98
2011-10-03 11:26:00,264.9
2011-10-03 11:34:00,659.61
2011-10-03 11:36:00,551.58
2011-10-03 11:37:00,4849.1
2011-10-03 12:04:00,323.15
2011-10-03 12:17:00,728.5
2011-10-03 12:31:00,464.64
2011-10-03 12:32:00,395.93
2011-10-03 12:41:00,119.32
2011-10-03 12:47:00,1105.62
2011-10-03 12:48:00,157.68
2011-10-03 13:03:00,441.82
2011-10-03 13:31:00,607.33
2011-10-03 13:39:00,957.33
2011-10-03 13:46:00,358.4
2011-10-03 13:49:00,415.41999999999996
2011-10-03 13:53:00,1909.36
2011-10-03 14:05:00,864.19
2011-10-03 14:09:00,2034.0
2011-10-03 14:18:00,1169.26
2011-10-03 14:19:00,642.0
2011-10-03 14:20:00,1441.2
2011-10-03 14:34:00,7298.76
2011-10-03 14:52:00,426.63
2011-10-03 14:53:00,517.53
2011-10-03 14:55:00,14.850000000000001
2011-10-03 14:59:00,688.8
2011-10-03 15:06:00,1023.96
2011-10-03 15:08:00,1315.3799999999999
2011-10-03 15:10:00,242.12
2011-10-03 15:24:00,1094.71
2011-10-03 15:26:00,647.52
2011-10-03 15:28:00,808.11
2011-10-03 15:29:00,260.1
2011-10-03 15:32:00,541.03
2011-10-03 15:52:00,238.28
2011-10-03 16:12:00,162.64
2011-10-03 16:44:00,3155.95
2011-10-03 16:46:00,1395.09
2011-10-03 16:47:00,207.6
2011-10-03 16:48:00,1659.6
2011-10-03 16:50:00,1416.0
2011-10-03 16:51:00,305.0
2011-10-03 17:48:00,170.2
2011-10-04 08:26:00,675.38
2011-10-04 08:27:00,359.03999999999996
2011-10-04 08:29:00,520.32
2011-10-04 08:30:00,231.0
2011-10-04 08:56:00,949.3000000000001
2011-10-04 09:00:00,194.20000000000002
2011-10-04 09:02:00,678.11
2011-10-04 09:03:00,180.0
2011-10-04 09:05:00,344.92
2011-10-04 09:09:00,1983.46
2011-10-04 09:12:00,1410.26
2011-10-04 09:26:00,1897.1599999999999
2011-10-04 09:38:00,304.62
2011-10-04 09:49:00,566.4
2011-10-04 09:51:00,474.62
2011-10-04 10:15:00,324.8
2011-10-04 10:29:00,593.79
2011-10-04 10:30:00,284.15999999999997
2011-10-04 10:31:00,520.54
2011-10-04 10:33:00,432.0
2011-10-04 10:42:00,489.41999999999996
2011-10-04 10:49:00,427.57
2011-10-04 11:29:00,117.94
2011-10-04 11:33:00,1675.85
2011-10-04 11:36:00,945.47
2011-10-04 11:44:00,610.42
2011-10-04 11:56:00,666.21
2011-10-04 12:22:00,1007.05
2011-10-04 12:25:00,306.88
2011-10-04 12:38:00,827.48
2011-10-04 12:39:00,198.74
2011-10-04 12:41:00,971.46
2011-10-04 12:42:00,23.8
2011-10-04 12:43:00,1343.74
2011-10-04 12:45:00,390.26
2011-10-04 12:46:00,45.0
2011-10-04 12:51:00,316.17
2011-10-04 12:55:00,373.94
2011-10-04 13:10:00,433.01
2011-10-04 13:13:00,196.35
2011-10-04 13:25:00,528.68
2011-10-04 13:30:00,3733.0
2011-10-04 13:35:00,959.7
2011-10-04 13:42:00,449.12
2011-10-04 13:45:00,346.68
2011-10-04 13:55:00,466.3
2011-10-04 13:56:00,1162.68
2011-10-04 13:58:00,254.48
2011-10-04 14:28:00,127.85000000000001
2011-10-04 14:31:00,120.95
2011-10-04 14:32:00,304.5
2011-10-04 14:33:00,580.73
2011-10-04 14:41:00,678.38
2011-10-04 14:42:00,683.59
2011-10-04 14:53:00,947.62
2011-10-04 14:55:00,15.7
2011-10-04 14:58:00,111.68
2011-10-04 15:02:00,163.1
2011-10-04 15:19:00,425.52
2011-10-04 15:21:00,316.73
2011-10-04 15:41:00,444.71
2011-10-04 15:44:00,476.52
2011-10-04 15:45:00,97.7
2011-10-04 15:55:00,301.87
2011-10-04 15:58:00,557.76
2011-10-04 16:39:00,135.31
2011-10-04 17:32:00,8.5
2011-10-05 08:17:00,1943.1299999999999
2011-10-05 08:50:00,1105.16
2011-10-05 08:52:00,33.0
2011-10-05 08:53:00,622.84
2011-10-05 09:31:00,171.59999999999997
2011-10-05 09:42:00,440.49
2011-10-05 09:43:00,485.78
2011-10-05 09:46:00,1307.76
2011-10-05 09:47:00,369.40999999999997
2011-10-05 09:52:00,314.5
2011-10-05 09:55:00,609.78
2011-10-05 09:56:00,105.30000000000001
2011-10-05 09:57:00,1476.19
2011-10-05 09:59:00,233.5
2011-10-05 10:06:00,13760.02
2011-10-05 10:09:00,2487.4
2011-10-05 10:10:00,1800.0
2011-10-05 10:11:00,3855.84
2011-10-05 10:30:00,406.53
2011-10-05 10:37:00,108.38
2011-10-05 10:38:00,434.65000000000003
2011-10-05 10:53:00,245.8
2011-10-05 11:06:00,409.08
2011-10-05 11:16:00,266.17
2011-10-05 11:17:00,2.95
2011-10-05 11:25:00,302.91
2011-10-05 11:37:00,641.57
2011-10-05 11:44:00,498.36
2011-10-05 11:53:00,140.34
2011-10-05 11:57:00,639.3000000000001
2011-10-05 12:02:00,202.9
2011-10-05 12:09:00,9.95
2011-10-05 12:13:00,287.94
2011-10-05 12:14:00,453.06
2011-10-05 12:15:00,601.04
2011-10-05 12:24:00,240.0
2011-10-05 12:25:00,2145.38
2011-10-05 12:27:00,196.65
2011-10-05 12:31:00,343.66
2011-10-05 12:35:00,828.0
2011-10-05 12:40:00,374.5
2011-10-05 12:42:00,612.0
2011-10-05 12:44:00,15643.77
2011-10-05 12:49:00,745.37
2011-10-05 12:51:00,416.46000000000004
2011-10-05 12:52:00,2539.56
2011-10-05 12:56:00,316.76
2011-10-05 12:59:00,99.60000000000001
2011-10-05 13:00:00,228.96
2011-10-05 13:04:00,363.18
2011-10-05 13:05:00,65.4
2011-10-05 13:10:00,139.3
2011-10-05 13:19:00,333.63
2011-10-05 13:33:00,135.79999999999998
2011-10-05 13:34:00,91.85
2011-10-05 13:36:00,150.45
2011-10-05 13:42:00,338.19
2011-10-05 13:47:00,1293.29
2011-10-05 13:54:00,518.8
2011-10-05 13:58:00,708.28
2011-10-05 14:01:00,30.599999999999998
2011-10-05 14:03:00,561.73
2011-10-05 14:14:00,269.63
2011-10-05 14:16:00,9.01
2011-10-05 14:19:00,223.49999999999997
2011-10-05 14:28:00,332.3
2011-10-05 14:39:00,251.69
2011-10-05 14:42:00,90.6
2011-10-05 14:47:00,369.34000000000003
2011-10-05 14:50:00,283.6
2011-10-05 14:53:00,596.22
2011-10-05 14:55:00,59.52
2011-10-05 14:56:00,82.80000000000001
2011-10-05 15:04:00,141.35
2011-10-05 15:09:00,480.43
2011-10-05 15:17:00,732.32
2011-10-05 15:18:00,250.95
2011-10-05 15:24:00,562.47
2011-10-05 15:35:00,993.88
2011-10-05 15:36:00,15.8
2011-10-05 15:38:00,133.06
2011-10-05 15:49:00,92.46
2011-10-05 15:52:00,265.51
2011-10-05 15:56:00,33.9
2011-10-05 16:09:00,377.64
2011-10-05 16:15:00,268.44
2011-10-05 16:31:00,356.6
2011-10-05 17:28:00,97.97
2011-10-05 17:29:00,503.64
2011-10-06 08:17:00,223.22
2011-10-06 08:25:00,312.98
2011-10-06 09:01:00,391.98
2011-10-06 09:10:00,788.16
2011-10-06 09:11:00,23.39
2011-10-06 09:28:00,333.64
2011-10-06 09:31:00,588.96
2011-10-06 09:32:00,89.80000000000001
2011-10-06 09:35:00,633.0
2011-10-06 09:36:00,465.55
2011-10-06 09:37:00,150.25
2011-10-06 09:38:00,839.99
2011-10-06 09:43:00,435.46999999999997
2011-10-06 09:45:00,332.22
2011-10-06 09:48:00,308.44
2011-10-06 09:56:00,282.45
2011-10-06 10:31:00,281.75
2011-10-06 10:34:00,30.0
2011-10-06 10:44:00,508.58000000000004
2011-10-06 10:45:00,355.9
2011-10-06 10:48:00,638.11
2011-10-06 10:52:00,3534.9100000000003
2011-10-06 10:53:00,33.0
2011-10-06 11:24:00,785.35
2011-10-06 11:27:00,659.08
2011-10-06 11:28:00,100.8
2011-10-06 11:38:00,530.14
2011-10-06 11:41:00,252.54
2011-10-06 11:42:00,188.41
2011-10-06 11:47:00,428.89
2011-10-06 11:48:00,902.0699999999999
2011-10-06 11:53:00,10992.96
2011-10-06 12:13:00,79.8
2011-10-06 12:15:00,219.14
2011-10-06 12:22:00,279.36
2011-10-06 12:23:00,270.25
2011-10-06 12:25:00,385.43
2011-10-06 12:26:00,340.9
2011-10-06 12:35:00,167.46
2011-10-06 12:51:00,336.96
2011-10-06 12:56:00,517.28
2011-10-06 13:00:00,675.72
2011-10-06 13:05:00,317.69
2011-10-06 13:06:00,566.4
2011-10-06 13:11:00,15.03
2011-10-06 13:20:00,295.93
2011-10-06 13:21:00,2327.0
2011-10-06 13:26:00,433.2
2011-10-06 13:27:00,124.3
2011-10-06 13:28:00,697.46
2011-10-06 13:29:00,313.4
2011-10-06 13:30:00,1377.55
2011-10-06 13:41:00,187.35
2011-10-06 13:42:00,2626.3
2011-10-06 13:45:00,327.45
2011-10-06 13:48:00,726.1
2011-10-06 13:49:00,393.74
2011-10-06 13:59:00,287.4
2011-10-06 14:17:00,850.4
2011-10-06 14:18:00,319.2
2011-10-06 14:28:00,108.35
2011-10-06 14:31:00,1658.16
2011-10-06 14:33:00,887.52
2011-10-06 14:36:00,116.32
2011-10-06 14:37:00,511.57
2011-10-06 14:43:00,174.37
2011-10-06 14:45:00,303.5
2011-10-06 14:47:00,54.6
2011-10-06 14:50:00,1578.8700000000001
2011-10-06 14:54:00,320.4
2011-10-06 14:59:00,564.0699999999999
2011-10-06 15:04:00,330.15
2011-10-06 15:05:00,66.0
2011-10-06 15:28:00,192.76
2011-10-06 15:31:00,502.90000000000003
2011-10-06 15:32:00,323.04
2011-10-06 15:46:00,326.81
2011-10-06 15:48:00,145.35
2011-10-06 15:51:00,1183.72
2011-10-06 15:53:00,188.22
2011-10-06 16:01:00,1044.09
2011-10-06 16:15:00,225.24
2011-10-06 16:17:00,915.49
2011-10-06 16:20:00,176.97
2011-10-06 16:25:00,341.21
2011-10-06 16:27:00,353.5
2011-10-06 16:28:00,70.15
2011-10-06 16:34:00,1.9
2011-10-06 16:41:00,77.4
2011-10-06 16:47:00,1077.75
2011-10-06 16:50:00,95.54
2011-10-06 16:54:00,373.88
2011-10-06 16:57:00,5.9
2011-10-06 17:02:00,341.99999999999994
2011-10-06 17:03:00,315.06
2011-10-06 17:08:00,496.44
2011-10-06 17:28:00,390.76
2011-10-06 17:43:00,172.99
2011-10-06 17:51:00,171.8
2011-10-06 17:52:00,306.71999999999997
2011-10-06 18:08:00,263.96
2011-10-06 18:23:00,158.1
2011-10-06 18:45:00,460.4
2011-10-06 18:47:00,397.63
2011-10-06 18:56:00,224.76
2011-10-06 19:27:00,130.22
2011-10-06 19:49:00,381.07
2011-10-07 08:08:00,891.4
2011-10-07 08:12:00,422.8
2011-10-07 08:49:00,146.87
2011-10-07 08:55:00,600.39
2011-10-07 09:10:00,321.74
2011-10-07 09:16:00,1059.24
2011-10-07 09:19:00,6.2
2011-10-07 09:26:00,340.84
2011-10-07 09:30:00,439.56
2011-10-07 09:38:00,638.21
2011-10-07 09:42:00,230.46
2011-10-07 09:44:00,495.2
2011-10-07 09:56:00,104.6
2011-10-07 10:06:00,904.14
2011-10-07 10:09:00,102.0
2011-10-07 10:12:00,537.0
2011-10-07 10:13:00,247.12
2011-10-07 10:18:00,247.76
2011-10-07 10:20:00,8.1
2011-10-07 10:21:00,150.03
2011-10-07 10:22:00,122.7
2011-10-07 10:29:00,285.19
2011-10-07 10:37:00,277.48
2011-10-07 10:41:00,932.13
2011-10-07 10:42:00,528.6
2011-10-07 10:44:00,427.6
2011-10-07 10:50:00,459.79
2011-10-07 10:55:00,432.26
2011-10-07 11:17:00,306.52
2011-10-07 11:19:00,1055.44
2011-10-07 11:22:00,412.47
2011-10-07 11:32:00,237.86
2011-10-07 11:38:00,352.71999999999997
2011-10-07 11:43:00,256.38
2011-10-07 11:47:00,627.12
2011-10-07 11:51:00,1728.0
2011-10-07 11:55:00,148.66
2011-10-07 11:56:00,4186.08
2011-10-07 11:57:00,274.51
2011-10-07 11:58:00,291.26
2011-10-07 12:05:00,7630.5599999999995
2011-10-07 12:11:00,207.68
2011-10-07 12:12:00,110.4
2011-10-07 12:14:00,264.62
2011-10-07 12:17:00,517.8
2011-10-07 12:18:00,360.11
2011-10-07 12:25:00,467.2
2011-10-07 12:28:00,160.9
2011-10-07 12:31:00,2910.53
2011-10-07 12:37:00,1482.2
2011-10-07 12:38:00,393.74
2011-10-07 12:42:00,225.9
2011-10-07 12:44:00,453.55
2011-10-07 12:45:00,5.9
2011-10-07 12:49:00,221.06
2011-10-07 13:09:00,89.85000000000001
2011-10-07 13:11:00,99.0
2011-10-07 13:14:00,313.56
2011-10-07 13:16:00,135.82
2011-10-07 13:17:00,752.6800000000001
2011-10-07 13:21:00,910.0
2011-10-07 13:34:00,519.47
2011-10-07 13:40:00,10.4
2011-10-07 13:57:00,16.5
2011-10-07 14:04:00,824.41
2011-10-07 14:05:00,612.01
2011-10-07 14:17:00,654.69
2011-10-07 14:23:00,228.46
2011-10-07 14:27:00,914.64
2011-10-07 14:28:00,927.84
2011-10-07 14:43:00,172.3
2011-10-07 14:46:00,302.46
2011-10-07 15:01:00,639.69
2011-10-07 15:13:00,1714.96
2011-10-07 15:15:00,136.82
2011-10-07 15:18:00,454.76
2011-10-07 15:23:00,171.93
2011-10-07 15:26:00,898.14
2011-10-07 15:38:00,151.24
2011-10-07 15:40:00,183.48000000000002
2011-10-07 15:45:00,495.66
2011-10-07 16:03:00,206.24
2011-10-07 16:06:00,2.08
2011-10-09 10:13:00,149.1
2011-10-09 10:23:00,302.36
2011-10-09 10:29:00,380.53000000000003
2011-10-09 10:48:00,292.32
2011-10-09 11:15:00,121.26
2011-10-09 11:29:00,121.02000000000001
2011-10-09 11:32:00,152.94
2011-10-09 11:50:00,224.53
2011-10-09 11:53:00,364.59
2011-10-09 12:04:00,141.75
2011-10-09 12:19:00,158.82
2011-10-09 12:20:00,1397.32
2011-10-09 12:44:00,149.68
2011-10-09 12:49:00,69.65
2011-10-09 12:59:00,475.65999999999997
2011-10-09 13:11:00,492.05
2011-10-09 13:15:00,552.41
2011-10-09 13:19:00,4.35
2011-10-09 13:21:00,557.62
2011-10-09 13:28:00,254.18
2011-10-09 13:30:00,168.12
2011-10-09 13:41:00,167.67000000000002
2011-10-09 13:44:00,241.74
2011-10-09 13:58:00,808.06
2011-10-09 14:22:00,328.53000000000003
2011-10-09 14:30:00,117.88
2011-10-09 14:48:00,216.22
2011-10-09 15:01:00,129.93
2011-10-09 15:04:00,293.62
2011-10-09 15:17:00,75.25
2011-10-09 15:24:00,193.14
2011-10-09 15:40:00,1780.59
2011-10-09 15:47:00,480.78000000000003
2011-10-09 16:05:00,652.24
2011-10-09 16:11:00,281.11
2011-10-09 16:22:00,169.79
2011-10-10 08:23:00,499.32
2011-10-10 08:30:00,283.2
2011-10-10 08:58:00,898.14
2011-10-10 09:01:00,104.82
2011-10-10 09:06:00,196.8
2011-10-10 09:14:00,559.52
2011-10-10 09:18:00,1974.0
2011-10-10 09:41:00,905.94
2011-10-10 09:53:00,306.09000000000003
2011-10-10 09:56:00,380.31
2011-10-10 10:07:00,82.80000000000001
2011-10-10 10:10:00,292.2
2011-10-10 10:13:00,113.4
2011-10-10 10:16:00,2085.33
2011-10-10 10:23:00,111.9
2011-10-10 10:29:00,292.99
2011-10-10 10:45:00,477.5
2011-10-10 10:51:00,1256.67
2011-10-10 10:57:00,2482.44
2011-10-10 11:12:00,547.2
2011-10-10 11:14:00,676.3199999999999
2011-10-10 11:20:00,181.38
2011-10-10 11:30:00,126.39
2011-10-10 11:32:00,332.38
2011-10-10 11:37:00,688.97
2011-10-10 11:47:00,156.56
2011-10-10 11:50:00,168.3
2011-10-10 11:59:00,370.68
2011-10-10 12:00:00,331.96
2011-10-10 12:18:00,202.65
2011-10-10 12:19:00,206.82999999999998
2011-10-10 12:23:00,183.75
2011-10-10 12:25:00,358.0
2011-10-10 12:26:00,1322.82
2011-10-10 12:28:00,384.06
2011-10-10 12:29:00,113.91
2011-10-10 12:30:00,320.4
2011-10-10 12:34:00,317.22
2011-10-10 12:35:00,111.55
2011-10-10 12:37:00,1209.88
2011-10-10 12:50:00,214.69
2011-10-10 12:51:00,165.72
2011-10-10 12:52:00,72.0
2011-10-10 12:59:00,1334.16
2011-10-10 13:03:00,313.18
2011-10-10 13:04:00,388.28
2011-10-10 13:11:00,225.18
2011-10-10 13:12:00,281.04
2011-10-10 13:13:00,421.05
2011-10-10 13:17:00,205.0
2011-10-10 13:27:00,120.3
2011-10-10 13:30:00,660.64
2011-10-10 13:31:00,511.34000000000003
2011-10-10 13:33:00,310.61
2011-10-10 13:34:00,200.14
2011-10-10 13:37:00,419.53999999999996
2011-10-10 13:38:00,302.59
2011-10-10 13:41:00,156.61
2011-10-10 13:54:00,300.76
2011-10-10 13:55:00,397.97999999999996
2011-10-10 13:56:00,212.28
2011-10-10 14:02:00,437.23
2011-10-10 14:06:00,801.08
2011-10-10 14:25:00,181.09
2011-10-10 14:37:00,1684.01
2011-10-10 14:38:00,158.44
2011-10-10 14:42:00,12.12
2011-10-10 14:49:00,332.68
2011-10-10 14:55:00,943.69
2011-10-10 14:57:00,291.40000000000003
2011-10-10 15:15:00,282.58
2011-10-10 15:27:00,261.62
2011-10-10 15:39:00,1230.88
2011-10-10 15:42:00,869.98
2011-10-10 15:45:00,141.6
2011-10-10 16:03:00,434.55
2011-10-10 16:06:00,1579.51
2011-10-10 16:58:00,561.1
2011-10-10 17:00:00,316.89
2011-10-10 17:09:00,17.4
2011-10-10 17:12:00,3380.86
2011-10-10 17:13:00,23.4
2011-10-10 17:26:00,310.54
2011-10-11 08:23:00,530.35
2011-10-11 08:24:00,70.8
2011-10-11 08:30:00,757.8
2011-10-11 09:05:00,562.02
2011-10-11 09:10:00,406.74
2011-10-11 09:19:00,1170.19
2011-10-11 09:23:00,650.6
2011-10-11 09:24:00,83.75
2011-10-11 09:26:00,48.46
2011-10-11 09:29:00,125.85000000000001
2011-10-11 09:41:00,379.79
2011-10-11 09:50:00,68.16
2011-10-11 09:53:00,264.96
2011-10-11 10:16:00,416.69
2011-10-11 10:22:00,33.0
2011-10-11 10:24:00,186.8
2011-10-11 10:31:00,424.79999999999995
2011-10-11 10:33:00,950.44
2011-10-11 10:36:00,1018.51
2011-10-11 10:39:00,233.1
2011-10-11 10:41:00,371.66
2011-10-11 10:43:00,1527.96
2011-10-11 10:46:00,2076.0
2011-10-11 11:02:00,0.38
2011-10-11 11:03:00,547.25
2011-10-11 11:15:00,7810.5599999999995
2011-10-11 11:34:00,300.02000000000004
2011-10-11 11:35:00,302.65000000000003
2011-10-11 11:38:00,326.66
2011-10-11 11:43:00,516.24
2011-10-11 11:49:00,737.7
2011-10-11 11:55:00,2016.31
2011-10-11 12:05:00,304.26
2011-10-11 12:08:00,81.44
2011-10-11 12:17:00,199.47000000000003
2011-10-11 12:27:00,308.85
2011-10-11 12:34:00,440.63
2011-10-11 12:36:00,250.9
2011-10-11 12:38:00,522.36
2011-10-11 12:41:00,73.66
2011-10-11 12:49:00,397.12
2011-10-11 13:09:00,221.69
2011-10-11 13:12:00,308.86
2011-10-11 13:13:00,277.75
2011-10-11 13:34:00,321.35
2011-10-11 13:45:00,1032.7
2011-10-11 13:49:00,172.91
2011-10-11 14:10:00,1482.6399999999999
2011-10-11 14:17:00,219.6
2011-10-11 14:18:00,3930.94
2011-10-11 14:19:00,285.74
2011-10-11 14:20:00,304.29
2011-10-11 14:21:00,139.63
2011-10-11 14:22:00,17.1
2011-10-11 14:24:00,171.66
2011-10-11 14:33:00,355.8
2011-10-11 14:34:00,163.15
2011-10-11 14:37:00,454.33
2011-10-11 14:39:00,210.25
2011-10-11 14:51:00,73.2
2011-10-11 14:52:00,4279.71
2011-10-11 14:54:00,103.4
2011-10-11 14:59:00,768.64
2011-10-11 15:03:00,172.25
2011-10-11 15:10:00,806.4
2011-10-11 15:12:00,300.95
2011-10-11 15:26:00,376.9
2011-10-11 15:36:00,899.0699999999999
2011-10-11 15:45:00,6.0
2011-10-11 15:53:00,303.37
2011-10-11 16:25:00,382.35
2011-10-11 16:50:00,399.25
2011-10-12 08:10:00,214.3
2011-10-12 08:56:00,168.07999999999998
2011-10-12 09:08:00,113.82
2011-10-12 09:10:00,140.37
2011-10-12 09:13:00,237.0
2011-10-12 09:20:00,211.0
2011-10-12 09:29:00,419.85
2011-10-12 09:35:00,2159.3
2011-10-12 09:38:00,88.80000000000001
2011-10-12 09:50:00,803.24
2011-10-12 09:54:00,6.4799999999999995
2011-10-12 10:04:00,25.5
2011-10-12 10:08:00,146.0
2011-10-12 10:18:00,398.05
2011-10-12 10:20:00,676.37
2011-10-12 10:23:00,1001.3199999999999
2011-10-12 10:26:00,24.900000000000002
2011-10-12 10:35:00,357.0
2011-10-12 10:36:00,381.06
2011-10-12 10:45:00,193.54999999999998
2011-10-12 10:50:00,638.45
2011-10-12 10:51:00,581.6899999999999
2011-10-12 11:08:00,96.12
2011-10-12 11:09:00,120.0
2011-10-12 11:22:00,153.12
2011-10-12 11:30:00,4.5
2011-10-12 11:32:00,168.55
2011-10-12 11:33:00,264.74
2011-10-12 11:40:00,215.23000000000002
2011-10-12 11:43:00,334.8
2011-10-12 11:45:00,626.92
2011-10-12 11:49:00,103.5
2011-10-12 11:55:00,147.41
2011-10-12 11:58:00,245.19
2011-10-12 12:01:00,533.12
2011-10-12 12:08:00,879.01
2011-10-12 12:10:00,158.4
2011-10-12 12:16:00,149.52
2011-10-12 12:19:00,110.03
2011-10-12 12:24:00,1229.42
2011-10-12 12:30:00,112.32000000000001
2011-10-12 12:31:00,214.6
2011-10-12 12:42:00,901.07
2011-10-12 12:44:00,397.29
2011-10-12 12:47:00,568.66
2011-10-12 12:51:00,324.96000000000004
2011-10-12 12:54:00,303.1
2011-10-12 12:58:00,307.06
2011-10-12 12:59:00,323.74
2011-10-12 13:14:00,574.57
2011-10-12 13:17:00,336.4
2011-10-12 13:20:00,648.27
2011-10-12 13:28:00,90.15
2011-10-12 13:30:00,343.94
2011-10-12 13:31:00,118.22
2011-10-12 13:55:00,449.15
2011-10-12 14:08:00,749.67
2011-10-12 14:10:00,100.58
2011-10-12 14:18:00,477.55
2011-10-12 14:21:00,309.24
2011-10-12 14:22:00,236.31
2011-10-12 14:28:00,102.0
2011-10-12 14:33:00,12.969999999999999
2011-10-12 14:42:00,189.39
2011-10-12 14:43:00,204.0
2011-10-12 14:46:00,314.20000000000005
2011-10-12 14:48:00,333.6
2011-10-12 14:56:00,670.63
2011-10-12 15:01:00,674.68
2011-10-12 15:06:00,167.47
2011-10-12 15:22:00,110.38
2011-10-12 15:27:00,310.44
2011-10-12 15:35:00,467.36
2011-10-12 15:39:00,416.6
2011-10-12 15:41:00,294.22
2011-10-12 15:42:00,46.8
2011-10-12 15:49:00,263.61
2011-10-12 17:00:00,620.13
2011-10-12 17:19:00,120.33
2011-10-13 08:27:00,249.60000000000002
2011-10-13 08:28:00,82.5
2011-10-13 08:42:00,331.72
2011-10-13 09:16:00,359.6
2011-10-13 09:30:00,247.25
2011-10-13 09:45:00,127.33999999999999
2011-10-13 09:55:00,464.07
2011-10-13 10:09:00,273.78
2011-10-13 10:20:00,355.78000000000003
2011-10-13 10:23:00,3953.35
2011-10-13 10:25:00,527.1
2011-10-13 10:26:00,898.14
2011-10-13 10:52:00,102.95
2011-10-13 10:54:00,355.56
2011-10-13 10:55:00,442.64
2011-10-13 10:57:00,318.06
2011-10-13 11:37:00,300.48
2011-10-13 11:50:00,1319.01
2011-10-13 11:53:00,149.7
2011-10-13 11:57:00,314.15
2011-10-13 11:58:00,187.82999999999998
2011-10-13 12:06:00,387.7
2011-10-13 12:07:00,202.0
2011-10-13 12:17:00,411.78000000000003
2011-10-13 12:21:00,113.62
2011-10-13 12:26:00,1491.59
2011-10-13 12:30:00,166.48
2011-10-13 12:38:00,111.29
2011-10-13 12:46:00,1259.46
2011-10-13 12:47:00,2876.85
2011-10-13 12:50:00,1002.3100000000001
2011-10-13 12:52:00,988.03
2011-10-13 12:58:00,192.35
2011-10-13 12:59:00,1002.2
2011-10-13 13:00:00,131.48
2011-10-13 13:20:00,10.2
2011-10-13 13:24:00,357.93
2011-10-13 13:35:00,474.05
2011-10-13 13:42:00,388.72
2011-10-13 13:43:00,385.58
2011-10-13 13:44:00,15.600000000000001
2011-10-13 13:53:00,640.5
2011-10-13 13:58:00,369.78
2011-10-13 14:08:00,279.94
2011-10-13 14:10:00,434.40999999999997
2011-10-13 14:13:00,27.0
2011-10-13 14:18:00,1090.14
2011-10-13 14:28:00,2.49
2011-10-13 14:37:00,171.59
2011-10-13 14:47:00,300.85
2011-10-13 14:48:00,84.39999999999999
2011-10-13 14:59:00,1881.8600000000001
2011-10-13 15:08:00,243.84
2011-10-13 15:15:00,188.94
2011-10-13 15:19:00,250.49
2011-10-13 15:23:00,208.43
2011-10-13 15:28:00,79.5
2011-10-13 15:38:00,437.43
2011-10-13 15:43:00,143.28
2011-10-13 15:47:00,106.92
2011-10-13 15:49:00,709.63
2011-10-13 15:50:00,351.31
2011-10-13 15:58:00,313.86
2011-10-13 16:01:00,390.07
2011-10-13 16:14:00,209.4
2011-10-13 16:17:00,216.17
2011-10-13 16:24:00,126.2
2011-10-13 16:33:00,6.5
2011-10-13 16:37:00,15.0
2011-10-13 17:51:00,429.42
2011-10-14 08:29:00,66.3
2011-10-14 09:06:00,400.15
2011-10-14 09:21:00,359.51
2011-10-14 09:28:00,38.400000000000006
2011-10-14 09:35:00,1003.27
2011-10-14 09:48:00,313.48
2011-10-14 10:03:00,406.84
2011-10-14 10:21:00,729.6
2011-10-14 10:25:00,115.27
2011-10-14 10:28:00,119.9
2011-10-14 10:38:00,161.0
2011-10-14 10:42:00,40.0
2011-10-14 10:47:00,1135.8899999999999
2011-10-14 10:48:00,70.8
2011-10-14 10:55:00,15.6
2011-10-14 11:08:00,600.11
2011-10-14 11:09:00,826.83
2011-10-14 11:15:00,550.58
2011-10-14 11:39:00,450.86
2011-10-14 11:42:00,1198.71
2011-10-14 11:43:00,130.01
2011-10-14 11:44:00,15.0
2011-10-14 11:55:00,308.6
2011-10-14 11:56:00,394.16
2011-10-14 12:08:00,262.2
2011-10-14 12:19:00,108.0
2011-10-14 12:25:00,294.78
2011-10-14 12:28:00,649.92
2011-10-14 12:29:00,212.4
2011-10-14 12:33:00,1157.08
2011-10-14 12:34:00,59.699999999999996
2011-10-14 12:41:00,678.17
2011-10-14 12:53:00,603.4399999999999
2011-10-14 12:55:00,306.03
2011-10-14 12:56:00,879.8
2011-10-14 12:57:00,653.5
2011-10-14 13:06:00,214.98
2011-10-14 13:24:00,489.27
2011-10-14 13:35:00,1115.03
2011-10-14 13:36:00,599.5
2011-10-14 13:41:00,639.39
2011-10-14 13:49:00,81.57
2011-10-14 13:54:00,1288.78
2011-10-14 14:00:00,106.20000000000002
2011-10-14 14:04:00,189.85999999999999
2011-10-14 14:16:00,301.53999999999996
2011-10-14 14:22:00,1012.8000000000001
2011-10-14 14:28:00,47.04
2011-10-14 14:37:00,423.42
2011-10-14 14:38:00,55.8
2011-10-14 14:44:00,250.52
2011-10-14 14:54:00,999.26
2011-10-14 14:55:00,513.6
2011-10-14 14:58:00,145.21
2011-10-14 15:04:00,1835.6
2011-10-14 15:26:00,1091.29
2011-10-14 15:46:00,231.17
2011-10-14 15:50:00,350.21999999999997
2011-10-14 15:59:00,142.04
2011-10-14 16:04:00,878.46
2011-10-14 16:05:00,55.85
2011-10-14 16:49:00,91.8
2011-10-14 17:13:00,3528.34
2011-10-14 17:23:00,130.25
2011-10-16 10:19:00,306.0
2011-10-16 10:41:00,127.19999999999999
2011-10-16 10:50:00,306.0
2011-10-16 11:06:00,214.41
2011-10-16 11:31:00,197.41
2011-10-16 11:41:00,437.86
2011-10-16 11:58:00,146.7
2011-10-16 12:06:00,269.96000000000004
2011-10-16 12:09:00,767.22
2011-10-16 12:16:00,146.02
2011-10-16 12:19:00,1281.53
2011-10-16 12:21:00,476.90999999999997
2011-10-16 12:25:00,809.98
2011-10-16 12:28:00,427.07
2011-10-16 12:30:00,360.41
2011-10-16 12:40:00,140.95
2011-10-16 12:46:00,114.88
2011-10-16 12:54:00,359.42
2011-10-16 13:08:00,442.88
2011-10-16 13:23:00,8132.31
2011-10-16 13:24:00,157.39000000000001
2011-10-16 13:51:00,610.89
2011-10-16 14:07:00,405.02
2011-10-16 14:35:00,490.2
2011-10-16 15:13:00,362.06
2011-10-16 15:27:00,2242.69
2011-10-16 15:32:00,739.37
2011-10-16 15:44:00,237.43
2011-10-16 15:45:00,273.99
2011-10-16 15:56:00,189.65
2011-10-16 16:09:00,369.27
2011-10-16 16:12:00,303.43
2011-10-16 16:13:00,151.70000000000002
2011-10-16 16:25:00,12.75
2011-10-17 08:14:00,2327.0
2011-10-17 08:30:00,358.0
2011-10-17 08:56:00,214.45
2011-10-17 08:59:00,303.3
2011-10-17 09:07:00,482.4
2011-10-17 09:36:00,361.99
2011-10-17 09:37:00,519.28
2011-10-17 09:57:00,720.56
2011-10-17 10:10:00,1152.06
2011-10-17 10:17:00,377.66
2011-10-17 10:33:00,151.5
2011-10-17 10:42:00,1300.47
2011-10-17 10:43:00,894.64
2011-10-17 10:47:00,119.62
2011-10-17 10:48:00,358.68
2011-10-17 10:50:00,5296.96
2011-10-17 11:05:00,451.6
2011-10-17 11:07:00,383.55
2011-10-17 11:08:00,283.02
2011-10-17 11:11:00,339.02
2011-10-17 11:27:00,1697.98
2011-10-17 11:49:00,165.04999999999998
2011-10-17 11:51:00,1077.74
2011-10-17 11:55:00,342.63
2011-10-17 11:56:00,292.0
2011-10-17 12:04:00,546.81
2011-10-17 12:12:00,402.68
2011-10-17 12:16:00,330.63
2011-10-17 12:22:00,231.98
2011-10-17 12:25:00,964.22
2011-10-17 12:32:00,151.15
2011-10-17 12:33:00,981.1
2011-10-17 12:35:00,151.83
2011-10-17 12:41:00,878.89
2011-10-17 12:46:00,384.08
2011-10-17 12:47:00,223.36
2011-10-17 12:50:00,173.97
2011-10-17 12:51:00,331.9
2011-10-17 12:52:00,791.0
2011-10-17 13:03:00,417.59999999999997
2011-10-17 13:19:00,1583.24
2011-10-17 13:22:00,110.53
2011-10-17 13:23:00,688.29
2011-10-17 13:25:00,1097.83
2011-10-17 13:31:00,4050.61
2011-10-17 13:39:00,1283.96
2011-10-17 13:43:00,131.94
2011-10-17 13:44:00,828.42
2011-10-17 13:46:00,1761.24
2011-10-17 13:47:00,118.44
2011-10-17 13:57:00,493.05
2011-10-17 14:01:00,105.22
2011-10-17 14:12:00,161.94
2011-10-17 14:14:00,109.36000000000001
2011-10-17 14:23:00,491.28
2011-10-17 14:28:00,144.65
2011-10-17 14:29:00,197.13
2011-10-17 14:41:00,303.36
2011-10-17 14:42:00,344.38
2011-10-17 14:51:00,230.12
2011-10-17 14:54:00,543.41
2011-10-17 14:59:00,365.51
2011-10-17 15:02:00,305.36
2011-10-17 15:03:00,540.4
2011-10-17 15:06:00,413.99
2011-10-17 15:18:00,1232.95
2011-10-17 15:19:00,1255.98
2011-10-17 15:22:00,126.25
2011-10-17 15:28:00,204.7
2011-10-17 15:37:00,131.18
2011-10-17 16:04:00,240.68
2011-10-17 16:53:00,225.6
2011-10-17 17:24:00,251.88
2011-10-18 07:43:00,348.91
2011-10-18 07:56:00,880.58
2011-10-18 08:12:00,369.74
2011-10-18 08:15:00,176.04
2011-10-18 08:28:00,223.36
2011-10-18 08:42:00,281.42
2011-10-18 09:07:00,534.24
2011-10-18 09:15:00,183.9
2011-10-18 09:24:00,521.62
2011-10-18 09:25:00,352.7
2011-10-18 09:30:00,346.08
2011-10-18 09:32:00,808.1500000000001
2011-10-18 09:54:00,400.91999999999996
2011-10-18 10:02:00,917.34
2011-10-18 10:04:00,704.02
2011-10-18 10:07:00,359.3
2011-10-18 10:16:00,417.29
2011-10-18 10:18:00,163.1
2011-10-18 10:19:00,396.97
2011-10-18 10:51:00,708.0
2011-10-18 10:52:00,701.0
2011-10-18 10:53:00,325.53
2011-10-18 10:55:00,500.0
2011-10-18 10:58:00,76.34
2011-10-18 11:13:00,131.4
2011-10-18 11:18:00,756.11
2011-10-18 11:41:00,176.6
2011-10-18 11:55:00,208.75
2011-10-18 12:01:00,1283.27
2011-10-18 12:07:00,222.71
2011-10-18 12:17:00,5493.21
2011-10-18 12:18:00,283.33
2011-10-18 12:43:00,354.36
2011-10-18 12:44:00,205.57
2011-10-18 12:48:00,630.55
2011-10-18 12:49:00,539.18
2011-10-18 12:54:00,125.79
2011-10-18 12:56:00,298.0
2011-10-18 12:59:00,1321.87
2011-10-18 13:02:00,722.76
2011-10-18 13:04:00,351.83
2011-10-18 13:10:00,376.78000000000003
2011-10-18 13:11:00,650.76
2011-10-18 13:12:00,1193.32
2011-10-18 13:15:00,1503.62
2011-10-18 13:19:00,199.95999999999998
2011-10-18 13:26:00,305.76
2011-10-18 13:29:00,268.77
2011-10-18 13:32:00,125.65
2011-10-18 13:41:00,178.97
2011-10-18 13:44:00,344.35
2011-10-18 14:00:00,551.6800000000001
2011-10-18 14:07:00,301.4
2011-10-18 14:11:00,262.17
2011-10-18 14:15:00,521.2
2011-10-18 14:32:00,329.97
2011-10-18 14:34:00,211.93
2011-10-18 14:44:00,614.9200000000001
2011-10-18 14:47:00,216.39
2011-10-18 14:49:00,448.92
2011-10-18 14:50:00,424.36
2011-10-18 15:05:00,948.16
2011-10-18 15:06:00,47.1
2011-10-18 15:22:00,1043.78
2011-10-18 15:26:00,206.6
2011-10-18 15:42:00,269.76
2011-10-18 15:52:00,308.74
2011-10-18 15:54:00,513.88
2011-10-18 16:46:00,611.98
2011-10-18 17:04:00,317.0
2011-10-18 17:10:00,202.68
2011-10-19 08:20:00,532.74
2011-10-19 08:32:00,127.37
2011-10-19 09:00:00,927.4
2011-10-19 09:18:00,307.78
2011-10-19 09:43:00,617.04
2011-10-19 09:48:00,111.09
2011-10-19 09:58:00,239.24
2011-10-19 09:59:00,437.77
2011-10-19 10:03:00,659.1
2011-10-19 10:04:00,125.97
2011-10-19 10:05:00,28.2
2011-10-19 10:31:00,764.74
2011-10-19 10:32:00,311.76
2011-10-19 10:33:00,3.0
2011-10-19 10:34:00,337.04
2011-10-19 10:36:00,160.07999999999998
2011-10-19 10:38:00,110.8
2011-10-19 10:43:00,169.2
2011-10-19 10:48:00,1588.75
2011-10-19 10:56:00,768.85
2011-10-19 10:59:00,944.37
2011-10-19 11:13:00,212.72
2011-10-19 11:16:00,65.8
2011-10-19 11:18:00,6068.0599999999995
2011-10-19 11:27:00,318.3
2011-10-19 11:38:00,204.07000000000002
2011-10-19 11:44:00,127.4
2011-10-19 11:49:00,1376.43
2011-10-19 11:52:00,1103.36
2011-10-19 11:53:00,1228.04
2011-10-19 12:01:00,343.94
2011-10-19 12:10:00,38.45
2011-10-19 12:11:00,223.26
2011-10-19 12:12:00,241.29
2011-10-19 12:16:00,552.4
2011-10-19 12:21:00,384.42
2011-10-19 12:28:00,1133.48
2011-10-19 12:30:00,669.1500000000001
2011-10-19 12:34:00,304.72
2011-10-19 12:35:00,535.75
2011-10-19 12:39:00,494.91
2011-10-19 12:50:00,283.89
2011-10-19 12:52:00,191.12
2011-10-19 12:54:00,498.04
2011-10-19 13:02:00,348.32
2011-10-19 13:20:00,109.92
2011-10-19 13:23:00,390.38
2011-10-19 13:38:00,447.61
2011-10-19 13:49:00,2523.64
2011-10-19 13:58:00,615.07
2011-10-19 14:05:00,341.7
2011-10-19 14:12:00,431.20000000000005
2011-10-19 14:14:00,298.4
2011-10-19 14:20:00,85.8
2011-10-19 14:22:00,127.1
2011-10-19 14:26:00,15.0
2011-10-19 14:36:00,149.75
2011-10-19 14:40:00,155.15
2011-10-19 14:41:00,89.4
2011-10-19 14:51:00,739.28
2011-10-19 14:55:00,14.850000000000001
2011-10-19 14:56:00,415.82000000000005
2011-10-19 15:08:00,502.09
2011-10-19 15:15:00,103.80000000000001
2011-10-19 15:26:00,581.41
2011-10-19 15:29:00,1258.37
2011-10-19 15:33:00,330.24
2011-10-19 15:34:00,15.600000000000001
2011-10-19 15:46:00,318.8
2011-10-19 16:05:00,156.24
2011-10-19 16:16:00,157.7
2011-10-19 16:24:00,289.22
2011-10-19 16:41:00,450.37
2011-10-20 08:19:00,76.32000000000001
2011-10-20 08:21:00,324.39
2011-10-20 08:41:00,103.85
2011-10-20 09:04:00,599.4200000000001
2011-10-20 09:28:00,2856.14
2011-10-20 09:32:00,170.39999999999998
2011-10-20 09:40:00,1035.45
2011-10-20 09:57:00,603.76
2011-10-20 10:04:00,219.7
2011-10-20 10:06:00,327.93
2011-10-20 10:10:00,443.6
2011-10-20 10:15:00,297.85
2011-10-20 10:34:00,1393.06
2011-10-20 10:41:00,286.28
2011-10-20 10:47:00,314.49
2011-10-20 10:57:00,386.43
2011-10-20 11:03:00,556.85
2011-10-20 11:17:00,376.90000000000003
2011-10-20 11:30:00,333.01
2011-10-20 11:40:00,430.5
2011-10-20 11:47:00,1073.37
2011-10-20 11:51:00,749.1
2011-10-20 11:53:00,294.72
2011-10-20 11:54:00,55.42
2011-10-20 11:58:00,247.94
2011-10-20 12:00:00,23.5
2011-10-20 12:03:00,20277.92
2011-10-20 12:04:00,62.400000000000006
2011-10-20 12:07:00,877.71
2011-10-20 12:11:00,181.95000000000002
2011-10-20 12:13:00,339.1
2011-10-20 12:21:00,855.41
2011-10-20 12:23:00,224.37
2011-10-20 12:24:00,4311.48
2011-10-20 12:26:00,1244.1599999999999
2011-10-20 12:28:00,83.2
2011-10-20 12:31:00,291.96000000000004
2011-10-20 12:34:00,252.14
2011-10-20 12:40:00,35.0
2011-10-20 12:41:00,74.53
2011-10-20 12:43:00,456.77
2011-10-20 12:52:00,85.67999999999999
2011-10-20 12:53:00,740.41
2011-10-20 12:57:00,444.19
2011-10-20 13:06:00,330.71
2011-10-20 13:07:00,3091.98
2011-10-20 13:13:00,139.8
2011-10-20 13:20:00,303.7
2011-10-20 13:24:00,765.21
2011-10-20 13:37:00,168.12
2011-10-20 13:46:00,178.32
2011-10-20 13:54:00,399.4
2011-10-20 13:55:00,214.32
2011-10-20 14:01:00,578.9399999999999
2011-10-20 14:09:00,251.8
2011-10-20 14:10:00,16.5
2011-10-20 14:11:00,321.92
2011-10-20 14:12:00,25.200000000000003
2011-10-20 14:13:00,203.96
2011-10-20 14:18:00,2000.33
2011-10-20 14:23:00,41.6
2011-10-20 14:30:00,1368.06
2011-10-20 14:33:00,504.04
2011-10-20 14:40:00,650.67
2011-10-20 14:41:00,259.35
2011-10-20 14:51:00,162.57
2011-10-20 14:52:00,207.32
2011-10-20 15:15:00,119.25
2011-10-20 15:20:00,244.55
2011-10-20 15:38:00,526.3
2011-10-20 15:45:00,143.39999999999998
2011-10-20 15:47:00,302.58
2011-10-20 15:57:00,937.31
2011-10-20 16:21:00,234.25
2011-10-20 17:00:00,306.0
2011-10-20 17:04:00,200.83
2011-10-20 17:13:00,137.37
2011-10-20 18:08:00,521.53
2011-10-20 19:51:00,788.11
2011-10-21 08:24:00,222.4
2011-10-21 08:40:00,2314.48
2011-10-21 08:47:00,773.94
2011-10-21 08:57:00,284.98
2011-10-21 09:04:00,167.62
2011-10-21 09:20:00,906.09
2011-10-21 09:23:00,526.0
2011-10-21 09:25:00,547.34
2011-10-21 09:50:00,107.46000000000001
2011-10-21 09:56:00,206.66
2011-10-21 10:03:00,114.86
2011-10-21 10:11:00,300.76
2011-10-21 10:13:00,1096.65
2011-10-21 10:19:00,54.6
2011-10-21 10:32:00,425.38
2011-10-21 10:50:00,800.69
2011-10-21 10:51:00,427.7
2011-10-21 10:55:00,1414.99
2011-10-21 11:06:00,463.8
2011-10-21 11:08:00,240.55
2011-10-21 11:18:00,112.18
2011-10-21 11:30:00,312.79
2011-10-21 11:33:00,3648.6
2011-10-21 11:43:00,155.37
2011-10-21 11:49:00,211.78
2011-10-21 11:54:00,7398.54
2011-10-21 11:56:00,89.28
2011-10-21 12:05:00,307.32
2011-10-21 12:08:00,22206.0
2011-10-21 12:12:00,124.80000000000001
2011-10-21 12:25:00,1211.32
2011-10-21 12:44:00,402.58
2011-10-21 12:50:00,37.800000000000004
2011-10-21 12:52:00,731.6899999999999
2011-10-21 12:56:00,300.77
2011-10-21 13:03:00,97.25
2011-10-21 13:13:00,401.55
2011-10-21 13:17:00,452.46
2011-10-21 13:24:00,155.11
2011-10-21 13:27:00,421.40999999999997
2011-10-21 13:46:00,1256.69
2011-10-21 13:50:00,868.02
2011-10-21 14:01:00,768.1899999999999
2011-10-21 14:23:00,1161.3600000000001
2011-10-21 14:29:00,154.88
2011-10-21 14:41:00,1713.04
2011-10-21 14:42:00,163.52
2011-10-21 14:49:00,310.21999999999997
2011-10-21 14:50:00,319.98
2011-10-21 15:18:00,1097.24
2011-10-21 15:20:00,250.40000000000003
2011-10-21 15:36:00,657.23
2011-10-21 15:43:00,224.28
2011-10-21 15:54:00,503.62
2011-10-21 16:18:00,132.54
2011-10-21 16:48:00,660.5
2011-10-23 10:38:00,191.6
2011-10-23 10:46:00,211.1
2011-10-23 10:56:00,176.7
2011-10-23 11:05:00,216.75
2011-10-23 11:10:00,419.33
2011-10-23 11:39:00,147.86
2011-10-23 11:42:00,490.52
2011-10-23 12:08:00,280.2
2011-10-23 12:16:00,119.73
2011-10-23 12:18:00,196.93
2011-10-23 12:26:00,288.37
2011-10-23 12:28:00,204.07
2011-10-23 12:37:00,111.5
2011-10-23 12:46:00,692.14
2011-10-23 12:56:00,211.88
2011-10-23 13:02:00,50.0
2011-10-23 13:10:00,941.67
2011-10-23 13:49:00,583.12
2011-10-23 14:28:00,180.17000000000002
2011-10-23 14:30:00,161.81
2011-10-23 14:33:00,167.95
2011-10-23 14:40:00,139.97
2011-10-23 14:41:00,111.81
2011-10-23 14:47:00,371.03
2011-10-23 14:56:00,314.6
2011-10-23 15:07:00,445.92
2011-10-23 15:09:00,46.75
2011-10-23 15:11:00,511.05
2011-10-23 15:23:00,1205.81
2011-10-23 15:27:00,54.51
2011-10-23 15:29:00,718.78
2011-10-23 15:30:00,20.08
2011-10-23 15:45:00,290.44
2011-10-23 15:47:00,353.23
2011-10-23 15:54:00,129.0
2011-10-23 15:59:00,248.61
2011-10-23 16:00:00,130.55
2011-10-23 16:13:00,715.04
2011-10-23 16:19:00,488.58
2011-10-24 08:48:00,178.22
2011-10-24 08:59:00,388.58
2011-10-24 09:34:00,143.8
2011-10-24 09:46:00,564.4
2011-10-24 09:52:00,2949.2799999999997
2011-10-24 09:54:00,1044.0
2011-10-24 09:55:00,2199.12
2011-10-24 10:08:00,255.89999999999998
2011-10-24 10:11:00,180.0
2011-10-24 10:13:00,621.0799999999999
2011-10-24 10:17:00,244.45
2011-10-24 10:18:00,731.5
2011-10-24 10:20:00,72.0
2011-10-24 10:23:00,219.33
2011-10-24 10:27:00,399.5
2011-10-24 10:29:00,616.8
2011-10-24 10:30:00,1734.4
2011-10-24 10:32:00,765.12
2011-10-24 10:36:00,967.6800000000001
2011-10-24 10:38:00,1048.0
2011-10-24 10:43:00,1116.0
2011-10-24 11:21:00,360.0
2011-10-24 11:33:00,47.4
2011-10-24 11:38:00,6.36
2011-10-24 11:39:00,130.65
2011-10-24 11:40:00,381.0
2011-10-24 11:41:00,53.9
2011-10-24 11:51:00,416.7
2011-10-24 11:54:00,278.3
2011-10-24 11:56:00,321.5
2011-10-24 12:02:00,464.9
2011-10-24 12:09:00,401.3
2011-10-24 12:10:00,891.0
2011-10-24 12:25:00,402.75
2011-10-24 12:36:00,1147.74
2011-10-24 12:37:00,180.32999999999998
2011-10-24 12:38:00,156.1
2011-10-24 12:44:00,722.4000000000001
2011-10-24 12:51:00,498.74
2011-10-24 12:53:00,646.02
2011-10-24 12:54:00,430.8
2011-10-24 12:56:00,160.57
2011-10-24 13:06:00,422.58
2011-10-24 13:08:00,111.9
2011-10-24 13:26:00,547.66
2011-10-24 13:28:00,112.52
2011-10-24 13:34:00,415.82
2011-10-24 13:36:00,248.99
2011-10-24 13:37:00,364.14
2011-10-24 13:50:00,397.03000000000003
2011-10-24 13:52:00,56.75
2011-10-24 13:59:00,180.27
2011-10-24 14:10:00,1687.46
2011-10-24 14:13:00,83.9
2011-10-24 14:25:00,406.54
2011-10-24 14:29:00,454.2
2011-10-24 14:35:00,262.7
2011-10-24 14:36:00,504.67
2011-10-24 14:47:00,313.4
2011-10-24 14:49:00,237.60000000000002
2011-10-24 14:56:00,216.29
2011-10-24 15:05:00,666.84
2011-10-24 15:19:00,130.73999999999998
2011-10-24 15:43:00,492.84
2011-10-24 16:20:00,836.4
2011-10-24 16:34:00,219.12
2011-10-24 16:48:00,1896.7200000000003
2011-10-24 17:07:00,3472.42
2011-10-24 17:19:00,38.160000000000004
2011-10-25 08:26:00,642.77
2011-10-25 08:44:00,448.88
2011-10-25 08:45:00,648.28
2011-10-25 08:51:00,456.84000000000003
2011-10-25 09:07:00,443.23
2011-10-25 09:31:00,334.0
2011-10-25 10:17:00,879.62
2011-10-25 10:27:00,1635.6599999999999
2011-10-25 10:31:00,733.94
2011-10-25 10:32:00,200.55
2011-10-25 11:14:00,231.4
2011-10-25 11:28:00,393.54
2011-10-25 11:46:00,80.46
2011-10-25 11:52:00,604.25
2011-10-25 12:00:00,305.06
2011-10-25 12:06:00,734.85
2011-10-25 12:11:00,1062.43
2011-10-25 12:12:00,609.22
2011-10-25 12:20:00,656.63
2011-10-25 12:22:00,432.0
2011-10-25 12:27:00,381.1
2011-10-25 12:29:00,307.19
2011-10-25 12:30:00,232.71
2011-10-25 12:38:00,760.74
2011-10-25 12:54:00,683.13
2011-10-25 12:56:00,306.3
2011-10-25 13:03:00,166.92000000000002
2011-10-25 13:05:00,280.04
2011-10-25 13:07:00,189.4
2011-10-25 13:10:00,479.4
2011-10-25 13:14:00,1503.6200000000001
2011-10-25 13:15:00,597.6800000000001
2011-10-25 13:16:00,293.77
2011-10-25 13:17:00,129.77
2011-10-25 13:20:00,110.82
2011-10-25 13:30:00,1462.45
2011-10-25 13:46:00,303.2
2011-10-25 13:47:00,39.599999999999994
2011-10-25 13:51:00,551.89
2011-10-25 13:52:00,134.28
2011-10-25 13:53:00,401.40000000000003
2011-10-25 14:09:00,355.94
2011-10-25 14:23:00,4075.09
2011-10-25 14:35:00,643.55
2011-10-25 14:56:00,184.87
2011-10-25 15:03:00,855.17
2011-10-25 15:04:00,158.99
2011-10-25 15:07:00,479.03
2011-10-25 15:19:00,664.85
2011-10-25 15:21:00,964.99
2011-10-25 15:27:00,480.8
2011-10-25 15:34:00,1632.63
2011-10-25 15:36:00,789.49
2011-10-25 15:39:00,380.82
2011-10-25 15:47:00,797.2
2011-10-25 15:48:00,245.56
2011-10-25 16:13:00,613.98
2011-10-25 16:14:00,260.79
2011-10-25 16:20:00,29.75
2011-10-25 16:30:00,203.44
2011-10-25 17:21:00,391.0
2011-10-25 17:22:00,206.62
2011-10-25 17:29:00,292.25
2011-10-25 17:31:00,320.12
2011-10-25 17:32:00,360.0
2011-10-26 08:30:00,142.68
2011-10-26 09:50:00,324.02
2011-10-26 09:54:00,229.64000000000001
2011-10-26 09:58:00,303.85
2011-10-26 10:02:00,2251.2
2011-10-26 10:03:00,1603.06
2011-10-26 10:11:00,702.86
2011-10-26 10:13:00,177.64000000000001
2011-10-26 10:15:00,959.7
2011-10-26 10:16:00,360.0
2011-10-26 10:24:00,262.57
2011-10-26 10:29:00,1820.89
2011-10-26 10:30:00,78.72
2011-10-26 10:33:00,3.25
2011-10-26 10:43:00,344.22
2011-10-26 10:51:00,8.67
2011-10-26 11:08:00,446.73
2011-10-26 11:14:00,326.24
2011-10-26 11:19:00,146.65
2011-10-26 11:36:00,166.67
2011-10-26 11:40:00,1.0
2011-10-26 11:41:00,30.82
2011-10-26 11:46:00,64.32
2011-10-26 11:49:00,615.4
2011-10-26 11:51:00,194.21
2011-10-26 12:01:00,409.78
2011-10-26 12:03:00,72.13
2011-10-26 12:06:00,930.98
2011-10-26 12:11:00,864.0
2011-10-26 12:14:00,340.79
2011-10-26 12:15:00,115.15
2011-10-26 12:19:00,226.83
2011-10-26 12:22:00,476.1
2011-10-26 12:24:00,65.52000000000001
2011-10-26 12:28:00,996.79
2011-10-26 12:31:00,128.88
2011-10-26 12:36:00,136.63
2011-10-26 12:39:00,306.90999999999997
2011-10-26 12:42:00,308.6
2011-10-26 12:46:00,421.09999999999997
2011-10-26 12:48:00,114.74
2011-10-26 12:53:00,219.66
2011-10-26 13:01:00,185.11
2011-10-26 13:07:00,184.01
2011-10-26 13:19:00,221.97
2011-10-26 13:20:00,124.34
2011-10-26 13:21:00,1718.4
2011-10-26 13:22:00,309.76
2011-10-26 13:24:00,327.98
2011-10-26 13:27:00,610.89
2011-10-26 13:28:00,397.02
2011-10-26 13:31:00,373.59000000000003
2011-10-26 13:34:00,550.04
2011-10-26 13:35:00,210.35
2011-10-26 13:36:00,1399.5
2011-10-26 13:44:00,309.90000000000003
2011-10-26 13:45:00,423.81
2011-10-26 13:46:00,449.45
2011-10-26 13:47:00,1392.47
2011-10-26 13:56:00,185.35
2011-10-26 14:20:00,326.03999999999996
2011-10-26 14:36:00,95.78
2011-10-26 14:39:00,119.74
2011-10-26 14:41:00,915.64
2011-10-26 14:50:00,558.6
2011-10-26 14:52:00,124.2
2011-10-26 14:54:00,132.67
2011-10-26 15:01:00,679.56
2011-10-26 15:17:00,135.55
2011-10-26 15:31:00,311.06
2011-10-26 15:39:00,154.99
2011-10-26 15:43:00,150.8
2011-10-26 15:44:00,217.75
2011-10-26 15:47:00,278.58
2011-10-26 15:48:00,316.78
2011-10-26 15:58:00,390.74
2011-10-26 16:03:00,575.41
2011-10-26 16:07:00,129.61
2011-10-26 16:21:00,863.89
2011-10-26 16:25:00,127.68
2011-10-26 16:43:00,237.12
2011-10-26 16:57:00,421.59
2011-10-26 17:00:00,98.0
2011-10-27 08:35:00,644.24
2011-10-27 08:56:00,437.5
2011-10-27 09:18:00,228.22
2011-10-27 09:23:00,306.45
2011-10-27 09:27:00,118.2
2011-10-27 09:36:00,13.2
2011-10-27 10:01:00,371.87
2011-10-27 10:02:00,109.25
2011-10-27 10:14:00,389.45000000000005
2011-10-27 10:15:00,495.86
2011-10-27 10:18:00,160.0
2011-10-27 10:26:00,467.5
2011-10-27 10:36:00,500.21000000000004
2011-10-27 10:40:00,220.48999999999998
2011-10-27 10:41:00,701.79
2011-10-27 10:46:00,603.82
2011-10-27 10:51:00,490.19
2011-10-27 10:54:00,335.86
2011-10-27 10:57:00,121.92
2011-10-27 11:10:00,239.41
2011-10-27 11:24:00,379.45
2011-10-27 11:42:00,53.64
2011-10-27 11:47:00,95.23
2011-10-27 11:55:00,389.64
2011-10-27 12:08:00,122.62
2011-10-27 12:09:00,4534.22
2011-10-27 12:11:00,4992.0
2011-10-27 12:12:00,469.0
2011-10-27 12:13:00,180.0
2011-10-27 12:16:00,265.84
2011-10-27 12:22:00,388.76
2011-10-27 12:26:00,1146.96
2011-10-27 12:33:00,312.34
2011-10-27 12:37:00,923.17
2011-10-27 12:42:00,245.3
2011-10-27 12:53:00,490.55
2011-10-27 13:25:00,356.91
2011-10-27 13:26:00,533.1800000000001
2011-10-27 13:29:00,193.44
2011-10-27 13:33:00,616.36
2011-10-27 13:36:00,130.67000000000002
2011-10-27 13:41:00,217.27
2011-10-27 13:43:00,1498.66
2011-10-27 13:44:00,263.46
2011-10-27 13:48:00,344.14
2011-10-27 13:53:00,236.09
2011-10-27 13:56:00,122.68
2011-10-27 13:58:00,158.15
2011-10-27 13:59:00,135.3
2011-10-27 14:03:00,595.08
2011-10-27 14:04:00,179.14
2011-10-27 14:05:00,878.98
2011-10-27 14:13:00,4548.860000000001
2011-10-27 14:20:00,4161.06
2011-10-27 14:21:00,281.1
2011-10-27 14:22:00,991.56
2011-10-27 14:27:00,709.79
2011-10-27 14:38:00,114.65
2011-10-27 14:39:00,282.63
2011-10-27 14:40:00,974.61
2011-10-27 14:49:00,389.96
2011-10-27 14:52:00,382.34000000000003
2011-10-27 14:56:00,108.45000000000002
2011-10-27 14:59:00,353.39000000000004
2011-10-27 15:05:00,216.96
2011-10-27 15:09:00,256.4
2011-10-27 15:19:00,729.46
2011-10-27 15:24:00,532.4200000000001
2011-10-27 15:25:00,128.88
2011-10-27 15:33:00,344.83
2011-10-27 15:36:00,99.44
2011-10-27 15:49:00,409.44
2011-10-27 16:11:00,647.77
2011-10-27 16:21:00,377.76
2011-10-27 16:22:00,20.8
2011-10-27 16:23:00,1119.23
2011-10-27 16:24:00,99.60000000000001
2011-10-27 16:31:00,151.2
2011-10-27 16:32:00,335.55
2011-10-27 16:34:00,290.1
2011-10-27 16:35:00,118.80000000000001
2011-10-27 16:41:00,1204.36
2011-10-27 16:44:00,381.95
2011-10-27 16:55:00,393.6
2011-10-27 16:58:00,300.15999999999997
2011-10-27 16:59:00,74.65
2011-10-27 17:00:00,552.55
2011-10-27 17:22:00,695.03
2011-10-27 17:29:00,141.12
2011-10-27 17:34:00,416.46000000000004
2011-10-27 17:35:00,183.7
2011-10-27 17:48:00,439.05999999999995
2011-10-27 17:56:00,951.48
2011-10-27 17:57:00,51.78
2011-10-27 18:02:00,460.27
2011-10-27 18:10:00,401.1
2011-10-27 19:56:00,148.72
2011-10-27 20:07:00,142.44
2011-10-27 20:09:00,1090.93
2011-10-27 20:16:00,227.08
2011-10-28 07:39:00,8895.76
2011-10-28 08:34:00,854.53
2011-10-28 08:52:00,756.72
2011-10-28 08:53:00,212.0
2011-10-28 08:56:00,229.99
2011-10-28 08:58:00,592.75
2011-10-28 09:00:00,39.95
2011-10-28 09:01:00,244.5
2011-10-28 09:06:00,751.3
2011-10-28 09:12:00,245.35999999999999
2011-10-28 09:15:00,706.36
2011-10-28 09:29:00,70.67999999999999
2011-10-28 09:39:00,320.41999999999996
2011-10-28 10:00:00,169.48000000000002
2011-10-28 10:10:00,499.15999999999997
2011-10-28 10:27:00,219.39000000000001
2011-10-28 10:45:00,307.58
2011-10-28 10:56:00,1826.8799999999999
2011-10-28 11:09:00,474.74
2011-10-28 11:33:00,828.15
2011-10-28 11:34:00,417.36
2011-10-28 11:40:00,978.0600000000001
2011-10-28 11:41:00,18.75
2011-10-28 11:43:00,64.6
2011-10-28 11:55:00,85.92
2011-10-28 11:56:00,60.0
2011-10-28 12:08:00,403.25
2011-10-28 12:09:00,675.53
2011-10-28 12:32:00,1434.24
2011-10-28 12:33:00,128.37
2011-10-28 12:34:00,3304.03
2011-10-28 12:36:00,610.36
2011-10-28 12:39:00,304.49
2011-10-28 12:40:00,1510.3600000000001
2011-10-28 13:00:00,545.85
2011-10-28 13:02:00,366.12
2011-10-28 13:04:00,52.199999999999996
2011-10-28 13:12:00,284.09000000000003
2011-10-28 13:14:00,544.1
2011-10-28 13:18:00,112.47
2011-10-28 13:19:00,449.3
2011-10-28 13:22:00,496.8
2011-10-28 13:42:00,343.90999999999997
2011-10-28 13:51:00,105.0
2011-10-28 13:55:00,121.1
2011-10-28 14:27:00,120.38
2011-10-28 14:38:00,118.9
2011-10-28 14:42:00,1142.85
2011-10-28 14:44:00,968.45
2011-10-28 14:51:00,522.99
2011-10-28 15:10:00,361.0
2011-10-28 15:32:00,134.28
2011-10-28 15:54:00,181.7
2011-10-28 16:10:00,508.77
2011-10-28 16:13:00,499.83
2011-10-28 16:37:00,40.8
2011-10-28 16:45:00,265.71
2011-10-28 17:26:00,381.65
2011-10-28 17:27:00,338.8
2011-10-28 18:07:00,42.5
2011-10-30 10:18:00,300.41
2011-10-30 10:29:00,2520.28
2011-10-30 10:44:00,179.0
2011-10-30 10:54:00,663.8100000000001
2011-10-30 10:56:00,192.01999999999998
2011-10-30 10:58:00,313.79999999999995
2011-10-30 11:08:00,463.82
2011-10-30 11:09:00,257.28
2011-10-30 11:19:00,218.55
2011-10-30 11:22:00,529.91
2011-10-30 11:25:00,102.01
2011-10-30 11:28:00,150.21
2011-10-30 11:34:00,454.2
2011-10-30 11:35:00,496.97
2011-10-30 11:37:00,124.94
2011-10-30 11:42:00,515.1
2011-10-30 11:47:00,476.0
2011-10-30 11:49:00,542.73
2011-10-30 11:55:00,829.03
2011-10-30 11:56:00,114.11
2011-10-30 11:59:00,289.53000000000003
2011-10-30 12:07:00,168.1
2011-10-30 12:14:00,331.21
2011-10-30 12:18:00,185.95
2011-10-30 12:26:00,576.37
2011-10-30 12:27:00,196.67999999999998
2011-10-30 12:28:00,29.97
2011-10-30 12:32:00,278.67
2011-10-30 12:34:00,196.32
2011-10-30 12:35:00,132.72
2011-10-30 12:39:00,225.94
2011-10-30 12:42:00,141.05
2011-10-30 12:43:00,538.13
2011-10-30 12:45:00,178.44
2011-10-30 12:46:00,500.61
2011-10-30 12:48:00,261.85
2011-10-30 12:51:00,149.31
2011-10-30 12:53:00,240.54999999999998
2011-10-30 13:06:00,2684.67
2011-10-30 13:09:00,146.32
2011-10-30 13:13:00,343.0
2011-10-30 13:17:00,759.53
2011-10-30 13:18:00,220.89
2011-10-30 13:19:00,114.76
2011-10-30 13:30:00,403.9
2011-10-30 13:34:00,307.08
2011-10-30 13:36:00,78.9
2011-10-30 13:37:00,274.56
2011-10-30 13:39:00,443.21
2011-10-30 13:42:00,673.42
2011-10-30 13:50:00,178.48000000000002
2011-10-30 13:51:00,413.53
2011-10-30 13:53:00,92.52000000000001
2011-10-30 14:03:00,542.82
2011-10-30 14:04:00,608.35
2011-10-30 14:05:00,349.38
2011-10-30 14:15:00,287.87
2011-10-30 14:18:00,169.05
2011-10-30 14:19:00,614.59
2011-10-30 14:21:00,1026.04
2011-10-30 14:27:00,486.5
2011-10-30 14:33:00,168.42
2011-10-30 14:44:00,965.78
2011-10-30 14:45:00,47.400000000000006
2011-10-30 14:53:00,500.61
2011-10-30 14:57:00,501.65999999999997
2011-10-30 15:04:00,244.34
2011-10-30 15:08:00,507.66
2011-10-30 15:10:00,456.92
2011-10-30 15:11:00,316.88
2011-10-30 15:13:00,196.78
2011-10-30 15:19:00,232.77
2011-10-30 15:28:00,213.4
2011-10-30 15:35:00,392.08
2011-10-30 15:38:00,75.9
2011-10-30 15:43:00,299.06
2011-10-30 15:44:00,214.74
2011-10-30 15:50:00,221.40000000000003
2011-10-30 15:55:00,468.38
2011-10-30 15:57:00,770.23
2011-10-30 15:58:00,396.33
2011-10-30 15:59:00,215.08
2011-10-30 16:00:00,33.0
2011-10-30 16:03:00,118.8
2011-10-30 16:10:00,384.12
2011-10-30 16:11:00,54.599999999999994
2011-10-30 16:12:00,342.9
2011-10-30 16:15:00,269.03000000000003
2011-10-30 16:17:00,678.01
2011-10-31 08:29:00,245.32
2011-10-31 08:56:00,197.71
2011-10-31 09:35:00,427.93
2011-10-31 09:38:00,243.94
2011-10-31 09:48:00,1389.05
2011-10-31 09:50:00,1297.26
2011-10-31 09:51:00,17.4
2011-10-31 09:58:00,308.77
2011-10-31 10:05:00,237.51
2011-10-31 10:19:00,271.26
2011-10-31 10:38:00,407.54
2011-10-31 10:42:00,214.06
2011-10-31 10:45:00,2039.24
2011-10-31 10:56:00,301.32
2011-10-31 11:10:00,608.3
2011-10-31 11:32:00,305.36
2011-10-31 11:33:00,94.08
2011-10-31 11:37:00,533.23
2011-10-31 11:40:00,273.95
2011-10-31 11:57:00,168.5
2011-10-31 11:59:00,489.95
2011-10-31 12:01:00,198.52
2011-10-31 12:02:00,1014.5500000000001
2011-10-31 12:05:00,398.03999999999996
2011-10-31 12:11:00,397.02
2011-10-31 12:21:00,851.53
2011-10-31 12:25:00,1294.32
2011-10-31 12:30:00,599.0400000000001
2011-10-31 12:43:00,321.32
2011-10-31 12:45:00,118.80000000000001
2011-10-31 13:03:00,281.78
2011-10-31 13:05:00,256.25
2011-10-31 13:11:00,356.14
2011-10-31 13:12:00,171.45
2011-10-31 13:13:00,547.14
2011-10-31 13:22:00,692.45
2011-10-31 13:35:00,838.4200000000001
2011-10-31 13:43:00,396.38
2011-10-31 13:51:00,764.32
2011-10-31 13:58:00,656.25
2011-10-31 14:03:00,272.67
2011-10-31 14:09:00,4941.71
2011-10-31 14:12:00,495.0
2011-10-31 14:13:00,247.0
2011-10-31 14:19:00,163.96
2011-10-31 14:22:00,596.9100000000001
2011-10-31 14:23:00,726.16
2011-10-31 14:29:00,172.74
2011-10-31 14:36:00,1976.5800000000002
2011-10-31 14:48:00,257.38
2011-10-31 15:01:00,214.89999999999998
2011-10-31 15:20:00,447.3
2011-10-31 15:21:00,145.92000000000002
2011-10-31 15:30:00,103.32
2011-10-31 15:36:00,295.7
2011-10-31 16:02:00,462.85
2011-10-31 16:24:00,997.3
2011-10-31 17:13:00,305.77
2011-11-01 08:16:00,475.24
2011-11-01 08:53:00,318.40999999999997
2011-11-01 09:01:00,560.8
2011-11-01 09:14:00,151.29999999999998
2011-11-01 09:24:00,1212.67
2011-11-01 09:26:00,307.32
2011-11-01 09:46:00,78.75
2011-11-01 09:51:00,108.97999999999999
2011-11-01 09:56:00,965.82
2011-11-01 10:02:00,120.0
2011-11-01 10:04:00,329.37
2011-11-01 10:12:00,183.2
2011-11-01 10:16:00,155.65
2011-11-01 10:21:00,889.02
2011-11-01 10:27:00,632.3
2011-11-01 10:30:00,949.5
2011-11-01 10:32:00,85.44999999999999
2011-11-01 10:49:00,786.98
2011-11-01 10:56:00,1350.9
2011-11-01 11:12:00,340.43
2011-11-01 11:29:00,173.71
2011-11-01 11:31:00,413.40999999999997
2011-11-01 11:33:00,641.1
2011-11-01 11:35:00,474.87
2011-11-01 11:38:00,772.44
2011-11-01 11:39:00,1488.18
2011-11-01 11:51:00,456.48
2011-11-01 12:00:00,358.59000000000003
2011-11-01 12:06:00,342.59000000000003
2011-11-01 12:12:00,568.6
2011-11-01 12:18:00,460.40000000000003
2011-11-01 12:25:00,165.75
2011-11-01 12:34:00,600.22
2011-11-01 12:35:00,375.71999999999997
2011-11-01 12:39:00,192.53
2011-11-01 12:45:00,507.54
2011-11-01 12:47:00,204.87
2011-11-01 12:48:00,530.37
2011-11-01 13:04:00,109.8
2011-11-01 13:20:00,175.4
2011-11-01 13:21:00,137.97
2011-11-01 13:37:00,312.82
2011-11-01 13:39:00,112.65
2011-11-01 13:43:00,370.12
2011-11-01 13:44:00,213.82
2011-11-01 13:49:00,27.8
2011-11-01 13:56:00,825.81
2011-11-01 13:57:00,1005.58
2011-11-01 13:59:00,43.47
2011-11-01 14:01:00,43.5
2011-11-01 14:03:00,107.10000000000001
2011-11-01 14:29:00,574.66
2011-11-01 14:35:00,195.48000000000002
2011-11-01 14:41:00,208.59
2011-11-01 14:45:00,161.85
2011-11-01 14:49:00,294.58
2011-11-01 14:51:00,1051.82
2011-11-01 14:54:00,954.8100000000001
2011-11-01 15:06:00,357.21
2011-11-01 15:12:00,195.02
2011-11-01 15:17:00,299.1
2011-11-01 15:19:00,354.49
2011-11-01 15:26:00,215.22
2011-11-01 15:34:00,422.1
2011-11-01 15:40:00,186.04999999999998
2011-11-01 15:48:00,37.5
2011-11-01 15:49:00,569.82
2011-11-01 15:53:00,329.88
2011-11-01 15:55:00,229.8
2011-11-01 17:08:00,147.0
2011-11-01 17:20:00,132.53
2011-11-02 08:44:00,204.92000000000002
2011-11-02 09:22:00,102.72
2011-11-02 09:31:00,303.07
2011-11-02 09:45:00,299.38
2011-11-02 09:59:00,282.2
2011-11-02 10:07:00,599.25
2011-11-02 10:15:00,120.66
2011-11-02 10:16:00,296.76
2011-11-02 10:26:00,504.0
2011-11-02 10:33:00,85.0
2011-11-02 10:36:00,307.14
2011-11-02 10:40:00,576.0
2011-11-02 10:44:00,211.47
2011-11-02 10:51:00,459.8
2011-11-02 11:07:00,306.0
2011-11-02 11:20:00,615.14
2011-11-02 11:23:00,763.63
2011-11-02 11:24:00,960.0
2011-11-02 11:37:00,355.86
2011-11-02 11:43:00,981.95
2011-11-02 11:49:00,320.05
2011-11-02 11:52:00,133.08
2011-11-02 11:54:00,400.32000000000005
2011-11-02 11:59:00,300.6
2011-11-02 12:03:00,1564.91
2011-11-02 12:04:00,336.89000000000004
2011-11-02 12:15:00,304.68
2011-11-02 12:18:00,310.8
2011-11-02 12:20:00,650.33
2011-11-02 12:23:00,109.68
2011-11-02 12:26:00,263.53999999999996
2011-11-02 12:34:00,994.8
2011-11-02 12:37:00,621.71
2011-11-02 12:44:00,302.0
2011-11-02 12:45:00,573.25
2011-11-02 12:46:00,313.2
2011-11-02 12:50:00,97.5
2011-11-02 12:56:00,399.65000000000003
2011-11-02 12:57:00,127.30000000000001
2011-11-02 13:01:00,114.39
2011-11-02 13:05:00,196.6
2011-11-02 13:13:00,633.58
2011-11-02 13:14:00,843.6
2011-11-02 13:18:00,409.08000000000004
2011-11-02 13:19:00,137.56
2011-11-02 13:26:00,302.96
2011-11-02 13:37:00,301.97
2011-11-02 13:40:00,1514.17
2011-11-02 13:41:00,131.52
2011-11-02 13:46:00,349.3
2011-11-02 13:50:00,119.8
2011-11-02 14:04:00,823.8
2011-11-02 14:07:00,754.64
2011-11-02 14:08:00,863.04
2011-11-02 14:09:00,3949.66
2011-11-02 14:10:00,449.28000000000003
2011-11-02 14:13:00,87.97
2011-11-02 14:16:00,223.21
2011-11-02 14:30:00,1183.9
2011-11-02 14:31:00,217.38
2011-11-02 14:35:00,313.74
2011-11-02 14:50:00,4405.99
2011-11-02 14:51:00,633.44
2011-11-02 14:52:00,901.71
2011-11-02 14:57:00,171.23000000000002
2011-11-02 14:58:00,385.3
2011-11-02 15:33:00,281.21
2011-11-02 15:56:00,191.72
2011-11-02 16:19:00,157.9
2011-11-02 16:29:00,212.19
2011-11-02 16:37:00,473.51
2011-11-02 17:09:00,364.21999999999997
2011-11-02 17:30:00,175.89
2011-11-03 08:39:00,304.78
2011-11-03 08:41:00,114.2
2011-11-03 08:56:00,340.2
2011-11-03 09:07:00,300.1
2011-11-03 09:17:00,326.87
2011-11-03 09:20:00,302.21999999999997
2011-11-03 09:28:00,5500.38
2011-11-03 09:43:00,736.55
2011-11-03 09:55:00,530.42
2011-11-03 09:56:00,725.72
2011-11-03 10:03:00,151.05
2011-11-03 10:05:00,202.3
2011-11-03 10:13:00,147.35
2011-11-03 10:27:00,278.52000000000004
2011-11-03 10:30:00,302.57
2011-11-03 10:45:00,656.95
2011-11-03 10:49:00,219.12
2011-11-03 11:26:00,375.24
2011-11-03 11:27:00,120.0
2011-11-03 11:29:00,774.9
2011-11-03 11:31:00,92.38
2011-11-03 11:32:00,216.99
2011-11-03 11:34:00,6.24
2011-11-03 11:36:00,226.92
2011-11-03 11:40:00,360.83000000000004
2011-11-03 11:43:00,549.49
2011-11-03 11:47:00,41.6
2011-11-03 11:51:00,308.76
2011-11-03 11:58:00,312.58
2011-11-03 11:59:00,30.0
2011-11-03 12:15:00,379.92
2011-11-03 12:18:00,728.71
2011-11-03 12:21:00,105.78
2011-11-03 12:28:00,91.59
2011-11-03 12:37:00,436.06
2011-11-03 12:43:00,467.86
2011-11-03 12:45:00,579.21
2011-11-03 12:46:00,304.48
2011-11-03 12:47:00,34.8
2011-11-03 12:49:00,45.0
2011-11-03 12:56:00,346.53000000000003
2011-11-03 13:01:00,444.29
2011-11-03 13:09:00,133.66
2011-11-03 13:22:00,291.6
2011-11-03 13:24:00,260.48
2011-11-03 13:30:00,440.23
2011-11-03 13:44:00,92.25
2011-11-03 13:50:00,133.61
2011-11-03 13:58:00,347.35
2011-11-03 14:05:00,524.14
2011-11-03 14:17:00,303.45
2011-11-03 14:27:00,958.82
2011-11-03 14:32:00,1055.32
2011-11-03 14:33:00,243.07999999999998
2011-11-03 14:37:00,311.73
2011-11-03 14:39:00,1415.92
2011-11-03 14:42:00,664.24
2011-11-03 14:47:00,1101.59
2011-11-03 14:52:00,125.5
2011-11-03 14:53:00,10.2
2011-11-03 15:01:00,3219.9500000000003
2011-11-03 15:02:00,117.46000000000001
2011-11-03 15:09:00,168.45
2011-11-03 15:16:00,141.12
2011-11-03 15:18:00,281.62
2011-11-03 15:27:00,208.46
2011-11-03 15:32:00,6162.620000000001
2011-11-03 15:47:00,13154.32
2011-11-03 15:54:00,528.08
2011-11-03 16:06:00,309.01
2011-11-03 16:12:00,309.66
2011-11-03 16:15:00,372.7
2011-11-03 16:28:00,1005.19
2011-11-03 16:30:00,644.25
2011-11-03 16:37:00,405.0
2011-11-03 16:40:00,116.56
2011-11-03 16:45:00,608.85
2011-11-03 16:56:00,1781.18
2011-11-03 17:39:00,132.28
2011-11-03 17:45:00,367.69
2011-11-03 17:48:00,342.4
2011-11-03 17:53:00,506.88
2011-11-03 18:45:00,159.85
2011-11-03 18:49:00,370.4
2011-11-03 19:15:00,1915.6
2011-11-03 19:17:00,7.800000000000001
2011-11-03 19:28:00,287.19
2011-11-03 19:50:00,114.91
2011-11-04 07:46:00,1494.0000000000002
2011-11-04 08:12:00,466.84
2011-11-04 08:29:00,310.28000000000003
2011-11-04 09:03:00,315.29
2011-11-04 09:05:00,7271.34
2011-11-04 09:07:00,477.94
2011-11-04 09:10:00,63.06
2011-11-04 09:24:00,1022.26
2011-11-04 09:32:00,156.75
2011-11-04 09:44:00,537.6
2011-11-04 09:49:00,42.45
2011-11-04 09:52:00,1195.09
2011-11-04 10:05:00,352.46000000000004
2011-11-04 10:08:00,157.7
2011-11-04 10:09:00,4557.6
2011-11-04 10:10:00,223.71
2011-11-04 10:11:00,379.28
2011-11-04 10:18:00,340.48
2011-11-04 10:23:00,426.84000000000003
2011-11-04 10:28:00,610.76
2011-11-04 10:29:00,659.8
2011-11-04 10:37:00,111.57
2011-11-04 10:38:00,5292.72
2011-11-04 10:46:00,312.55
2011-11-04 10:47:00,464.05
2011-11-04 10:48:00,85.32000000000001
2011-11-04 10:57:00,5028.76
2011-11-04 10:59:00,384.93
2011-11-04 11:03:00,80.60000000000001
2011-11-04 11:04:00,317.56
2011-11-04 11:06:00,324.3
2011-11-04 11:40:00,561.28
2011-11-04 11:41:00,912.23
2011-11-04 11:43:00,84.0
2011-11-04 11:53:00,377.32
2011-11-04 11:54:00,47.6
2011-11-04 11:55:00,601.44
2011-11-04 11:56:00,71.7
2011-11-04 11:59:00,419.12
2011-11-04 12:05:00,253.17
2011-11-04 12:18:00,308.15999999999997
2011-11-04 12:20:00,215.23
2011-11-04 12:21:00,350.43
2011-11-04 12:27:00,319.68
2011-11-04 12:39:00,239.56
2011-11-04 12:42:00,308.94
2011-11-04 12:45:00,668.11
2011-11-04 12:47:00,16.54
2011-11-04 12:50:00,463.09000000000003
2011-11-04 12:56:00,570.9200000000001
2011-11-04 13:04:00,269.1
2011-11-04 13:05:00,328.15
2011-11-04 13:15:00,327.89
2011-11-04 13:16:00,111.97999999999999
2011-11-04 13:24:00,134.02
2011-11-04 13:25:00,283.17
2011-11-04 13:26:00,324.57
2011-11-04 13:31:00,461.15999999999997
2011-11-04 13:34:00,627.0
2011-11-04 13:44:00,379.7
2011-11-04 13:51:00,390.6
2011-11-04 14:03:00,155.25
2011-11-04 14:06:00,190.88
2011-11-04 14:07:00,194.88
2011-11-04 14:11:00,37.29
2011-11-04 14:19:00,2370.04
2011-11-04 14:24:00,592.5600000000001
2011-11-04 14:26:00,2118.12
2011-11-04 14:31:00,133.91
2011-11-04 14:35:00,307.95
2011-11-04 14:37:00,71.66
2011-11-04 14:49:00,2044.1
2011-11-04 14:54:00,905.65
2011-11-04 14:59:00,15.0
2011-11-04 15:08:00,502.23
2011-11-04 15:14:00,1.45
2011-11-04 15:18:00,738.57
2011-11-04 15:29:00,221.63
2011-11-04 15:35:00,165.32000000000002
2011-11-04 15:50:00,473.72
2011-11-04 15:51:00,307.78
2011-11-04 16:35:00,161.29
2011-11-04 17:03:00,491.51
2011-11-04 17:07:00,8.7
2011-11-06 09:34:00,399.6
2011-11-06 10:15:00,247.9
2011-11-06 10:29:00,1228.24
2011-11-06 10:30:00,74.9
2011-11-06 10:33:00,125.58
2011-11-06 10:44:00,335.86
2011-11-06 10:47:00,309.53000000000003
2011-11-06 10:49:00,139.1
2011-11-06 11:18:00,225.17000000000002
2011-11-06 11:20:00,568.44
2011-11-06 11:21:00,218.98
2011-11-06 11:22:00,471.84000000000003
2011-11-06 11:25:00,346.44
2011-11-06 11:30:00,482.16
2011-11-06 11:32:00,196.43
2011-11-06 11:35:00,241.86
2011-11-06 11:36:00,233.79999999999998
2011-11-06 11:43:00,445.91
2011-11-06 11:44:00,209.74
2011-11-06 11:55:00,315.71
2011-11-06 11:56:00,430.3
2011-11-06 12:01:00,493.62
2011-11-06 12:04:00,426.37
2011-11-06 12:07:00,349.7
2011-11-06 12:09:00,156.54
2011-11-06 12:10:00,257.76
2011-11-06 12:12:00,585.09
2011-11-06 12:16:00,223.08
2011-11-06 12:20:00,292.34000000000003
2011-11-06 12:23:00,113.03
2011-11-06 12:25:00,210.31
2011-11-06 12:26:00,420.42
2011-11-06 12:30:00,126.79999999999998
2011-11-06 12:31:00,438.17
2011-11-06 12:32:00,424.66
2011-11-06 12:36:00,1524.77
2011-11-06 12:38:00,464.32
2011-11-06 12:40:00,553.1
2011-11-06 12:41:00,317.8
2011-11-06 12:44:00,310.39
2011-11-06 12:50:00,344.13
2011-11-06 12:56:00,1349.69
2011-11-06 12:59:00,174.9
2011-11-06 13:00:00,187.62
2011-11-06 13:02:00,157.7
2011-11-06 13:06:00,5.8
2011-11-06 13:08:00,23.799999999999997
2011-11-06 13:11:00,671.69
2011-11-06 13:17:00,134.46
2011-11-06 13:28:00,144.3
2011-11-06 13:32:00,211.07
2011-11-06 13:36:00,419.06
2011-11-06 13:37:00,114.14
2011-11-06 13:40:00,202.88
2011-11-06 13:42:00,144.23000000000002
2011-11-06 13:48:00,152.2
2011-11-06 13:53:00,1496.59
2011-11-06 13:54:00,551.99
2011-11-06 13:59:00,44.39
2011-11-06 14:02:00,719.61
2011-11-06 14:06:00,488.64
2011-11-06 14:08:00,2227.86
2011-11-06 14:14:00,1070.8
2011-11-06 14:17:00,506.51
2011-11-06 14:20:00,78.0
2011-11-06 14:26:00,237.57
2011-11-06 14:29:00,605.6
2011-11-06 14:33:00,435.62
2011-11-06 14:35:00,324.8
2011-11-06 14:36:00,885.8000000000001
2011-11-06 14:38:00,365.15999999999997
2011-11-06 14:39:00,478.1
2011-11-06 14:43:00,324.64
2011-11-06 14:45:00,489.15
2011-11-06 14:47:00,99.0
2011-11-06 14:50:00,143.76
2011-11-06 14:56:00,389.04
2011-11-06 15:01:00,128.54
2011-11-06 15:02:00,330.79
2011-11-06 15:04:00,19.9
2011-11-06 15:08:00,55.50000000000001
2011-11-06 15:09:00,35.400000000000006
2011-11-06 15:11:00,978.84
2011-11-06 15:17:00,1366.91
2011-11-06 15:20:00,377.01
2011-11-06 15:41:00,89.25999999999999
2011-11-06 15:43:00,113.39999999999999
2011-11-06 15:53:00,558.59
2011-11-06 16:01:00,249.64000000000001
2011-11-06 16:04:00,400.93
2011-11-06 16:07:00,6207.67
2011-11-06 16:13:00,439.88
2011-11-06 16:14:00,253.01999999999998
2011-11-07 07:38:00,317.36
2011-11-07 08:26:00,220.64
2011-11-07 08:30:00,676.8000000000001
2011-11-07 08:34:00,357.81
2011-11-07 08:54:00,550.55
2011-11-07 09:12:00,381.28000000000003
2011-11-07 09:13:00,44.85
2011-11-07 09:14:00,24.96
2011-11-07 09:24:00,153.16
2011-11-07 09:28:00,372.24
2011-11-07 09:40:00,306.2
2011-11-07 10:23:00,712.78
2011-11-07 10:43:00,531.14
2011-11-07 10:58:00,354.09000000000003
2011-11-07 11:09:00,45.599999999999994
2011-11-07 11:16:00,403.20000000000005
2011-11-07 11:21:00,387.76
2011-11-07 11:26:00,138.94
2011-11-07 11:29:00,731.01
2011-11-07 11:30:00,718.9
2011-11-07 11:31:00,407.96000000000004
2011-11-07 11:32:00,527.0500000000001
2011-11-07 11:33:00,663.14
2011-11-07 11:37:00,140.0
2011-11-07 11:40:00,419.9
2011-11-07 11:41:00,248.59
2011-11-07 11:42:00,397.43
2011-11-07 11:55:00,114.75
2011-11-07 11:57:00,222.26000000000002
2011-11-07 11:59:00,156.96
2011-11-07 12:04:00,263.15
2011-11-07 12:10:00,180.0
2011-11-07 12:24:00,166.92
2011-11-07 12:27:00,754.5
2011-11-07 12:29:00,1457.65
2011-11-07 12:34:00,252.27
2011-11-07 12:39:00,207.99
2011-11-07 12:41:00,269.1
2011-11-07 12:44:00,280.77
2011-11-07 12:52:00,152.67000000000002
2011-11-07 12:56:00,148.82
2011-11-07 13:01:00,215.09
2011-11-07 13:06:00,332.36
2011-11-07 13:17:00,291.54
2011-11-07 13:18:00,131.79
2011-11-07 13:22:00,76.5
2011-11-07 13:25:00,370.25
2011-11-07 13:30:00,115.23
2011-11-07 13:45:00,490.79
2011-11-07 13:56:00,162.34
2011-11-07 13:57:00,204.0
2011-11-07 14:01:00,268.08
2011-11-07 14:13:00,187.48
2011-11-07 14:21:00,637.5
2011-11-07 14:22:00,213.45000000000002
2011-11-07 14:23:00,414.6
2011-11-07 14:28:00,106.44
2011-11-07 14:40:00,828.78
2011-11-07 14:44:00,435.82
2011-11-07 14:51:00,167.01
2011-11-07 15:07:00,848.22
2011-11-07 15:10:00,324.7
2011-11-07 15:15:00,568.42
2011-11-07 15:27:00,335.47
2011-11-07 15:33:00,641.36
2011-11-07 15:37:00,82.75999999999999
2011-11-07 15:40:00,213.6
2011-11-07 15:44:00,206.72
2011-11-07 15:49:00,151.04
2011-11-07 16:00:00,97.7
2011-11-07 16:16:00,182.83
2011-11-07 16:17:00,743.58
2011-11-07 16:19:00,177.3
2011-11-07 16:30:00,386.74
2011-11-07 16:33:00,102.3
2011-11-07 16:34:00,418.26
2011-11-07 16:36:00,686.85
2011-11-07 16:40:00,195.0
2011-11-07 16:49:00,153.3
2011-11-07 16:50:00,303.16
2011-11-07 16:54:00,301.04
2011-11-07 17:06:00,151.81
2011-11-07 17:08:00,151.95
2011-11-07 17:15:00,206.9
2011-11-07 17:16:00,19.59
2011-11-07 17:21:00,223.88
2011-11-07 17:50:00,394.56
2011-11-08 07:52:00,170.64
2011-11-08 08:16:00,180.48
2011-11-08 08:18:00,303.3
2011-11-08 09:03:00,750.24
2011-11-08 09:07:00,192.0
2011-11-08 09:12:00,210.95
2011-11-08 09:44:00,564.4300000000001
2011-11-08 09:47:00,172.33
2011-11-08 09:50:00,316.36
2011-11-08 09:54:00,603.75
2011-11-08 10:00:00,260.38
2011-11-08 10:09:00,503.35
2011-11-08 10:17:00,684.96
2011-11-08 10:19:00,94.74
2011-11-08 10:26:00,1421.67
2011-11-08 10:27:00,336.12
2011-11-08 10:29:00,484.79999999999995
2011-11-08 10:44:00,209.94
2011-11-08 10:50:00,132.64000000000001
2011-11-08 11:03:00,143.11
2011-11-08 11:09:00,418.29
2011-11-08 11:20:00,540.99
2011-11-08 11:25:00,114.23
2011-11-08 11:29:00,125.92
2011-11-08 11:38:00,196.75
2011-11-08 11:45:00,407.55
2011-11-08 11:51:00,562.69
2011-11-08 11:53:00,327.22
2011-11-08 11:58:00,657.08
2011-11-08 12:01:00,338.88
2011-11-08 12:06:00,4.95
2011-11-08 12:09:00,347.85
2011-11-08 12:13:00,614.3199999999999
2011-11-08 12:14:00,1206.49
2011-11-08 12:18:00,407.24
2011-11-08 12:25:00,152.53
2011-11-08 12:29:00,1207.19
2011-11-08 12:30:00,303.28000000000003
2011-11-08 12:32:00,355.77
2011-11-08 12:42:00,150.92
2011-11-08 12:45:00,774.45
2011-11-08 12:46:00,249.7
2011-11-08 12:51:00,208.11
2011-11-08 12:58:00,796.64
2011-11-08 13:01:00,145.6
2011-11-08 13:10:00,801.82
2011-11-08 13:11:00,150.04
2011-11-08 13:19:00,287.35
2011-11-08 13:20:00,786.36
2011-11-08 13:22:00,258.42
2011-11-08 13:25:00,320.34000000000003
2011-11-08 13:29:00,377.28
2011-11-08 13:31:00,323.47999999999996
2011-11-08 13:41:00,346.39
2011-11-08 13:52:00,1206.3
2011-11-08 13:57:00,279.74
2011-11-08 14:00:00,135.6
2011-11-08 14:02:00,422.04
2011-11-08 14:04:00,67.65
2011-11-08 14:05:00,516.85
2011-11-08 14:22:00,242.6
2011-11-08 14:26:00,833.78
2011-11-08 14:27:00,521.54
2011-11-08 14:30:00,241.73000000000002
2011-11-08 14:39:00,166.7
2011-11-08 14:44:00,303.6
2011-11-08 14:48:00,159.38
2011-11-08 14:49:00,228.92000000000002
2011-11-08 14:53:00,411.68
2011-11-08 15:13:00,1833.69
2011-11-08 15:26:00,338.55
2011-11-08 15:35:00,1090.3700000000001
2011-11-08 15:37:00,260.04
2011-11-08 15:38:00,573.71
2011-11-08 15:40:00,213.5
2011-11-08 15:45:00,2655.2400000000002
2011-11-08 15:48:00,422.45000000000005
2011-11-08 15:59:00,110.5
2011-11-08 16:12:00,687.65
2011-11-08 16:15:00,243.47
2011-11-08 16:28:00,9.9
2011-11-08 16:55:00,481.75
2011-11-08 17:05:00,91.03999999999999
2011-11-08 17:09:00,400.25
2011-11-08 17:19:00,435.28
2011-11-08 17:21:00,598.46
2011-11-08 17:42:00,108.85000000000001
2011-11-09 08:11:00,688.95
2011-11-09 08:14:00,306.0
2011-11-09 08:21:00,312.0
2011-11-09 08:24:00,33.0
2011-11-09 08:36:00,431.59
2011-11-09 08:41:00,450.4
2011-11-09 08:50:00,725.7
2011-11-09 09:01:00,242.45
2011-11-09 09:06:00,107.95
2011-11-09 09:07:00,310.9
2011-11-09 09:13:00,474.29999999999995
2011-11-09 09:21:00,742.2
2011-11-09 09:22:00,315.0
2011-11-09 09:32:00,214.8
2011-11-09 09:34:00,718.99
2011-11-09 09:38:00,359.46
2011-11-09 09:40:00,271.36
2011-11-09 09:41:00,83.2
2011-11-09 09:42:00,41.08
2011-11-09 09:47:00,71.25
2011-11-09 09:48:00,725.22
2011-11-09 09:50:00,12.48
2011-11-09 09:52:00,821.0
2011-11-09 10:14:00,402.65999999999997
2011-11-09 10:16:00,99.18
2011-11-09 10:18:00,237.60000000000002
2011-11-09 10:26:00,1296.56
2011-11-09 10:27:00,355.32
2011-11-09 10:31:00,49.800000000000004
2011-11-09 10:32:00,311.19
2011-11-09 10:39:00,287.51
2011-11-09 10:41:00,306.58
2011-11-09 10:47:00,1809.6000000000001
2011-11-09 10:48:00,1764.72
2011-11-09 11:04:00,1007.2
2011-11-09 11:10:00,147.15
2011-11-09 11:16:00,285.85
2011-11-09 11:17:00,7059.54
2011-11-09 11:19:00,2506.0
2011-11-09 11:25:00,717.8
2011-11-09 11:33:00,410.06
2011-11-09 11:55:00,1975.0
2011-11-09 11:58:00,550.4399999999999
2011-11-09 12:00:00,195.86
2011-11-09 12:08:00,1130.74
2011-11-09 12:20:00,103.67999999999999
2011-11-09 12:25:00,426.6
2011-11-09 12:26:00,172.14000000000001
2011-11-09 12:29:00,438.08
2011-11-09 12:30:00,649.28
2011-11-09 12:32:00,356.75
2011-11-09 12:34:00,188.14
2011-11-09 12:38:00,8.9
2011-11-09 12:45:00,336.40000000000003
2011-11-09 12:49:00,222.0
2011-11-09 13:12:00,312.9
2011-11-09 13:17:00,413.06
2011-11-09 13:26:00,76.05
2011-11-09 13:30:00,270.9
2011-11-09 13:34:00,275.40999999999997
2011-11-09 13:36:00,312.78000000000003
2011-11-09 13:37:00,565.66
2011-11-09 13:45:00,663.49
2011-11-09 13:46:00,327.3
2011-11-09 13:47:00,349.83000000000004
2011-11-09 13:48:00,2640.0
2011-11-09 13:50:00,421.48
2011-11-09 13:52:00,1049.66
2011-11-09 13:53:00,85.92
2011-11-09 13:54:00,1075.57
2011-11-09 13:56:00,4961.2
2011-11-09 13:58:00,147.59
2011-11-09 14:11:00,224.67000000000002
2011-11-09 14:15:00,14.95
2011-11-09 14:29:00,312.12
2011-11-09 14:31:00,1296.37
2011-11-09 14:44:00,373.27
2011-11-09 14:56:00,449.4
2011-11-09 14:58:00,49.5
2011-11-09 14:59:00,101.69999999999999
2011-11-09 15:02:00,482.59000000000003
2011-11-09 15:05:00,508.28
2011-11-09 15:07:00,249.72
2011-11-09 15:09:00,613.6800000000001
2011-11-09 15:11:00,431.4
2011-11-09 15:17:00,672.65
2011-11-09 15:23:00,76.8
2011-11-09 15:30:00,188.04000000000002
2011-11-09 15:31:00,152.95
2011-11-09 15:36:00,87.78
2011-11-09 15:42:00,209.48
2011-11-09 15:50:00,413.6
2011-11-09 15:51:00,207.50000000000003
2011-11-09 15:52:00,83.2
2011-11-09 15:54:00,20.8
2011-11-09 16:03:00,485.6
2011-11-09 16:10:00,453.23
2011-11-09 16:26:00,182.55
2011-11-09 16:28:00,474.4
2011-11-09 16:33:00,372.28000000000003
2011-11-09 16:43:00,415.18
2011-11-09 17:02:00,484.15
2011-11-09 17:03:00,175.92
2011-11-09 17:07:00,826.04
2011-11-09 17:11:00,429.84
2011-11-09 17:44:00,230.82
2011-11-09 17:47:00,1522.31
2011-11-10 08:06:00,108.5
2011-11-10 08:39:00,321.37
2011-11-10 09:08:00,288.0
2011-11-10 09:09:00,943.0600000000001
2011-11-10 09:10:00,34.68
2011-11-10 09:52:00,33.0
2011-11-10 09:56:00,525.92
2011-11-10 09:57:00,415.55
2011-11-10 09:59:00,449.2
2011-11-10 10:10:00,369.12
2011-11-10 10:29:00,770.92
2011-11-10 10:32:00,9595.21
2011-11-10 10:33:00,1549.12
2011-11-10 10:36:00,1247.41
2011-11-10 10:40:00,445.03999999999996
2011-11-10 10:41:00,420.74999999999994
2011-11-10 10:45:00,3893.79
2011-11-10 10:49:00,372.42
2011-11-10 10:53:00,319.23
2011-11-10 10:56:00,266.92
2011-11-10 11:06:00,128.88
2011-11-10 11:22:00,225.46
2011-11-10 11:37:00,111.39
2011-11-10 11:45:00,439.65999999999997
2011-11-10 11:49:00,72.0
2011-11-10 11:53:00,91.68
2011-11-10 11:55:00,2298.51
2011-11-10 12:00:00,185.04
2011-11-10 12:01:00,382.56
2011-11-10 12:05:00,514.16
2011-11-10 12:09:00,106.1
2011-11-10 12:12:00,320.07
2011-11-10 12:13:00,125.4
2011-11-10 12:27:00,844.94
2011-11-10 12:29:00,197.85
2011-11-10 12:32:00,256.2
2011-11-10 12:35:00,350.02
2011-11-10 12:37:00,4358.0
2011-11-10 12:40:00,448.5
2011-11-10 12:45:00,568.21
2011-11-10 12:46:00,113.5
2011-11-10 12:47:00,1014.61
2011-11-10 12:57:00,126.14
2011-11-10 12:59:00,495.6
2011-11-10 13:01:00,198.39000000000001
2011-11-10 13:03:00,137.04
2011-11-10 13:13:00,352.23
2011-11-10 13:14:00,256.06
2011-11-10 13:18:00,303.85
2011-11-10 13:28:00,288.14
2011-11-10 13:31:00,151.08
2011-11-10 13:34:00,175.54000000000002
2011-11-10 13:41:00,171.53
2011-11-10 13:44:00,1465.72
2011-11-10 13:46:00,396.64
2011-11-10 13:49:00,241.8
2011-11-10 14:01:00,240.16
2011-11-10 14:07:00,486.75
2011-11-10 14:09:00,384.88
2011-11-10 14:16:00,856.41
2011-11-10 14:28:00,954.04
2011-11-10 14:29:00,1855.99
2011-11-10 14:30:00,112.03999999999999
2011-11-10 14:31:00,24.96
2011-11-10 14:35:00,543.36
2011-11-10 14:38:00,149.8
2011-11-10 14:39:00,355.53
2011-11-10 14:59:00,112.35
2011-11-10 15:03:00,665.46
2011-11-10 15:04:00,266.76
2011-11-10 15:06:00,125.38
2011-11-10 15:07:00,1.95
2011-11-10 15:09:00,323.62
2011-11-10 15:23:00,1256.24
2011-11-10 15:32:00,373.24
2011-11-10 15:37:00,279.5
2011-11-10 15:51:00,3782.52
2011-11-10 15:57:00,900.56
2011-11-10 15:59:00,347.68
2011-11-10 16:03:00,2581.07
2011-11-10 16:15:00,343.8
2011-11-10 16:16:00,165.92
2011-11-10 16:20:00,314.65999999999997
2011-11-10 16:21:00,179.55
2011-11-10 16:27:00,275.19
2011-11-10 16:36:00,302.64
2011-11-10 16:38:00,171.85
2011-11-10 16:39:00,226.60000000000002
2011-11-10 16:51:00,509.2
2011-11-10 16:58:00,329.68
2011-11-10 16:59:00,2817.88
2011-11-10 17:06:00,826.7
2011-11-10 17:13:00,365.0
2011-11-10 17:16:00,363.95
2011-11-10 17:17:00,75.98
2011-11-10 17:27:00,162.8
2011-11-10 17:29:00,110.38
2011-11-10 17:45:00,65.28
2011-11-10 17:46:00,30.119999999999997
2011-11-10 17:49:00,254.28
2011-11-10 18:04:00,269.77
2011-11-10 18:33:00,296.98
2011-11-10 18:37:00,486.65
2011-11-10 18:46:00,1955.68
2011-11-10 19:12:00,486.96
2011-11-10 19:32:00,129.6
2011-11-10 19:40:00,1003.03
2011-11-10 19:49:00,397.06
2011-11-10 19:53:00,158.61
2011-11-10 20:01:00,175.53
2011-11-11 08:19:00,232.65
2011-11-11 08:33:00,246.01
2011-11-11 08:39:00,292.58
2011-11-11 08:46:00,370.8
2011-11-11 08:47:00,223.68
2011-11-11 08:59:00,197.64
2011-11-11 09:02:00,138.92
2011-11-11 09:25:00,455.90999999999997
2011-11-11 09:46:00,439.36
2011-11-11 10:01:00,305.3
2011-11-11 10:03:00,300.32
2011-11-11 10:14:00,203.6
2011-11-11 10:19:00,515.1800000000001
2011-11-11 10:29:00,379.58000000000004
2011-11-11 10:32:00,1674.65
2011-11-11 10:41:00,224.43
2011-11-11 10:43:00,130.49
2011-11-11 10:45:00,272.58
2011-11-11 10:48:00,159.57
2011-11-11 10:49:00,147.1
2011-11-11 10:50:00,506.4
2011-11-11 11:02:00,357.51
2011-11-11 11:06:00,264.12
2011-11-11 11:11:00,209.73
2011-11-11 11:18:00,486.96000000000004
2011-11-11 11:34:00,268.75
2011-11-11 11:37:00,349.73
2011-11-11 11:38:00,328.43
2011-11-11 11:56:00,682.17
2011-11-11 12:01:00,289.19
2011-11-11 12:02:00,157.27
2011-11-11 12:07:00,1380.5
2011-11-11 12:10:00,246.86
2011-11-11 12:11:00,668.42
2011-11-11 12:13:00,246.31
2011-11-11 12:17:00,345.99
2011-11-11 12:18:00,156.43
2011-11-11 12:20:00,1111.08
2011-11-11 12:24:00,198.29
2011-11-11 12:28:00,256.1
2011-11-11 12:41:00,504.24
2011-11-11 12:44:00,1568.13
2011-11-11 12:45:00,15.8
2011-11-11 12:46:00,473.65000000000003
2011-11-11 12:52:00,461.32
2011-11-11 12:53:00,640.84
2011-11-11 12:56:00,149.01
2011-11-11 13:20:00,122.4
2011-11-11 13:25:00,416.56
2011-11-11 13:29:00,5.43
2011-11-11 13:35:00,784.46
2011-11-11 13:40:00,152.64000000000001
2011-11-11 13:46:00,715.74
2011-11-11 13:57:00,492.94
2011-11-11 14:03:00,424.2
2011-11-11 14:04:00,54.0
2011-11-11 14:09:00,309.3
2011-11-11 14:12:00,191.04
2011-11-11 14:22:00,202.31
2011-11-11 14:23:00,239.28
2011-11-11 14:25:00,220.7
2011-11-11 14:50:00,413.75
2011-11-11 14:52:00,1136.6799999999998
2011-11-11 14:53:00,171.72
2011-11-11 15:08:00,302.48
2011-11-11 15:13:00,359.9
2011-11-11 15:20:00,446.02
2011-11-11 15:24:00,343.38
2011-11-11 15:28:00,166.42
2011-11-11 15:49:00,491.86
2011-11-11 15:54:00,345.82
2011-11-11 16:05:00,3.0
2011-11-11 16:13:00,315.72
2011-11-11 16:31:00,432.16
2011-11-11 16:33:00,1405.2
2011-11-11 16:49:00,176.39999999999998
2011-11-11 16:57:00,681.96
2011-11-11 16:58:00,532.17
2011-11-11 17:00:00,4041.18
2011-11-11 17:01:00,306.0
2011-11-11 17:10:00,479.8
2011-11-11 17:11:00,501.56
2011-11-11 17:13:00,149.23
2011-11-11 17:23:00,314.38
2011-11-13 10:35:00,959.1
2011-11-13 10:41:00,1285.4399999999998
2011-11-13 11:20:00,466.6
2011-11-13 11:21:00,330.68
2011-11-13 11:24:00,281.58
2011-11-13 11:30:00,273.51
2011-11-13 11:37:00,316.54
2011-11-13 11:39:00,180.51
2011-11-13 11:44:00,568.45
2011-11-13 11:46:00,524.9
2011-11-13 11:48:00,305.28000000000003
2011-11-13 11:50:00,61.199999999999996
2011-11-13 11:51:00,553.51
2011-11-13 11:53:00,433.03999999999996
2011-11-13 11:54:00,316.44
2011-11-13 11:55:00,201.51999999999998
2011-11-13 12:03:00,433.0
2011-11-13 12:05:00,110.71000000000001
2011-11-13 12:17:00,152.19
2011-11-13 12:19:00,116.00999999999999
2011-11-13 12:23:00,32.17
2011-11-13 12:27:00,1117.08
2011-11-13 12:28:00,154.29
2011-11-13 12:29:00,125.48
2011-11-13 12:31:00,212.27
2011-11-13 12:32:00,342.95
2011-11-13 12:38:00,101.18
2011-11-13 12:40:00,2.95
2011-11-13 12:47:00,570.77
2011-11-13 12:50:00,372.68
2011-11-13 13:00:00,308.1
2011-11-13 13:01:00,444.36
2011-11-13 13:18:00,672.99
2011-11-13 13:26:00,183.14
2011-11-13 13:27:00,655.41
2011-11-13 13:30:00,175.31
2011-11-13 13:41:00,312.24
2011-11-13 13:42:00,718.71
2011-11-13 13:45:00,136.74
2011-11-13 13:50:00,141.44
2011-11-13 14:09:00,515.55
2011-11-13 14:11:00,240.05
2011-11-13 14:14:00,29.82
2011-11-13 14:18:00,108.3
2011-11-13 14:20:00,339.18
2011-11-13 14:29:00,272.47
2011-11-13 14:31:00,586.85
2011-11-13 14:34:00,121.4
2011-11-13 14:42:00,288.3
2011-11-13 14:44:00,39.95
2011-11-13 14:45:00,2068.4900000000002
2011-11-13 14:48:00,368.79
2011-11-13 14:53:00,586.83
2011-11-13 14:55:00,87.21000000000001
2011-11-13 15:02:00,326.82
2011-11-13 15:04:00,308.34
2011-11-13 15:05:00,144.94
2011-11-13 15:06:00,74.85
2011-11-13 15:15:00,595.02
2011-11-13 15:19:00,367.62
2011-11-13 15:25:00,179.67000000000002
2011-11-13 15:29:00,228.91
2011-11-13 15:30:00,1011.08
2011-11-13 15:37:00,453.53
2011-11-13 15:42:00,340.40999999999997
2011-11-13 15:44:00,189.34
2011-11-13 15:48:00,319.06
2011-11-13 15:52:00,368.45
2011-11-13 15:57:00,164.34
2011-11-13 15:58:00,512.76
2011-11-13 16:03:00,254.7
2011-11-13 16:13:00,173.44
2011-11-13 16:14:00,306.48
2011-11-13 16:16:00,487.21
2011-11-13 16:18:00,626.0699999999999
2011-11-13 16:22:00,736.3100000000001
2011-11-13 16:24:00,134.77
2011-11-14 08:10:00,49.2
2011-11-14 08:16:00,310.08
2011-11-14 08:22:00,1646.82
2011-11-14 08:27:00,15.0
2011-11-14 08:28:00,218.72
2011-11-14 08:29:00,135.45
2011-11-14 08:31:00,736.5799999999999
2011-11-14 08:41:00,1314.94
2011-11-14 08:56:00,3478.0299999999997
2011-11-14 09:00:00,721.06
2011-11-14 09:05:00,303.06
2011-11-14 09:12:00,309.47999999999996
2011-11-14 09:13:00,396.96
2011-11-14 09:20:00,86.0
2011-11-14 09:21:00,139.56
2011-11-14 10:01:00,537.1
2011-11-14 10:28:00,392.57
2011-11-14 10:33:00,78.0
2011-11-14 10:34:00,332.66
2011-11-14 10:38:00,379.79
2011-11-14 10:45:00,1617.56
2011-11-14 10:47:00,348.21000000000004
2011-11-14 10:49:00,1324.3
2011-11-14 10:50:00,321.48
2011-11-14 11:00:00,1355.56
2011-11-14 11:02:00,318.12
2011-11-14 11:04:00,262.68
2011-11-14 11:09:00,3419.64
2011-11-14 11:11:00,1419.5800000000002
2011-11-14 11:19:00,545.83
2011-11-14 11:21:00,114.14
2011-11-14 11:24:00,93.5
2011-11-14 11:25:00,505.34000000000003
2011-11-14 11:26:00,106.56
2011-11-14 11:33:00,313.13
2011-11-14 11:46:00,137.58
2011-11-14 11:54:00,213.61
2011-11-14 12:07:00,277.82
2011-11-14 12:12:00,98.42
2011-11-14 12:14:00,256.76
2011-11-14 12:18:00,109.65
2011-11-14 12:22:00,915.4000000000001
2011-11-14 12:45:00,703.37
2011-11-14 12:47:00,320.72
2011-11-14 12:49:00,59.64
2011-11-14 12:55:00,284.12
2011-11-14 12:56:00,178.26
2011-11-14 12:58:00,3134.96
2011-11-14 13:00:00,1023.42
2011-11-14 13:01:00,179.0
2011-11-14 13:02:00,411.72
2011-11-14 13:08:00,161.64
2011-11-14 13:10:00,49.5
2011-11-14 13:12:00,281.43
2011-11-14 13:31:00,374.25
2011-11-14 13:32:00,71.64
2011-11-14 13:33:00,291.5
2011-11-14 13:40:00,518.12
2011-11-14 13:42:00,414.26
2011-11-14 13:47:00,390.93
2011-11-14 13:51:00,394.38
2011-11-14 13:55:00,889.46
2011-11-14 13:57:00,358.0
2011-11-14 14:02:00,933.14
2011-11-14 14:09:00,681.04
2011-11-14 14:17:00,49.5
2011-11-14 14:18:00,407.92
2011-11-14 14:23:00,461.59
2011-11-14 14:24:00,323.04
2011-11-14 14:28:00,948.48
2011-11-14 14:39:00,231.8
2011-11-14 14:40:00,260.7
2011-11-14 14:51:00,355.14
2011-11-14 14:57:00,383.31
2011-11-14 14:59:00,289.82
2011-11-14 15:03:00,354.85
2011-11-14 15:10:00,271.95
2011-11-14 15:18:00,484.38
2011-11-14 15:19:00,737.33
2011-11-14 15:27:00,8425.539999999999
2011-11-14 15:37:00,834.59
2011-11-14 15:38:00,8.2
2011-11-14 15:41:00,111.38
2011-11-14 15:51:00,303.26
2011-11-14 16:17:00,1397.31
2011-11-14 16:28:00,1364.74
2011-11-14 16:30:00,243.14000000000001
2011-11-14 16:57:00,327.02
2011-11-14 16:58:00,17.34
2011-11-14 16:59:00,1167.6
2011-11-14 17:10:00,7.5
2011-11-14 17:11:00,657.29
2011-11-14 17:40:00,592.5600000000001
2011-11-15 08:00:00,558.6
2011-11-15 08:07:00,405.07
2011-11-15 08:32:00,696.24
2011-11-15 08:43:00,332.23
2011-11-15 08:50:00,6260.900000000001
2011-11-15 09:11:00,383.48
2011-11-15 09:12:00,56.5
2011-11-15 09:15:00,303.93
2011-11-15 09:21:00,346.12
2011-11-15 09:23:00,135.86
2011-11-15 09:26:00,508.42
2011-11-15 09:30:00,32.550000000000004
2011-11-15 09:31:00,216.47
2011-11-15 09:32:00,162.82
2011-11-15 09:41:00,34.65
2011-11-15 09:42:00,224.66
2011-11-15 09:55:00,141.4
2011-11-15 10:00:00,308.48
2011-11-15 10:05:00,850.5
2011-11-15 10:13:00,130.85
2011-11-15 10:17:00,332.46000000000004
2011-11-15 10:32:00,4925.8
2011-11-15 10:38:00,61.2
2011-11-15 10:41:00,242.22000000000003
2011-11-15 10:48:00,205.25
2011-11-15 10:50:00,476.99
2011-11-15 10:51:00,452.14
2011-11-15 10:56:00,108.43
2011-11-15 11:14:00,483.99
2011-11-15 11:17:00,616.74
2011-11-15 11:21:00,365.4
2011-11-15 11:30:00,304.84000000000003
2011-11-15 11:37:00,432.47
2011-11-15 11:56:00,310.1
2011-11-15 12:02:00,214.91
2011-11-15 12:05:00,152.66000000000003
2011-11-15 12:07:00,201.13
2011-11-15 12:09:00,440.0
2011-11-15 12:10:00,272.63
2011-11-15 12:13:00,140.94
2011-11-15 12:19:00,315.68
2011-11-15 12:25:00,358.55
2011-11-15 12:33:00,172.65
2011-11-15 12:34:00,1070.4
2011-11-15 12:42:00,718.08
2011-11-15 12:43:00,133.7
2011-11-15 12:48:00,107.7
2011-11-15 12:50:00,305.62
2011-11-15 12:57:00,514.24
2011-11-15 13:01:00,247.15
2011-11-15 13:07:00,816.3
2011-11-15 13:19:00,263.67
2011-11-15 13:21:00,275.74
2011-11-15 13:24:00,143.04
2011-11-15 13:27:00,210.55
2011-11-15 13:32:00,273.52
2011-11-15 13:41:00,114.0
2011-11-15 13:42:00,213.78
2011-11-15 13:47:00,179.78
2011-11-15 13:48:00,311.6
2011-11-15 13:49:00,355.23
2011-11-15 13:52:00,104.1
2011-11-15 13:53:00,832.01
2011-11-15 13:55:00,333.69
2011-11-15 14:04:00,180.7
2011-11-15 14:15:00,570.98
2011-11-15 14:22:00,429.6
2011-11-15 14:23:00,265.96
2011-11-15 14:29:00,437.79
2011-11-15 14:30:00,1894.01
2011-11-15 14:32:00,136.32
2011-11-15 14:47:00,513.33
2011-11-15 14:48:00,598.73
2011-11-15 14:56:00,376.58
2011-11-15 14:57:00,1133.15
2011-11-15 15:05:00,352.6
2011-11-15 15:06:00,902.53
2011-11-15 15:08:00,382.8
2011-11-15 15:10:00,81.54
2011-11-15 15:20:00,832.58
2011-11-15 15:22:00,524.28
2011-11-15 15:23:00,835.97
2011-11-15 15:33:00,490.24
2011-11-15 15:42:00,762.5600000000001
2011-11-15 15:49:00,595.44
2011-11-15 16:08:00,279.77
2011-11-15 16:19:00,46.62
2011-11-15 16:29:00,382.24
2011-11-15 16:30:00,5.9
2011-11-15 16:34:00,310.04
2011-11-15 16:38:00,250.04
2011-11-15 16:42:00,389.76
2011-11-15 16:56:00,261.3
2011-11-15 17:11:00,105.76
2011-11-15 17:12:00,1301.0
2011-11-15 17:14:00,396.0
2011-11-15 17:20:00,121.6
2011-11-15 17:26:00,380.46999999999997
2011-11-16 08:25:00,361.8
2011-11-16 08:28:00,291.88
2011-11-16 08:37:00,610.28
2011-11-16 08:38:00,199.98000000000002
2011-11-16 08:53:00,226.39999999999998
2011-11-16 09:27:00,356.39
2011-11-16 09:28:00,94.56
2011-11-16 09:32:00,408.8
2011-11-16 09:34:00,453.54
2011-11-16 09:35:00,219.35
2011-11-16 09:43:00,282.45
2011-11-16 09:44:00,121.32000000000001
2011-11-16 09:59:00,258.87
2011-11-16 10:14:00,643.96
2011-11-16 10:32:00,787.23
2011-11-16 10:34:00,1935.9
2011-11-16 10:37:00,609.07
2011-11-16 10:39:00,170.56
2011-11-16 10:45:00,4391.16
2011-11-16 10:55:00,614.39
2011-11-16 10:57:00,30.0
2011-11-16 11:03:00,409.02
2011-11-16 11:05:00,296.76
2011-11-16 11:09:00,21.0
2011-11-16 11:16:00,315.7
2011-11-16 11:17:00,106.95
2011-11-16 11:31:00,247.98000000000002
2011-11-16 11:41:00,232.5
2011-11-16 11:46:00,890.19
2011-11-16 11:47:00,4.2
2011-11-16 11:48:00,498.06
2011-11-16 11:49:00,363.2
2011-11-16 11:52:00,77.76
2011-11-16 11:55:00,55.16
2011-11-16 11:59:00,1497.52
2011-11-16 12:03:00,497.06
2011-11-16 12:08:00,1004.04
2011-11-16 12:13:00,159.13
2011-11-16 12:16:00,1995.56
2011-11-16 12:18:00,258.24
2011-11-16 12:19:00,351.11
2011-11-16 12:21:00,439.04
2011-11-16 12:22:00,443.4
2011-11-16 12:25:00,497.08000000000004
2011-11-16 12:26:00,645.38
2011-11-16 12:29:00,167.61
2011-11-16 12:42:00,540.5
2011-11-16 12:51:00,273.04
2011-11-16 13:13:00,1145.32
2011-11-16 13:14:00,107.45
2011-11-16 13:16:00,223.85000000000002
2011-11-16 13:19:00,739.02
2011-11-16 13:20:00,434.5
2011-11-16 13:21:00,1017.1
2011-11-16 13:24:00,241.53
2011-11-16 13:25:00,1219.25
2011-11-16 13:27:00,370.36
2011-11-16 13:33:00,178.34
2011-11-16 13:36:00,340.0
2011-11-16 13:38:00,475.13
2011-11-16 13:40:00,405.71
2011-11-16 13:53:00,238.99
2011-11-16 13:54:00,946.41
2011-11-16 13:56:00,60.12
2011-11-16 13:59:00,324.07
2011-11-16 14:11:00,295.17
2011-11-16 14:20:00,305.22
2011-11-16 14:26:00,408.66
2011-11-16 14:28:00,661.8
2011-11-16 14:54:00,292.22
2011-11-16 15:01:00,263.0
2011-11-16 15:08:00,226.17000000000002
2011-11-16 15:10:00,389.41
2011-11-16 15:14:00,462.28
2011-11-16 15:21:00,353.98
2011-11-16 15:26:00,110.08
2011-11-16 15:31:00,295.8
2011-11-16 15:33:00,1115.52
2011-11-16 15:34:00,200.2
2011-11-16 15:35:00,954.5699999999999
2011-11-16 15:38:00,245.68
2011-11-16 15:39:00,23.55
2011-11-16 15:41:00,245.03
2011-11-16 15:45:00,294.32
2011-11-16 15:48:00,93.39
2011-11-16 15:49:00,42.36000000000001
2011-11-16 15:51:00,238.92000000000002
2011-11-16 15:52:00,228.58
2011-11-16 15:56:00,495.78000000000003
2011-11-16 15:58:00,769.36
2011-11-16 16:00:00,220.94
2011-11-16 16:06:00,749.0600000000001
2011-11-16 16:08:00,103.69
2011-11-16 16:18:00,285.3
2011-11-16 16:20:00,617.04
2011-11-16 16:26:00,277.88
2011-11-16 16:30:00,281.03000000000003
2011-11-16 16:32:00,370.4
2011-11-16 16:42:00,411.98
2011-11-16 16:43:00,6.959999999999999
2011-11-16 16:49:00,86.6
2011-11-16 16:52:00,444.68
2011-11-16 17:03:00,350.62
2011-11-16 17:10:00,389.13
2011-11-16 17:16:00,267.7
2011-11-16 17:24:00,293.92
2011-11-16 17:25:00,328.65
2011-11-16 17:26:00,120.9
2011-11-17 08:20:00,67.00999999999999
2011-11-17 08:29:00,186.79999999999998
2011-11-17 08:35:00,291.86
2011-11-17 08:40:00,58.349999999999994
2011-11-17 08:41:00,925.03
2011-11-17 08:49:00,759.48
2011-11-17 08:53:00,343.38
2011-11-17 08:54:00,207.99
2011-11-17 08:56:00,99.0
2011-11-17 09:25:00,211.63
2011-11-17 09:31:00,285.88
2011-11-17 09:33:00,616.48
2011-11-17 09:34:00,248.2
2011-11-17 09:49:00,1072.1200000000001
2011-11-17 09:51:00,2037.69
2011-11-17 10:01:00,761.1600000000001
2011-11-17 10:02:00,55.08
2011-11-17 10:09:00,93.44
2011-11-17 10:21:00,25.699999999999996
2011-11-17 10:24:00,358.15000000000003
2011-11-17 10:40:00,289.1
2011-11-17 10:49:00,532.76
2011-11-17 10:51:00,7.800000000000001
2011-11-17 10:52:00,4808.48
2011-11-17 10:53:00,477.67
2011-11-17 10:59:00,442.14
2011-11-17 11:02:00,1551.3
2011-11-17 11:04:00,175.95
2011-11-17 11:09:00,441.21999999999997
2011-11-17 11:10:00,305.38
2011-11-17 11:12:00,492.51
2011-11-17 11:29:00,351.54
2011-11-17 11:34:00,619.9
2011-11-17 11:45:00,533.69
2011-11-17 11:48:00,13.049999999999999
2011-11-17 11:51:00,312.92
2011-11-17 11:54:00,280.97
2011-11-17 11:59:00,244.66
2011-11-17 12:00:00,306.0
2011-11-17 12:02:00,133.02
2011-11-17 12:05:00,572.59
2011-11-17 12:11:00,464.85
2011-11-17 12:19:00,30.0
2011-11-17 12:21:00,780.1999999999999
2011-11-17 12:25:00,163.74
2011-11-17 12:30:00,211.10000000000002
2011-11-17 12:32:00,365.29
2011-11-17 12:39:00,2209.74
2011-11-17 12:42:00,331.55
2011-11-17 12:43:00,412.8
2011-11-17 12:47:00,159.65
2011-11-17 12:54:00,363.62
2011-11-17 12:55:00,243.6
2011-11-17 12:56:00,321.15
2011-11-17 12:59:00,1279.68
2011-11-17 13:00:00,301.64
2011-11-17 13:07:00,91.8
2011-11-17 13:16:00,1324.99
2011-11-17 13:21:00,395.73
2011-11-17 13:30:00,1452.44
2011-11-17 13:32:00,152.64000000000001
2011-11-17 13:38:00,174.9
2011-11-17 13:45:00,460.8
2011-11-17 13:46:00,1487.71
2011-11-17 13:48:00,315.9
2011-11-17 13:50:00,65.7
2011-11-17 13:58:00,298.78
2011-11-17 13:59:00,738.67
2011-11-17 14:02:00,177.91
2011-11-17 14:08:00,397.63
2011-11-17 14:17:00,612.39
2011-11-17 14:19:00,103.2
2011-11-17 14:22:00,599.16
2011-11-17 14:24:00,634.95
2011-11-17 14:26:00,539.97
2011-11-17 14:29:00,421.96999999999997
2011-11-17 14:30:00,237.35999999999999
2011-11-17 14:36:00,131.8
2011-11-17 14:40:00,1005.89
2011-11-17 14:41:00,447.93
2011-11-17 14:43:00,295.14
2011-11-17 14:46:00,146.35000000000002
2011-11-17 14:49:00,164.72
2011-11-17 14:50:00,9.0
2011-11-17 14:51:00,69.61
2011-11-17 14:56:00,1166.7
2011-11-17 15:02:00,99.7
2011-11-17 15:04:00,243.96
2011-11-17 15:08:00,161.2
2011-11-17 15:16:00,524.18
2011-11-17 15:22:00,129.22
2011-11-17 15:24:00,357.6
2011-11-17 15:31:00,444.82
2011-11-17 15:34:00,145.71
2011-11-17 15:41:00,282.25
2011-11-17 15:47:00,310.5
2011-11-17 15:50:00,165.3
2011-11-17 15:55:00,149.6
2011-11-17 15:59:00,295.75
2011-11-17 16:02:00,209.49
2011-11-17 16:29:00,131.95
2011-11-17 16:35:00,446.90000000000003
2011-11-17 16:37:00,426.06
2011-11-17 16:39:00,368.73
2011-11-17 16:42:00,616.8
2011-11-17 16:43:00,472.0
2011-11-17 16:48:00,312.68
2011-11-17 16:51:00,189.7
2011-11-17 17:08:00,88.25
2011-11-17 17:13:00,312.73
2011-11-17 17:16:00,186.17999999999998
2011-11-17 17:18:00,336.54
2011-11-17 17:30:00,851.0600000000001
2011-11-17 17:34:00,326.75
2011-11-17 17:50:00,304.47
2011-11-17 17:53:00,113.64
2011-11-17 18:29:00,800.96
2011-11-17 18:43:00,133.4
2011-11-17 19:22:00,1794.05
2011-11-17 19:27:00,445.08000000000004
2011-11-17 19:48:00,138.86
2011-11-17 19:52:00,46.8
2011-11-17 19:58:00,165.0
2011-11-18 08:21:00,184.26
2011-11-18 08:47:00,51.95
2011-11-18 08:56:00,580.52
2011-11-18 08:57:00,170.0
2011-11-18 08:59:00,325.44
2011-11-18 09:03:00,17.700000000000003
2011-11-18 09:04:00,42.900000000000006
2011-11-18 09:10:00,55.6
2011-11-18 09:11:00,553.14
2011-11-18 09:19:00,344.51
2011-11-18 09:31:00,142.88
2011-11-18 09:42:00,75.45
2011-11-18 09:43:00,1253.66
2011-11-18 09:53:00,499.4
2011-11-18 09:56:00,349.40000000000003
2011-11-18 09:57:00,604.73
2011-11-18 09:58:00,1268.47
2011-11-18 10:05:00,334.56
2011-11-18 10:18:00,280.3
2011-11-18 10:24:00,137.3
2011-11-18 10:27:00,195.52
2011-11-18 10:37:00,102.0
2011-11-18 10:41:00,367.56
2011-11-18 10:42:00,849.66
2011-11-18 10:46:00,200.45000000000002
2011-11-18 10:52:00,612.21
2011-11-18 10:56:00,115.05
2011-11-18 10:57:00,579.86
2011-11-18 10:58:00,537.14
2011-11-18 11:07:00,316.45
2011-11-18 11:10:00,181.47
2011-11-18 11:20:00,92.4
2011-11-18 11:27:00,1040.39
2011-11-18 11:39:00,304.7
2011-11-18 11:47:00,354.96000000000004
2011-11-18 11:49:00,563.28
2011-11-18 11:53:00,247.36
2011-11-18 12:02:00,143.14
2011-11-18 12:07:00,460.89
2011-11-18 12:08:00,158.53
2011-11-18 12:09:00,314.85
2011-11-18 12:22:00,264.35
2011-11-18 12:25:00,333.62
2011-11-18 12:27:00,222.43
2011-11-18 12:39:00,574.1
2011-11-18 12:46:00,374.68
2011-11-18 12:47:00,153.92
2011-11-18 12:48:00,278.4
2011-11-18 12:49:00,525.55
2011-11-18 12:52:00,126.0
2011-11-18 12:53:00,353.55
2011-11-18 12:57:00,191.67
2011-11-18 13:02:00,974.8100000000001
2011-11-18 13:14:00,675.0699999999999
2011-11-18 13:15:00,769.0
2011-11-18 13:16:00,110.22
2011-11-18 13:18:00,738.1800000000001
2011-11-18 13:21:00,157.78
2011-11-18 13:23:00,936.64
2011-11-18 13:25:00,219.92
2011-11-18 13:30:00,1185.85
2011-11-18 13:33:00,197.74
2011-11-18 13:42:00,1072.73
2011-11-18 13:43:00,197.63
2011-11-18 13:44:00,663.56
2011-11-18 13:45:00,72.0
2011-11-18 14:01:00,303.01
2011-11-18 14:07:00,152.64000000000001
2011-11-18 14:08:00,166.0
2011-11-18 14:14:00,188.7
2011-11-18 14:15:00,169.06
2011-11-18 14:23:00,467.57
2011-11-18 14:25:00,297.65000000000003
2011-11-18 14:40:00,370.14
2011-11-18 14:42:00,446.94000000000005
2011-11-18 14:50:00,584.97
2011-11-18 14:51:00,171.85
2011-11-18 14:52:00,166.08
2011-11-18 15:00:00,778.6
2011-11-18 15:14:00,198.6
2011-11-18 15:27:00,102.12
2011-11-18 15:41:00,126.0
2011-11-18 15:53:00,900.16
2011-11-18 15:54:00,867.64
2011-11-18 16:07:00,398.81
2011-11-18 16:13:00,15.0
2011-11-18 16:19:00,366.17
2011-11-18 16:48:00,12.4
2011-11-18 16:55:00,4.25
2011-11-18 17:06:00,2068.09
2011-11-18 17:11:00,478.12
2011-11-18 17:20:00,571.24
2011-11-20 10:11:00,786.4399999999999
2011-11-20 10:15:00,462.44
2011-11-20 10:16:00,450.12
2011-11-20 10:29:00,212.92
2011-11-20 10:36:00,219.0
2011-11-20 10:37:00,509.96
2011-11-20 10:51:00,110.95
2011-11-20 10:53:00,882.86
2011-11-20 10:59:00,248.85
2011-11-20 11:00:00,437.67
2011-11-20 11:06:00,255.4
2011-11-20 11:09:00,209.31
2011-11-20 11:11:00,345.4
2011-11-20 11:16:00,172.79999999999998
2011-11-20 11:25:00,320.38
2011-11-20 11:28:00,1421.01
2011-11-20 11:30:00,598.04
2011-11-20 11:31:00,888.27
2011-11-20 11:32:00,155.71
2011-11-20 11:33:00,190.72
2011-11-20 11:34:00,917.54
2011-11-20 11:37:00,996.62
2011-11-20 11:43:00,613.78
2011-11-20 11:50:00,351.13
2011-11-20 11:52:00,492.94
2011-11-20 11:56:00,735.84
2011-11-20 12:00:00,909.12
2011-11-20 12:11:00,316.43
2011-11-20 12:12:00,125.99000000000001
2011-11-20 12:13:00,345.53000000000003
2011-11-20 12:17:00,35.1
2011-11-20 12:20:00,345.0
2011-11-20 12:22:00,443.19
2011-11-20 12:24:00,24.11
2011-11-20 12:30:00,225.36
2011-11-20 12:32:00,317.56
2011-11-20 12:34:00,812.59
2011-11-20 12:36:00,847.8199999999999
2011-11-20 12:37:00,378.31
2011-11-20 12:40:00,496.61
2011-11-20 12:42:00,232.09
2011-11-20 12:45:00,185.34
2011-11-20 12:46:00,19.799999999999997
2011-11-20 12:53:00,167.62
2011-11-20 12:55:00,262.42
2011-11-20 13:00:00,192.19
2011-11-20 13:02:00,117.74000000000001
2011-11-20 13:08:00,107.7
2011-11-20 13:16:00,360.05
2011-11-20 13:17:00,126.7
2011-11-20 13:20:00,1008.45
2011-11-20 13:23:00,241.18
2011-11-20 13:33:00,752.6
2011-11-20 13:37:00,161.35
2011-11-20 13:39:00,554.34
2011-11-20 13:40:00,188.73
2011-11-20 13:45:00,177.31
2011-11-20 13:47:00,60.48
2011-11-20 13:48:00,371.2
2011-11-20 14:01:00,118.98
2011-11-20 14:04:00,135.11
2011-11-20 14:05:00,23.79
2011-11-20 14:07:00,341.24
2011-11-20 14:14:00,119.97
2011-11-20 14:17:00,170.32
2011-11-20 14:20:00,118.2
2011-11-20 14:24:00,507.68
2011-11-20 14:28:00,103.09
2011-11-20 14:31:00,381.7
2011-11-20 14:33:00,130.04
2011-11-20 14:40:00,285.56
2011-11-20 14:43:00,972.3
2011-11-20 14:45:00,10.5
2011-11-20 14:50:00,29.4
2011-11-20 15:00:00,444.47
2011-11-20 15:05:00,307.56
2011-11-20 15:21:00,265.83
2011-11-20 15:27:00,150.3
2011-11-20 15:30:00,70.2
2011-11-20 15:35:00,353.03
2011-11-20 15:36:00,498.36
2011-11-20 15:48:00,108.75
2011-11-20 15:52:00,111.18
2011-11-20 16:07:00,307.09
2011-11-20 16:12:00,230.16
2011-11-21 08:02:00,390.0
2011-11-21 08:19:00,670.44
2011-11-21 08:26:00,316.90000000000003
2011-11-21 08:28:00,290.76
2011-11-21 08:31:00,978.58
2011-11-21 08:37:00,329.04
2011-11-21 08:40:00,147.04
2011-11-21 08:57:00,43.2
2011-11-21 09:02:00,400.08000000000004
2011-11-21 09:11:00,427.48
2011-11-21 09:21:00,95.4
2011-11-21 09:51:00,1757.55
2011-11-21 09:55:00,362.48
2011-11-21 10:02:00,805.2
2011-11-21 10:22:00,993.29
2011-11-21 10:23:00,95.52000000000001
2011-11-21 10:27:00,430.48
2011-11-21 10:35:00,1120.11
2011-11-21 10:39:00,133.68
2011-11-21 10:48:00,186.01
2011-11-21 10:51:00,219.01000000000002
2011-11-21 11:16:00,397.72
2011-11-21 11:29:00,278.45
2011-11-21 11:34:00,477.0
2011-11-21 11:50:00,129.4
2011-11-21 11:55:00,612.01
2011-11-21 11:57:00,163.07
2011-11-21 12:02:00,135.06
2011-11-21 12:05:00,320.89
2011-11-21 12:06:00,593.1
2011-11-21 12:11:00,183.32
2011-11-21 12:17:00,180.34
2011-11-21 12:18:00,297.0
2011-11-21 12:19:00,523.2
2011-11-21 12:20:00,1100.22
2011-11-21 12:21:00,1809.7
2011-11-21 12:24:00,131.66
2011-11-21 12:36:00,505.6
2011-11-21 12:37:00,97.5
2011-11-21 12:38:00,45.300000000000004
2011-11-21 12:40:00,167.92000000000002
2011-11-21 12:43:00,362.76
2011-11-21 12:52:00,375.27
2011-11-21 12:53:00,563.28
2011-11-21 12:59:00,178.26
2011-11-21 13:09:00,569.9200000000001
2011-11-21 13:10:00,149.47
2011-11-21 13:14:00,520.8000000000001
2011-11-21 13:20:00,110.92
2011-11-21 13:35:00,216.9
2011-11-21 13:36:00,488.6
2011-11-21 13:40:00,467.11
2011-11-21 13:41:00,456.12
2011-11-21 13:44:00,145.11
2011-11-21 13:58:00,368.6
2011-11-21 14:06:00,461.4
2011-11-21 14:17:00,383.99
2011-11-21 14:21:00,5490.24
2011-11-21 14:24:00,1437.5
2011-11-21 14:26:00,534.2
2011-11-21 14:34:00,264.89
2011-11-21 14:47:00,2675.28
2011-11-21 14:49:00,195.36
2011-11-21 14:59:00,340.11
2011-11-21 15:10:00,43.62
2011-11-21 15:27:00,453.08
2011-11-21 15:33:00,359.04
2011-11-21 15:42:00,41.6
2011-11-21 15:53:00,689.52
2011-11-21 15:57:00,895.97
2011-11-21 16:02:00,32.65
2011-11-21 16:10:00,153.38
2011-11-21 16:17:00,271.59
2011-11-21 16:20:00,2786.4
2011-11-21 16:24:00,119.66
2011-11-21 16:25:00,701.97
2011-11-21 16:35:00,172.6
2011-11-21 16:36:00,971.74
2011-11-21 16:40:00,135.43
2011-11-21 16:48:00,543.28
2011-11-21 16:50:00,126.31
2011-11-21 16:53:00,233.9
2011-11-21 16:54:00,313.34
2011-11-21 17:00:00,889.38
2011-11-21 17:04:00,82.5
2011-11-21 17:10:00,29.5
2011-11-21 17:33:00,189.87
2011-11-22 08:19:00,1459.7599999999998
2011-11-22 08:20:00,82.0
2011-11-22 08:26:00,309.65
2011-11-22 08:28:00,75.0
2011-11-22 08:34:00,414.25
2011-11-22 08:44:00,720.0
2011-11-22 08:54:00,214.71
2011-11-22 08:56:00,308.74
2011-11-22 09:06:00,580.38
2011-11-22 09:16:00,120.06
2011-11-22 09:17:00,1090.92
2011-11-22 09:18:00,256.45
2011-11-22 09:24:00,604.0
2011-11-22 09:34:00,2000.0
2011-11-22 09:40:00,392.40000000000003
2011-11-22 09:42:00,446.01
2011-11-22 09:43:00,161.67000000000002
2011-11-22 09:53:00,276.85
2011-11-22 10:12:00,174.6
2011-11-22 10:17:00,266.7
2011-11-22 10:20:00,145.64999999999998
2011-11-22 10:21:00,542.99
2011-11-22 10:24:00,284.02
2011-11-22 10:30:00,213.72
2011-11-22 10:32:00,289.52
2011-11-22 10:34:00,40.64
2011-11-22 10:35:00,205.62
2011-11-22 10:39:00,1025.15
2011-11-22 10:44:00,734.8199999999999
2011-11-22 10:59:00,44.550000000000004
2011-11-22 11:04:00,1485.34
2011-11-22 11:08:00,2232.0
2011-11-22 11:13:00,117.08000000000001
2011-11-22 11:14:00,189.64000000000001
2011-11-22 11:18:00,242.26
2011-11-22 11:19:00,357.88
2011-11-22 11:21:00,221.64
2011-11-22 11:24:00,635.06
2011-11-22 11:25:00,269.64
2011-11-22 11:28:00,351.64
2011-11-22 11:34:00,302.21999999999997
2011-11-22 11:37:00,206.28
2011-11-22 11:47:00,279.37
2011-11-22 11:48:00,322.08
2011-11-22 11:51:00,313.64000000000004
2011-11-22 11:58:00,138.05
2011-11-22 12:07:00,197.29999999999998
2011-11-22 12:09:00,492.73
2011-11-22 12:13:00,394.14
2011-11-22 12:24:00,202.95
2011-11-22 12:25:00,150.0
2011-11-22 12:38:00,108.39999999999999
2011-11-22 12:39:00,522.98
2011-11-22 12:40:00,388.68
2011-11-22 12:47:00,209.28
2011-11-22 12:48:00,114.14
2011-11-22 12:50:00,204.0
2011-11-22 12:52:00,292.59000000000003
2011-11-22 12:54:00,59.400000000000006
2011-11-22 12:55:00,111.91
2011-11-22 12:58:00,440.76
2011-11-22 13:02:00,496.92
2011-11-22 13:07:00,255.43
2011-11-22 13:08:00,714.09
2011-11-22 13:11:00,142.93
2011-11-22 13:20:00,418.03
2011-11-22 13:22:00,30.349999999999998
2011-11-22 13:25:00,300.45
2011-11-22 13:27:00,639.2
2011-11-22 13:28:00,309.36
2011-11-22 13:29:00,1298.88
2011-11-22 13:30:00,55.81
2011-11-22 13:33:00,860.6999999999999
2011-11-22 13:40:00,662.66
2011-11-22 13:41:00,1024.14
2011-11-22 13:42:00,585.75
2011-11-22 13:47:00,588.24
2011-11-22 14:00:00,284.04
2011-11-22 14:04:00,351.9
2011-11-22 14:10:00,346.14
2011-11-22 14:21:00,199.48000000000002
2011-11-22 14:23:00,1436.91
2011-11-22 14:25:00,510.0
2011-11-22 14:39:00,416.17
2011-11-22 14:41:00,722.14
2011-11-22 14:43:00,131.78
2011-11-22 14:59:00,946.55
2011-11-22 15:00:00,320.46
2011-11-22 15:04:00,334.9
2011-11-22 15:05:00,164.23
2011-11-22 15:07:00,95.34
2011-11-22 15:15:00,222.84
2011-11-22 15:22:00,976.0
2011-11-22 15:36:00,235.96
2011-11-22 15:37:00,104.0
2011-11-22 15:45:00,695.19
2011-11-22 15:49:00,351.95
2011-11-22 15:50:00,16.5
2011-11-22 15:52:00,272.36
2011-11-22 16:02:00,667.84
2011-11-22 16:06:00,808.91
2011-11-22 16:11:00,118.78999999999999
2011-11-22 16:24:00,196.94000000000003
2011-11-22 16:26:00,466.18
2011-11-22 16:28:00,243.55
2011-11-22 16:31:00,958.2
2011-11-22 16:33:00,221.36
2011-11-22 16:34:00,301.25
2011-11-22 16:39:00,294.88
2011-11-22 16:43:00,356.02
2011-11-22 16:44:00,150.55
2011-11-22 16:47:00,874.25
2011-11-22 17:02:00,406.72
2011-11-22 17:15:00,82.91
2011-11-22 17:19:00,314.77
2011-11-22 17:21:00,302.24
2011-11-22 17:23:00,184.4
2011-11-22 17:26:00,83.96000000000001
2011-11-22 17:32:00,79.48
2011-11-23 08:05:00,350.57
2011-11-23 08:17:00,368.14
2011-11-23 08:39:00,514.0
2011-11-23 08:42:00,254.12
2011-11-23 08:43:00,308.46
2011-11-23 08:47:00,177.33
2011-11-23 09:02:00,312.5
2011-11-23 09:09:00,127.68
2011-11-23 09:20:00,385.06
2011-11-23 09:22:00,311.66
2011-11-23 09:28:00,164.28
2011-11-23 09:34:00,30.0
2011-11-23 09:35:00,92.4
2011-11-23 09:41:00,194.41
2011-11-23 09:44:00,115.9
2011-11-23 09:51:00,314.81
2011-11-23 10:01:00,223.5
2011-11-23 10:08:00,842.02
2011-11-23 10:09:00,72.0
2011-11-23 10:21:00,381.2
2011-11-23 10:23:00,400.4
2011-11-23 10:28:00,80.0
2011-11-23 10:31:00,3956.6800000000003
2011-11-23 10:32:00,8.95
2011-11-23 10:36:00,472.6
2011-11-23 10:38:00,269.52
2011-11-23 10:39:00,102.84
2011-11-23 10:44:00,104.2
2011-11-23 10:55:00,243.8
2011-11-23 10:58:00,7952.68
2011-11-23 11:04:00,290.0
2011-11-23 11:06:00,1835.96
2011-11-23 11:07:00,339.4
2011-11-23 11:09:00,193.51
2011-11-23 11:18:00,332.21
2011-11-23 11:21:00,131.39999999999998
2011-11-23 11:22:00,193.29
2011-11-23 11:30:00,1.65
2011-11-23 11:32:00,176.94
2011-11-23 11:36:00,392.40000000000003
2011-11-23 11:37:00,219.23000000000002
2011-11-23 11:40:00,500.52000000000004
2011-11-23 11:42:00,102.0
2011-11-23 11:43:00,83.4
2011-11-23 11:47:00,319.71
2011-11-23 11:49:00,341.54
2011-11-23 11:51:00,852.8100000000001
2011-11-23 11:54:00,273.35
2011-11-23 11:58:00,354.0
2011-11-23 12:05:00,286.8
2011-11-23 12:13:00,85.0
2011-11-23 12:20:00,2396.33
2011-11-23 12:22:00,298.24
2011-11-23 12:33:00,1050.3200000000002
2011-11-23 12:36:00,569.67
2011-11-23 12:38:00,116.46
2011-11-23 12:39:00,138.6
2011-11-23 12:40:00,437.12
2011-11-23 12:42:00,457.2
2011-11-23 12:43:00,130.53
2011-11-23 12:45:00,417.05
2011-11-23 12:48:00,530.16
2011-11-23 12:51:00,88.2
2011-11-23 12:52:00,366.8
2011-11-23 12:58:00,604.75
2011-11-23 12:59:00,69.6
2011-11-23 13:01:00,338.63
2011-11-23 13:15:00,378.90000000000003
2011-11-23 13:24:00,792.94
2011-11-23 13:27:00,717.69
2011-11-23 13:28:00,406.53000000000003
2011-11-23 13:34:00,141.68
2011-11-23 13:37:00,12.75
2011-11-23 13:39:00,6941.97
2011-11-23 13:40:00,288.33
2011-11-23 13:41:00,109.01
2011-11-23 13:46:00,188.38
2011-11-23 13:51:00,817.37
2011-11-23 13:53:00,660.38
2011-11-23 13:54:00,353.52
2011-11-23 13:56:00,71.6
2011-11-23 13:57:00,171.54
2011-11-23 14:01:00,19.259999999999998
2011-11-23 14:05:00,49.0
2011-11-23 14:07:00,1683.44
2011-11-23 14:18:00,54.900000000000006
2011-11-23 14:35:00,708.76
2011-11-23 14:36:00,886.86
2011-11-23 14:37:00,91.45000000000002
2011-11-23 14:39:00,204.3
2011-11-23 14:51:00,541.0799999999999
2011-11-23 14:52:00,398.7
2011-11-23 14:53:00,426.09
2011-11-23 15:02:00,310.0
2011-11-23 15:14:00,380.64
2011-11-23 15:23:00,718.89
2011-11-23 15:39:00,541.71
2011-11-23 15:41:00,407.4
2011-11-23 15:44:00,10584.77
2011-11-23 15:46:00,236.34
2011-11-23 15:53:00,353.03
2011-11-23 16:09:00,34.29
2011-11-23 16:20:00,256.8
2011-11-23 16:22:00,334.32
2011-11-23 16:24:00,359.39
2011-11-23 16:33:00,332.55
2011-11-23 16:34:00,319.33
2011-11-23 16:43:00,302.44
2011-11-23 16:47:00,710.6800000000001
2011-11-23 16:48:00,272.46
2011-11-23 16:59:00,2990.0
2011-11-23 17:10:00,209.94
2011-11-23 17:19:00,212.85
2011-11-23 17:32:00,178.7
2011-11-23 17:43:00,178.47
2011-11-23 17:45:00,192.01
2011-11-24 08:28:00,277.98
2011-11-24 08:44:00,207.14000000000001
2011-11-24 08:50:00,332.96
2011-11-24 08:53:00,82.8
2011-11-24 09:06:00,417.56
2011-11-24 09:07:00,178.48
2011-11-24 09:13:00,279.35999999999996
2011-11-24 09:21:00,83.0
2011-11-24 09:23:00,264.6
2011-11-24 09:24:00,264.6
2011-11-24 09:34:00,162.5
2011-11-24 09:50:00,465.35
2011-11-24 09:51:00,306.35
2011-11-24 09:59:00,163.2
2011-11-24 10:02:00,129.5
2011-11-24 10:07:00,184.2
2011-11-24 10:12:00,468.52000000000004
2011-11-24 10:14:00,197.28
2011-11-24 10:24:00,188.49
2011-11-24 10:35:00,3284.64
2011-11-24 10:38:00,122.64
2011-11-24 10:39:00,1082.14
2011-11-24 10:42:00,220.2
2011-11-24 10:46:00,1092.1
2011-11-24 10:53:00,298.85
2011-11-24 11:10:00,136.65
2011-11-24 11:11:00,166.0
2011-11-24 11:17:00,37.239999999999995
2011-11-24 11:19:00,339.73
2011-11-24 11:41:00,240.39000000000001
2011-11-24 11:47:00,71.0
2011-11-24 11:52:00,168.13
2011-11-24 11:57:00,277.85
2011-11-24 12:01:00,72.0
2011-11-24 12:11:00,196.0
2011-11-24 12:12:00,521.21
2011-11-24 12:21:00,474.16
2011-11-24 12:24:00,285.35
2011-11-24 12:25:00,188.76
2011-11-24 12:27:00,69.6
2011-11-24 12:30:00,820.85
2011-11-24 12:33:00,220.62
2011-11-24 12:36:00,590.32
2011-11-24 12:38:00,237.74
2011-11-24 12:40:00,1750.46
2011-11-24 12:48:00,508.51
2011-11-24 12:52:00,810.76
2011-11-24 12:53:00,518.42
2011-11-24 13:01:00,316.5
2011-11-24 13:06:00,150.6
2011-11-24 13:17:00,183.5
2011-11-24 13:25:00,534.73
2011-11-24 13:27:00,247.62
2011-11-24 13:28:00,435.88
2011-11-24 13:32:00,1463.64
2011-11-24 13:40:00,193.24
2011-11-24 13:53:00,1392.38
2011-11-24 13:54:00,110.57000000000001
2011-11-24 13:56:00,373.5
2011-11-24 13:57:00,203.58
2011-11-24 14:06:00,203.38
2011-11-24 14:09:00,170.31
2011-11-24 14:10:00,150.76
2011-11-24 14:22:00,215.76
2011-11-24 14:37:00,301.14
2011-11-24 14:40:00,539.88
2011-11-24 14:42:00,271.2
2011-11-24 14:51:00,415.25
2011-11-24 14:52:00,52.739999999999995
2011-11-24 15:01:00,2393.95
2011-11-24 15:02:00,568.62
2011-11-24 15:03:00,121.07000000000001
2011-11-24 15:05:00,677.83
2011-11-24 15:21:00,282.19
2011-11-24 15:26:00,121.66000000000001
2011-11-24 15:28:00,49.8
2011-11-24 15:32:00,158.42
2011-11-24 15:38:00,879.1
2011-11-24 15:41:00,312.0
2011-11-24 16:06:00,170.52
2011-11-24 16:20:00,189.8
2011-11-24 16:31:00,290.32
2011-11-24 16:34:00,112.38
2011-11-24 16:40:00,462.0
2011-11-24 16:46:00,392.76
2011-11-24 16:51:00,159.23
2011-11-24 16:54:00,93.78
2011-11-24 16:59:00,247.06
2011-11-24 17:02:00,427.08000000000004
2011-11-24 17:06:00,1060.25
2011-11-24 17:10:00,137.97
2011-11-24 17:11:00,195.0
2011-11-24 17:29:00,4.949999999999999
2011-11-24 17:32:00,66.0
2011-11-24 17:43:00,40.199999999999996
2011-11-24 18:05:00,39.480000000000004
2011-11-24 18:13:00,738.96
2011-11-24 19:07:00,154.48000000000002
2011-11-24 19:30:00,187.14000000000001
2011-11-24 19:59:00,462.76
2011-11-25 08:12:00,348.1
2011-11-25 08:23:00,239.66000000000003
2011-11-25 08:41:00,302.34
2011-11-25 08:55:00,1114.56
2011-11-25 08:59:00,35.400000000000006
2011-11-25 09:07:00,440.64
2011-11-25 09:18:00,362.95
2011-11-25 09:23:00,318.17
2011-11-25 09:27:00,292.67
2011-11-25 09:31:00,353.61
2011-11-25 09:36:00,138.55
2011-11-25 09:40:00,234.24
2011-11-25 09:42:00,36.8
2011-11-25 10:02:00,721.34
2011-11-25 10:03:00,337.4
2011-11-25 10:20:00,400.09
2011-11-25 10:22:00,336.96
2011-11-25 10:52:00,443.18
2011-11-25 10:58:00,1245.81
2011-11-25 11:02:00,261.11
2011-11-25 11:12:00,533.22
2011-11-25 11:20:00,376.02
2011-11-25 11:21:00,56.6
2011-11-25 11:25:00,177.61
2011-11-25 11:33:00,706.5
2011-11-25 11:36:00,37.800000000000004
2011-11-25 11:41:00,420.41
2011-11-25 11:54:00,358.83
2011-11-25 11:55:00,2.1
2011-11-25 11:58:00,364.13
2011-11-25 12:01:00,345.9
2011-11-25 12:02:00,196.85
2011-11-25 12:10:00,232.65
2011-11-25 12:17:00,320.6
2011-11-25 12:20:00,608.4
2011-11-25 12:21:00,1909.6200000000001
2011-11-25 12:24:00,208.04
2011-11-25 12:29:00,308.86
2011-11-25 12:52:00,107.0
2011-11-25 12:57:00,498.44
2011-11-25 13:09:00,543.4399999999999
2011-11-25 13:10:00,331.52
2011-11-25 13:23:00,1132.69
2011-11-25 13:27:00,208.70000000000002
2011-11-25 13:28:00,2016.78
2011-11-25 13:30:00,350.9
2011-11-25 13:33:00,100.9
2011-11-25 13:40:00,266.1
2011-11-25 13:42:00,308.64
2011-11-25 13:44:00,397.35
2011-11-25 13:45:00,275.62
2011-11-25 13:47:00,136.04
2011-11-25 13:52:00,790.06
2011-11-25 13:58:00,400.08000000000004
2011-11-25 13:59:00,441.0
2011-11-25 14:00:00,459.82
2011-11-25 14:02:00,289.1
2011-11-25 14:21:00,165.70000000000002
2011-11-25 14:24:00,279.75
2011-11-25 14:53:00,54.81
2011-11-25 14:58:00,182.15
2011-11-25 15:15:00,408.0
2011-11-25 15:32:00,524.74
2011-11-25 15:44:00,153.72
2011-11-25 15:47:00,156.09
2011-11-25 15:57:00,0.0
2011-11-25 16:13:00,202.47
2011-11-25 17:27:00,365.33
2011-11-27 10:34:00,14.11
2011-11-27 10:39:00,187.9
2011-11-27 10:47:00,223.79000000000002
2011-11-27 11:05:00,332.16999999999996
2011-11-27 11:12:00,400.62
2011-11-27 11:15:00,654.0500000000001
2011-11-27 11:18:00,746.01
2011-11-27 11:22:00,758.3
2011-11-27 11:47:00,267.76
2011-11-27 11:54:00,170.06
2011-11-27 11:57:00,411.6
2011-11-27 12:00:00,218.4
2011-11-27 12:01:00,253.13
2011-11-27 12:10:00,307.90999999999997
2011-11-27 12:13:00,426.37
2011-11-27 12:24:00,528.71
2011-11-27 12:26:00,424.57
2011-11-27 12:29:00,687.86
2011-11-27 12:31:00,277.16
2011-11-27 12:40:00,261.71
2011-11-27 12:47:00,394.67
2011-11-27 12:52:00,316.14
2011-11-27 13:00:00,506.61
2011-11-27 13:03:00,440.98
2011-11-27 13:07:00,25.200000000000003
2011-11-27 13:14:00,168.34
2011-11-27 13:26:00,251.24
2011-11-27 13:29:00,555.99
2011-11-27 13:35:00,348.84000000000003
2011-11-27 13:41:00,171.48
2011-11-27 13:47:00,271.66
2011-11-27 13:49:00,534.58
2011-11-27 14:25:00,209.5
2011-11-27 14:30:00,336.17
2011-11-27 14:40:00,689.4200000000001
2011-11-27 14:43:00,156.05
2011-11-27 14:50:00,208.71
2011-11-27 15:02:00,133.68
2011-11-27 15:18:00,464.77
2011-11-27 15:38:00,363.1
2011-11-27 15:44:00,829.91
2011-11-27 15:59:00,599.62
2011-11-27 16:02:00,332.96
2011-11-27 16:05:00,263.21
2011-11-27 16:08:00,230.89
2011-11-27 16:18:00,31.3
2011-11-27 16:19:00,470.9
2011-11-27 16:27:00,442.85
2011-11-28 08:48:00,231.95
2011-11-28 09:08:00,520.2
2011-11-28 09:11:00,163.68
2011-11-28 09:12:00,389.28
2011-11-28 09:14:00,39.0
2011-11-28 09:31:00,103.6
2011-11-28 09:40:00,307.56
2011-11-28 09:43:00,164.93
2011-11-28 09:48:00,317.1
2011-11-28 09:53:00,552.48
2011-11-28 09:54:00,42.96
2011-11-28 09:55:00,387.78
2011-11-28 10:02:00,130.05
2011-11-28 10:20:00,295.43
2011-11-28 10:23:00,843.02
2011-11-28 10:29:00,291.95
2011-11-28 10:31:00,1236.78
2011-11-28 10:35:00,305.38
2011-11-28 10:46:00,111.11
2011-11-28 10:49:00,809.12
2011-11-28 10:54:00,2123.92
2011-11-28 10:56:00,882.6800000000001
2011-11-28 11:00:00,41.01
2011-11-28 11:07:00,350.92
2011-11-28 11:11:00,512.81
2011-11-28 11:18:00,192.2
2011-11-28 11:26:00,198.4
2011-11-28 11:27:00,704.93
2011-11-28 11:33:00,805.6
2011-11-28 11:39:00,267.4
2011-11-28 11:42:00,1080.48
2011-11-28 11:43:00,16.5
2011-11-28 11:44:00,69.36
2011-11-28 11:45:00,34.8
2011-11-28 11:54:00,193.03
2011-11-28 12:01:00,91.06
2011-11-28 12:05:00,309.82
2011-11-28 12:08:00,139.6
2011-11-28 12:14:00,507.08
2011-11-28 12:19:00,794.13
2011-11-28 12:30:00,161.39999999999998
2011-11-28 12:31:00,44.35
2011-11-28 12:32:00,163.01999999999998
2011-11-28 12:33:00,566.76
2011-11-28 12:35:00,223.56
2011-11-28 12:36:00,69.99
2011-11-28 12:38:00,499.56
2011-11-28 12:44:00,288.44
2011-11-28 12:45:00,316.93
2011-11-28 12:51:00,15.0
2011-11-28 12:54:00,313.14
2011-11-28 12:55:00,286.08
2011-11-28 13:06:00,559.68
2011-11-28 13:08:00,265.24
2011-11-28 13:11:00,485.96
2011-11-28 13:13:00,718.05
2011-11-28 13:14:00,443.36
2011-11-28 13:20:00,312.65
2011-11-28 13:21:00,361.62
2011-11-28 13:25:00,745.32
2011-11-28 13:26:00,772.3
2011-11-28 13:27:00,218.96
2011-11-28 13:37:00,113.42
2011-11-28 13:47:00,304.94
2011-11-28 13:51:00,213.3
2011-11-28 13:53:00,461.55
2011-11-28 13:54:00,58.4
2011-11-28 13:56:00,404.66
2011-11-28 13:58:00,300.02
2011-11-28 13:59:00,730.08
2011-11-28 14:00:00,242.04000000000002
2011-11-28 14:01:00,217.81
2011-11-28 14:02:00,264.53000000000003
2011-11-28 14:06:00,1201.49
2011-11-28 14:12:00,546.04
2011-11-28 14:26:00,188.54000000000002
2011-11-28 14:30:00,371.74
2011-11-28 14:37:00,127.86
2011-11-28 14:39:00,630.7
2011-11-28 14:44:00,280.46
2011-11-28 14:53:00,705.9000000000001
2011-11-28 15:02:00,71.09
2011-11-28 15:09:00,621.6
2011-11-28 15:10:00,208.79999999999998
2011-11-28 15:15:00,178.4
2011-11-28 15:16:00,481.68
2011-11-28 15:17:00,301.20000000000005
2011-11-28 15:28:00,114.60000000000001
2011-11-28 15:34:00,1443.52
2011-11-28 15:35:00,707.12
2011-11-28 15:47:00,491.12
2011-11-28 15:50:00,206.32999999999998
2011-11-28 15:54:00,8107.72
2011-11-28 16:01:00,136.0
2011-11-28 16:32:00,1147.2
2011-11-28 16:35:00,279.05
2011-11-28 16:39:00,3821.36
2011-11-28 16:47:00,1034.4
2011-11-28 16:54:00,230.39999999999998
2011-11-28 17:05:00,301.32
2011-11-28 17:09:00,194.82
2011-11-29 08:07:00,247.32
2011-11-29 08:14:00,336.40000000000003
2011-11-29 08:21:00,301.29
2011-11-29 08:40:00,262.5
2011-11-29 08:41:00,257.4
2011-11-29 09:10:00,313.8
2011-11-29 09:13:00,93.84000000000002
2011-11-29 09:14:00,29.88
2011-11-29 09:15:00,102.76
2011-11-29 09:42:00,1144.75
2011-11-29 09:47:00,300.16
2011-11-29 09:48:00,213.96
2011-11-29 09:50:00,246.3
2011-11-29 09:56:00,2586.6899999999996
2011-11-29 10:00:00,306.36
2011-11-29 10:01:00,301.25
2011-11-29 10:10:00,93.0
2011-11-29 10:18:00,197.10000000000002
2011-11-29 10:23:00,351.52
2011-11-29 10:33:00,107.9
2011-11-29 10:36:00,227.20000000000002
2011-11-29 10:41:00,127.76
2011-11-29 10:45:00,931.7
2011-11-29 10:52:00,3337.44
2011-11-29 10:56:00,160.35
2011-11-29 10:57:00,156.47
2011-11-29 10:58:00,152.32
2011-11-29 11:05:00,26.3
2011-11-29 11:22:00,216.75
2011-11-29 11:30:00,374.9
2011-11-29 11:32:00,293.15
2011-11-29 11:34:00,447.74
2011-11-29 11:40:00,164.57
2011-11-29 11:41:00,308.22
2011-11-29 11:45:00,337.28000000000003
2011-11-29 11:46:00,643.0
2011-11-29 11:48:00,807.68
2011-11-29 11:50:00,214.45000000000002
2011-11-29 11:52:00,194.54999999999998
2011-11-29 11:54:00,12.48
2011-11-29 12:06:00,137.07
2011-11-29 12:07:00,1057.66
2011-11-29 12:09:00,460.83
2011-11-29 12:10:00,696.8000000000001
2011-11-29 12:12:00,424.83000000000004
2011-11-29 12:14:00,348.35
2011-11-29 12:15:00,436.1
2011-11-29 12:21:00,275.85
2011-11-29 12:22:00,367.78000000000003
2011-11-29 12:27:00,304.9
2011-11-29 12:32:00,229.8
2011-11-29 12:34:00,584.14
2011-11-29 12:38:00,6.95
2011-11-29 12:45:00,64.56
2011-11-29 12:46:00,160.93
2011-11-29 12:47:00,333.92
2011-11-29 12:50:00,424.29
2011-11-29 12:52:00,390.37
2011-11-29 13:00:00,604.86
2011-11-29 13:01:00,94.02
2011-11-29 13:04:00,231.18
2011-11-29 13:06:00,198.33
2011-11-29 13:12:00,282.18
2011-11-29 13:15:00,302.87
2011-11-29 13:17:00,308.55
2011-11-29 13:20:00,43.5
2011-11-29 13:21:00,37.92
2011-11-29 13:22:00,31.85
2011-11-29 13:29:00,298.48
2011-11-29 13:32:00,471.98
2011-11-29 13:33:00,281.9
2011-11-29 13:37:00,262.8
2011-11-29 13:40:00,465.62
2011-11-29 13:41:00,183.6
2011-11-29 13:43:00,528.48
2011-11-29 13:46:00,636.46
2011-11-29 13:49:00,4.68
2011-11-29 13:57:00,251.0
2011-11-29 13:59:00,1205.1
2011-11-29 14:00:00,225.0
2011-11-29 14:03:00,108.74
2011-11-29 14:08:00,70.81
2011-11-29 14:14:00,318.8
2011-11-29 14:20:00,535.1700000000001
2011-11-29 14:38:00,661.11
2011-11-29 14:42:00,1039.09
2011-11-29 14:43:00,310.78
2011-11-29 14:51:00,179.7
2011-11-29 14:53:00,220.85
2011-11-29 14:57:00,593.51
2011-11-29 14:58:00,239.71
2011-11-29 15:00:00,179.0
2011-11-29 15:06:00,1079.27
2011-11-29 15:09:00,287.88
2011-11-29 15:17:00,392.06
2011-11-29 15:22:00,129.15
2011-11-29 15:23:00,1018.19
2011-11-29 15:24:00,344.62
2011-11-29 15:33:00,30.0
2011-11-29 15:34:00,327.48
2011-11-29 15:39:00,133.5
2011-11-29 15:52:00,3651.6
2011-11-29 15:59:00,574.98
2011-11-29 16:16:00,2075.81
2011-11-29 16:23:00,170.74
2011-11-29 16:31:00,583.08
2011-11-29 16:32:00,261.68
2011-11-29 16:44:00,875.83
2011-11-29 16:45:00,23.4
2011-11-29 17:03:00,123.15
2011-11-29 17:12:00,283.64
2011-11-29 17:23:00,370.13
2011-11-29 17:52:00,775.22
2011-11-29 18:02:00,34.120000000000005
2011-11-29 18:05:00,78.22
2011-11-29 18:14:00,186.68
2011-11-30 08:04:00,284.38
2011-11-30 08:08:00,729.6
2011-11-30 08:17:00,302.56
2011-11-30 08:23:00,1288.6399999999999
2011-11-30 08:38:00,170.16
2011-11-30 08:43:00,441.04
2011-11-30 08:44:00,119.0
2011-11-30 08:50:00,531.21
2011-11-30 09:00:00,288.36
2011-11-30 09:18:00,588.42
2011-11-30 09:24:00,329.85
2011-11-30 09:33:00,38.160000000000004
2011-11-30 09:50:00,353.40000000000003
2011-11-30 09:53:00,968.9
2011-11-30 10:04:00,1239.38
2011-11-30 10:06:00,350.97
2011-11-30 10:11:00,434.8
2011-11-30 10:12:00,287.64
2011-11-30 10:13:00,107.6
2011-11-30 10:14:00,16.66
2011-11-30 10:15:00,314.73
2011-11-30 10:18:00,931.46
2011-11-30 10:44:00,181.45
2011-11-30 10:45:00,163.22
2011-11-30 10:48:00,569.09
2011-11-30 10:49:00,450.40000000000003
2011-11-30 10:54:00,1549.17
2011-11-30 11:08:00,609.4
2011-11-30 11:17:00,126.66
2011-11-30 11:24:00,737.8000000000001
2011-11-30 11:30:00,169.20000000000002
2011-11-30 11:31:00,171.63
2011-11-30 11:32:00,149.01
2011-11-30 11:48:00,229.27
2011-11-30 11:49:00,329.4
2011-11-30 12:00:00,402.22
2011-11-30 12:01:00,295.90999999999997
2011-11-30 12:06:00,8.5
2011-11-30 12:10:00,117.54
2011-11-30 12:15:00,375.48
2011-11-30 12:16:00,248.17000000000002
2011-11-30 12:18:00,163.85
2011-11-30 12:31:00,428.73
2011-11-30 12:32:00,520.94
2011-11-30 12:36:00,449.24
2011-11-30 12:38:00,160.18
2011-11-30 12:41:00,1897.04
2011-11-30 12:59:00,223.60999999999999
2011-11-30 13:05:00,155.7
2011-11-30 13:08:00,327.51
2011-11-30 13:13:00,300.5
2011-11-30 13:14:00,173.81
2011-11-30 13:22:00,320.04
2011-11-30 13:29:00,105.05
2011-11-30 13:45:00,84.24000000000001
2011-11-30 13:46:00,311.97
2011-11-30 13:48:00,249.60000000000002
2011-11-30 13:50:00,273.0
2011-11-30 14:00:00,143.09
2011-11-30 14:03:00,141.72
2011-11-30 14:05:00,2843.29
2011-11-30 14:09:00,206.45
2011-11-30 14:16:00,506.96000000000004
2011-11-30 14:17:00,264.2
2011-11-30 14:21:00,2.88
2011-11-30 14:33:00,163.59
2011-11-30 14:40:00,371.6
2011-11-30 14:41:00,753.1
2011-11-30 14:42:00,448.45
2011-11-30 14:52:00,366.23
2011-11-30 15:02:00,363.88
2011-11-30 15:08:00,482.96000000000004
2011-11-30 15:16:00,80.85000000000001
2011-11-30 15:27:00,1371.6
2011-11-30 15:31:00,307.79999999999995
2011-11-30 15:36:00,105.35
2011-11-30 15:38:00,56.0
2011-11-30 15:43:00,1319.16
2011-11-30 15:50:00,315.66
2011-11-30 15:58:00,371.56
2011-11-30 16:09:00,200.04
2011-11-30 16:18:00,991.1999999999999
2011-11-30 16:19:00,109.6
2011-11-30 16:21:00,1348.5800000000002
2011-11-30 16:22:00,427.64
2011-11-30 16:23:00,220.57999999999998
2011-11-30 16:26:00,271.75
2011-11-30 16:39:00,109.68
2011-11-30 16:41:00,789.9
2011-11-30 16:43:00,328.32
2011-11-30 16:47:00,292.40999999999997
2011-11-30 16:54:00,278.82
2011-11-30 17:22:00,905.52
2011-11-30 17:37:00,1075.36
2011-12-01 08:33:00,251.59
2011-12-01 08:34:00,333.05
2011-12-01 08:35:00,208.19
2011-12-01 08:52:00,367.75
2011-12-01 08:57:00,402.96
2011-12-01 08:58:00,99.60000000000001
2011-12-01 09:02:00,352.56
2011-12-01 09:03:00,487.91999999999996
2011-12-01 09:06:00,302.28
2011-12-01 09:20:00,487.68
2011-12-01 10:07:00,780.0
2011-12-01 10:10:00,98.10000000000001
2011-12-01 10:18:00,1440.41
2011-12-01 10:20:00,325.63
2011-12-01 10:31:00,414.48
2011-12-01 10:33:00,367.39000000000004
2011-12-01 10:38:00,373.74
2011-12-01 10:44:00,218.94
2011-12-01 10:45:00,16.5
2011-12-01 11:00:00,283.81
2011-12-01 11:10:00,498.43999999999994
2011-12-01 11:12:00,107.42
2011-12-01 11:16:00,136.85
2011-12-01 11:18:00,2251.51
2011-12-01 11:20:00,635.83
2011-12-01 11:38:00,112.75999999999999
2011-12-01 11:43:00,351.15
2011-12-01 11:44:00,78.48
2011-12-01 11:45:00,360.3
2011-12-01 11:51:00,376.1
2011-12-01 11:53:00,241.97
2011-12-01 11:59:00,308.15999999999997
2011-12-01 12:01:00,420.12
2011-12-01 12:11:00,154.45000000000002
2011-12-01 12:13:00,385.30000000000007
2011-12-01 12:14:00,312.29
2011-12-01 12:16:00,151.02
2011-12-01 12:17:00,149.4
2011-12-01 12:18:00,270.40000000000003
2011-12-01 12:25:00,270.61
2011-12-01 12:36:00,334.39
2011-12-01 12:39:00,355.38
2011-12-01 12:42:00,315.61
2011-12-01 12:44:00,67.92999999999999
2011-12-01 12:53:00,139.03
2011-12-01 12:54:00,337.19
2011-12-01 12:55:00,354.65
2011-12-01 13:03:00,616.3199999999999
2011-12-01 13:08:00,441.76
2011-12-01 13:12:00,637.6
2011-12-01 13:18:00,460.3
2011-12-01 13:19:00,633.53
2011-12-01 13:22:00,861.85
2011-12-01 13:25:00,93.35
2011-12-01 13:27:00,759.3000000000001
2011-12-01 13:28:00,173.15
2011-12-01 13:29:00,1562.4
2011-12-01 13:32:00,255.34
2011-12-01 13:33:00,540.77
2011-12-01 13:40:00,385.79999999999995
2011-12-01 13:41:00,41.25
2011-12-01 13:47:00,570.77
2011-12-01 14:03:00,148.54
2011-12-01 14:06:00,114.7
2011-12-01 14:09:00,231.27
2011-12-01 14:14:00,180.84
2011-12-01 14:17:00,304.7
2011-12-01 14:30:00,224.68
2011-12-01 14:34:00,464.11
2011-12-01 14:36:00,157.75
2011-12-01 14:37:00,194.13
2011-12-01 14:38:00,1121.79
2011-12-01 14:41:00,59.1
2011-12-01 14:50:00,164.68
2011-12-01 14:54:00,303.0
2011-12-01 14:55:00,545.78
2011-12-01 14:58:00,448.31
2011-12-01 15:05:00,345.53000000000003
2011-12-01 15:11:00,113.88000000000001
2011-12-01 15:12:00,1155.6100000000001
2011-12-01 15:13:00,441.84000000000003
2011-12-01 15:24:00,520.66
2011-12-01 15:28:00,339.02000000000004
2011-12-01 15:32:00,311.0
2011-12-01 15:42:00,617.25
2011-12-01 15:46:00,322.74
2011-12-01 15:47:00,72.24
2011-12-01 15:55:00,1171.4
2011-12-01 15:56:00,300.84000000000003
2011-12-01 16:05:00,712.04
2011-12-01 16:28:00,1637.6
2011-12-01 16:31:00,393.91999999999996
2011-12-01 16:37:00,187.78
2011-12-01 16:38:00,277.02
2011-12-01 17:07:00,890.0
2011-12-01 17:16:00,313.5
2011-12-01 17:20:00,654.37
2011-12-01 17:51:00,309.2
2011-12-01 17:56:00,395.0
2011-12-01 18:03:00,634.21
2011-12-01 18:07:00,122.46000000000001
2011-12-01 18:16:00,464.88
2011-12-01 18:43:00,485.13
2011-12-01 19:24:00,308.06
2011-12-01 19:33:00,130.29
2011-12-01 19:42:00,633.38
2011-12-01 19:54:00,486.95
2011-12-02 08:55:00,188.76
2011-12-02 09:10:00,157.54000000000002
2011-12-02 09:19:00,849.24
2011-12-02 09:22:00,25.200000000000003
2011-12-02 09:23:00,51.18
2011-12-02 09:32:00,323.52
2011-12-02 09:53:00,179.39999999999998
2011-12-02 10:07:00,713.78
2011-12-02 10:15:00,5.45
2011-12-02 10:21:00,168.48000000000002
2011-12-02 10:22:00,310.32
2011-12-02 10:23:00,1436.93
2011-12-02 10:24:00,67.0
2011-12-02 10:30:00,429.06000000000006
2011-12-02 10:32:00,620.0600000000001
2011-12-02 10:35:00,22.939999999999998
2011-12-02 10:41:00,269.96
2011-12-02 10:45:00,77.50000000000001
2011-12-02 10:47:00,1314.75
2011-12-02 10:52:00,213.1
2011-12-02 11:12:00,273.78000000000003
2011-12-02 11:16:00,686.4
2011-12-02 11:21:00,312.64
2011-12-02 11:28:00,989.08
2011-12-02 11:38:00,81.36
2011-12-02 11:39:00,720.0
2011-12-02 11:43:00,207.2
2011-12-02 11:45:00,62.5
2011-12-02 11:49:00,388.36
2011-12-02 11:50:00,24.96
2011-12-02 11:53:00,1852.68
2011-12-02 12:02:00,1213.03
2011-12-02 12:03:00,311.58
2011-12-02 12:07:00,156.4
2011-12-02 12:08:00,154.97
2011-12-02 12:10:00,42.36
2011-12-02 12:13:00,312.1
2011-12-02 12:17:00,360.0
2011-12-02 12:19:00,1187.2
2011-12-02 12:24:00,567.37
2011-12-02 12:26:00,92.5
2011-12-02 12:28:00,672.8
2011-12-02 12:32:00,189.18
2011-12-02 12:36:00,386.34000000000003
2011-12-02 12:40:00,78.45
2011-12-02 12:42:00,370.94
2011-12-02 12:46:00,232.0
2011-12-02 12:47:00,144.0
2011-12-02 12:52:00,522.41
2011-12-02 12:59:00,230.02
2011-12-02 13:02:00,121.11000000000001
2011-12-02 13:11:00,174.37
2011-12-02 13:12:00,1129.84
2011-12-02 13:15:00,516.8199999999999
2011-12-02 13:17:00,201.85999999999999
2011-12-02 13:20:00,309.84
2011-12-02 13:21:00,252.10999999999999
2011-12-02 13:22:00,85.1
2011-12-02 13:28:00,301.71
2011-12-02 13:29:00,129.17000000000002
2011-12-02 13:32:00,844.78
2011-12-02 13:35:00,202.85
2011-12-02 13:36:00,538.46
2011-12-02 13:37:00,264.99
2011-12-02 13:38:00,79.56
2011-12-02 13:46:00,271.99
2011-12-02 13:49:00,357.52
2011-12-02 13:52:00,3404.0
2011-12-02 13:54:00,459.86
2011-12-02 13:58:00,310.93
2011-12-02 14:02:00,13.950000000000001
2011-12-02 14:11:00,192.07999999999998
2011-12-02 14:16:00,16.5
2011-12-02 14:18:00,135.0
2011-12-02 14:25:00,863.77
2011-12-02 14:26:00,385.56
2011-12-02 14:29:00,435.0
2011-12-02 14:30:00,283.1
2011-12-02 14:46:00,433.12
2011-12-02 14:47:00,35.400000000000006
2011-12-02 14:48:00,894.25
2011-12-02 15:11:00,20.11
2011-12-02 15:22:00,40.8
2011-12-02 15:25:00,660.8399999999999
2011-12-02 15:29:00,584.52
2011-12-02 15:39:00,939.5500000000001
2011-12-02 15:40:00,462.5
2011-12-02 15:41:00,50.400000000000006
2011-12-02 15:48:00,418.0
2011-12-02 15:53:00,204.0
2011-12-02 15:55:00,95.85000000000001
2011-12-02 16:04:00,411.32
2011-12-02 16:06:00,15.0
2011-12-02 16:07:00,1446.93
2011-12-02 16:14:00,515.7
2011-12-02 16:25:00,15.0
2011-12-02 16:30:00,247.10000000000002
2011-12-02 16:32:00,2685.0
2011-12-02 16:34:00,234.88
2011-12-02 16:39:00,39.599999999999994
2011-12-02 16:46:00,209.52000000000004
2011-12-02 16:56:00,104.0
2011-12-02 17:04:00,110.73
2011-12-02 17:06:00,310.99
2011-12-02 17:12:00,492.85
2011-12-02 17:13:00,507.12
2011-12-04 10:10:00,331.28
2011-12-04 10:11:00,283.54
2011-12-04 10:29:00,305.29
2011-12-04 10:30:00,138.35
2011-12-04 10:35:00,297.73
2011-12-04 10:51:00,149.81
2011-12-04 10:53:00,207.76
2011-12-04 10:56:00,339.45
2011-12-04 11:00:00,212.14
2011-12-04 11:24:00,122.67999999999999
2011-12-04 11:32:00,75.84
2011-12-04 11:45:00,892.94
2011-12-04 11:50:00,550.96
2011-12-04 11:55:00,659.65
2011-12-04 11:56:00,763.72
2011-12-04 12:01:00,285.44
2011-12-04 12:02:00,262.68
2011-12-04 12:08:00,240.67
2011-12-04 12:13:00,163.62
2011-12-04 12:14:00,486.22
2011-12-04 12:17:00,389.3
2011-12-04 12:18:00,229.16
2011-12-04 12:29:00,52.09
2011-12-04 12:31:00,118.53999999999999
2011-12-04 12:32:00,264.91
2011-12-04 12:44:00,421.87
2011-12-04 12:48:00,635.6800000000001
2011-12-04 12:52:00,1067.33
2011-12-04 13:00:00,499.99
2011-12-04 13:15:00,411.44
2011-12-04 13:20:00,156.5
2011-12-04 13:32:00,675.42
2011-12-04 13:34:00,309.1
2011-12-04 13:45:00,361.35
2011-12-04 13:54:00,697.7
2011-12-04 13:55:00,389.62
2011-12-04 13:59:00,382.96
2011-12-04 14:01:00,334.7
2011-12-04 14:09:00,113.32000000000001
2011-12-04 14:15:00,292.96
2011-12-04 14:40:00,557.2
2011-12-04 14:45:00,442.3
2011-12-04 14:55:00,436.82
2011-12-04 15:00:00,411.65
2011-12-04 15:13:00,164.68
2011-12-04 15:16:00,231.99999999999997
2011-12-04 15:18:00,593.75
2011-12-04 15:19:00,374.37
2011-12-04 15:28:00,773.54
2011-12-04 15:35:00,124.01
2011-12-04 15:38:00,118.5
2011-12-04 15:47:00,92.55000000000001
2011-12-04 15:54:00,587.9200000000001
2011-12-04 15:55:00,96.3
2011-12-04 16:02:00,334.36
2011-12-04 16:07:00,462.3
2011-12-05 08:38:00,316.78
2011-12-05 08:39:00,310.73
2011-12-05 08:49:00,404.83
2011-12-05 09:03:00,778.04
2011-12-05 09:04:00,52.019999999999996
2011-12-05 09:11:00,578.72
2011-12-05 09:15:00,391.46000000000004
2011-12-05 09:16:00,252.25
2011-12-05 09:41:00,69.0
2011-12-05 10:00:00,369.44
2011-12-05 10:09:00,194.98
2011-12-05 10:14:00,615.28
2011-12-05 10:15:00,286.8
2011-12-05 10:18:00,633.8
2011-12-05 10:19:00,273.8
2011-12-05 10:24:00,202.95000000000002
2011-12-05 10:38:00,484.1
2011-12-05 11:01:00,304.40999999999997
2011-12-05 11:05:00,323.1
2011-12-05 11:11:00,325.74
2011-12-05 11:13:00,151.01
2011-12-05 11:29:00,116.84
2011-12-05 11:31:00,380.6
2011-12-05 11:38:00,60.400000000000006
2011-12-05 11:39:00,434.92
2011-12-05 11:49:00,363.79
2011-12-05 12:03:00,755.12
2011-12-05 12:04:00,52.74000000000001
2011-12-05 12:05:00,1854.83
2011-12-05 12:08:00,219.19
2011-12-05 12:09:00,247.06
2011-12-05 12:11:00,535.1
2011-12-05 12:13:00,110.86
2011-12-05 12:16:00,764.34
2011-12-05 12:28:00,178.04
2011-12-05 12:29:00,297.48
2011-12-05 12:30:00,513.99
2011-12-05 12:33:00,449.92
2011-12-05 12:40:00,167.8
2011-12-05 12:44:00,147.01
2011-12-05 12:46:00,102.13
2011-12-05 12:51:00,186.8
2011-12-05 12:55:00,108.46000000000001
2011-12-05 12:59:00,326.05
2011-12-05 13:10:00,349.02
2011-12-05 13:11:00,1931.6
2011-12-05 13:13:00,1048.0
2011-12-05 13:14:00,446.57
2011-12-05 13:15:00,215.25
2011-12-05 13:30:00,353.78
2011-12-05 13:32:00,102.99000000000001
2011-12-05 13:33:00,2430.08
2011-12-05 13:34:00,775.84
2011-12-05 13:37:00,112.66
2011-12-05 13:39:00,22.049999999999997
2011-12-05 13:40:00,235.57
2011-12-05 13:43:00,300.54
2011-12-05 13:44:00,224.04000000000002
2011-12-05 13:46:00,156.1
2011-12-05 13:49:00,918.1600000000001
2011-12-05 13:52:00,108.69
2011-12-05 13:58:00,479.58
2011-12-05 14:01:00,12.5
2011-12-05 14:03:00,248.08
2011-12-05 14:06:00,5483.58
2011-12-05 14:19:00,175.53
2011-12-05 14:23:00,5.48
2011-12-05 14:25:00,1352.48
2011-12-05 14:26:00,589.26
2011-12-05 14:29:00,303.29
2011-12-05 14:30:00,3705.48
2011-12-05 14:35:00,1186.48
2011-12-05 14:39:00,117.97999999999999
2011-12-05 14:40:00,530.05
2011-12-05 14:49:00,438.48
2011-12-05 14:51:00,591.01
2011-12-05 15:01:00,111.36
2011-12-05 15:02:00,186.12
2011-12-05 15:15:00,213.16
2011-12-05 15:16:00,347.6
2011-12-05 15:38:00,543.99
2011-12-05 15:43:00,328.95
2011-12-05 15:44:00,90.04
2011-12-05 15:48:00,348.8
2011-12-05 15:51:00,187.71
2011-12-05 15:59:00,128.76
2011-12-05 16:00:00,240.32
2011-12-05 16:03:00,397.26
2011-12-05 16:04:00,189.3
2011-12-05 16:05:00,541.33
2011-12-05 16:23:00,89.94
2011-12-05 16:26:00,238.0
2011-12-05 16:28:00,712.48
2011-12-05 16:31:00,85.0
2011-12-05 16:37:00,414.98
2011-12-05 16:48:00,168.9
2011-12-05 16:52:00,507.55
2011-12-05 16:53:00,30.0
2011-12-05 16:54:00,534.96
2011-12-05 16:55:00,354.18
2011-12-05 16:57:00,332.58000000000004
2011-12-05 17:06:00,147.56
2011-12-05 17:09:00,494.62
2011-12-05 17:13:00,300.21999999999997
2011-12-05 17:17:00,8935.98
2011-12-05 17:21:00,158.36
2011-12-05 17:36:00,199.29
2011-12-06 08:37:00,205.94
2011-12-06 08:46:00,718.4300000000001
2011-12-06 08:52:00,587.85
2011-12-06 08:55:00,375.59000000000003
2011-12-06 09:05:00,394.06
2011-12-06 09:06:00,319.08000000000004
2011-12-06 09:30:00,1225.0
2011-12-06 09:31:00,1761.16
2011-12-06 09:32:00,145.0
2011-12-06 09:35:00,200.45000000000002
2011-12-06 09:56:00,1444.05
2011-12-06 10:00:00,636.63
2011-12-06 10:16:00,82.8
2011-12-06 10:19:00,77.28
2011-12-06 10:27:00,497.11
2011-12-06 10:28:00,31.2
2011-12-06 10:30:00,777.86
2011-12-06 10:36:00,791.0400000000001
2011-12-06 10:41:00,61.199999999999996
2011-12-06 10:58:00,203.1
2011-12-06 11:00:00,41.989999999999995
2011-12-06 11:05:00,411.22
2011-12-06 11:06:00,153.45000000000002
2011-12-06 11:07:00,82.04
2011-12-06 11:24:00,309.22
2011-12-06 11:28:00,430.70000000000005
2011-12-06 11:30:00,312.62
2011-12-06 11:32:00,3.2
2011-12-06 11:33:00,114.61
2011-12-06 11:38:00,101.09
2011-12-06 11:39:00,897.35
2011-12-06 11:41:00,202.87
2011-12-06 11:51:00,109.75
2011-12-06 11:53:00,179.5
2011-12-06 11:58:00,336.43
2011-12-06 12:02:00,208.0
2011-12-06 12:06:00,3895.8599999999997
2011-12-06 12:09:00,557.44
2011-12-06 12:11:00,730.38
2011-12-06 12:12:00,125.16000000000001
2011-12-06 12:15:00,221.87
2011-12-06 12:18:00,608.99
2011-12-06 12:19:00,854.36
2011-12-06 12:20:00,102.80000000000001
2011-12-06 12:21:00,669.67
2011-12-06 12:23:00,356.40000000000003
2011-12-06 12:26:00,482.34000000000003
2011-12-06 12:27:00,29.419999999999998
2011-12-06 12:28:00,521.12
2011-12-06 12:30:00,302.04
2011-12-06 12:38:00,172.21
2011-12-06 12:41:00,417.0
2011-12-06 12:45:00,244.41
2011-12-06 12:50:00,569.12
2011-12-06 12:56:00,230.06
2011-12-06 12:59:00,429.36
2011-12-06 13:02:00,106.53
2011-12-06 13:10:00,339.48
2011-12-06 13:13:00,456.37
2011-12-06 13:20:00,437.9
2011-12-06 13:27:00,330.28000000000003
2011-12-06 13:29:00,1363.2000000000003
2011-12-06 13:30:00,337.75
2011-12-06 13:42:00,167.63
2011-12-06 13:45:00,224.31
2011-12-06 14:13:00,475.58000000000004
2011-12-06 14:14:00,476.36
2011-12-06 14:22:00,172.06
2011-12-06 14:23:00,974.01
2011-12-06 14:30:00,176.17
2011-12-06 14:31:00,366.77
2011-12-06 14:35:00,140.6
2011-12-06 14:40:00,194.71
2011-12-06 14:49:00,390.09000000000003
2011-12-06 14:50:00,445.27
2011-12-06 14:52:00,369.73
2011-12-06 14:56:00,138.25
2011-12-06 14:59:00,160.98
2011-12-06 15:10:00,706.64
2011-12-06 15:12:00,210.35000000000002
2011-12-06 15:17:00,307.15000000000003
2011-12-06 15:28:00,61.199999999999996
2011-12-06 15:32:00,124.2
2011-12-06 15:36:00,839.08
2011-12-06 15:40:00,529.04
2011-12-06 15:43:00,662.7
2011-12-06 16:02:00,509.4
2011-12-06 16:21:00,438.58
2011-12-06 16:32:00,295.6
2011-12-06 16:33:00,4414.88
2011-12-06 16:34:00,314.44
2011-12-06 16:35:00,720.0
2011-12-06 16:41:00,178.7
2011-12-06 17:04:00,87.3
2011-12-06 17:12:00,274.8
2011-12-06 17:18:00,168.63
2011-12-06 17:23:00,691.64
2011-12-06 17:26:00,231.93
2011-12-06 17:49:00,184.87
2011-12-07 08:03:00,382.47
2011-12-07 08:07:00,694.77
2011-12-07 08:21:00,425.19
2011-12-07 08:38:00,1273.15
2011-12-07 08:41:00,335.2
2011-12-07 08:45:00,1270.4
2011-12-07 08:55:00,187.92000000000002
2011-12-07 09:02:00,361.79999999999995
2011-12-07 09:18:00,218.53
2011-12-07 09:22:00,221.44
2011-12-07 09:32:00,630.6
2011-12-07 09:34:00,175.5
2011-12-07 09:35:00,518.23
2011-12-07 09:53:00,226.35000000000002
2011-12-07 10:06:00,110.8
2011-12-07 10:09:00,275.76
2011-12-07 10:11:00,204.86
2011-12-07 10:12:00,4949.24
2011-12-07 10:24:00,341.96999999999997
2011-12-07 10:25:00,142.6
2011-12-07 10:43:00,450.8
2011-12-07 10:48:00,396.0
2011-12-07 11:03:00,217.33
2011-12-07 11:06:00,135.0
2011-12-07 11:12:00,301.20000000000005
2011-12-07 11:16:00,193.08
2011-12-07 11:26:00,244.66000000000003
2011-12-07 11:27:00,335.77
2011-12-07 11:35:00,138.67000000000002
2011-12-07 11:36:00,186.4
2011-12-07 11:41:00,1170.0
2011-12-07 11:42:00,1396.96
2011-12-07 11:43:00,242.37
2011-12-07 11:48:00,114.14
2011-12-07 12:11:00,333.02
2011-12-07 12:14:00,8345.2
2011-12-07 12:15:00,2046.0
2011-12-07 12:16:00,204.38
2011-12-07 12:17:00,2326.44
2011-12-07 12:19:00,492.16
2011-12-07 12:20:00,3861.0
2011-12-07 12:21:00,213.48
2011-12-07 12:26:00,378.46
2011-12-07 12:33:00,752.39
2011-12-07 12:34:00,340.39
2011-12-07 12:41:00,194.42
2011-12-07 12:43:00,367.88
2011-12-07 12:45:00,15.0
2011-12-07 12:48:00,864.9399999999999
2011-12-07 12:49:00,125.75
2011-12-07 12:51:00,306.7
2011-12-07 12:55:00,949.41
2011-12-07 13:12:00,194.95000000000002
2011-12-07 13:14:00,561.84
2011-12-07 13:16:00,372.34000000000003
2011-12-07 13:17:00,360.0
2011-12-07 13:21:00,822.6800000000001
2011-12-07 13:23:00,152.75
2011-12-07 13:35:00,315.13
2011-12-07 13:38:00,161.03
2011-12-07 13:46:00,271.1
2011-12-07 13:53:00,1088.69
2011-12-07 14:01:00,245.02
2011-12-07 14:12:00,490.89
2011-12-07 14:34:00,997.49
2011-12-07 14:39:00,318.94
2011-12-07 14:43:00,314.69
2011-12-07 14:52:00,701.86
2011-12-07 14:54:00,612.4
2011-12-07 15:00:00,885.98
2011-12-07 15:02:00,422.85
2011-12-07 15:07:00,586.63
2011-12-07 15:08:00,317.92
2011-12-07 15:16:00,10901.539999999999
2011-12-07 15:19:00,575.88
2011-12-07 15:23:00,183.12
2011-12-07 15:43:00,2238.5099999999998
2011-12-07 15:52:00,224.82
2011-12-07 15:55:00,301.56
2011-12-07 15:56:00,400.58
2011-12-07 16:24:00,258.28
2011-12-07 16:29:00,270.0
2011-12-07 16:39:00,247.8
2011-12-07 16:44:00,598.6
2011-12-07 16:47:00,893.6
2011-12-07 16:56:00,425.69
2011-12-07 17:05:00,396.87
2011-12-07 17:17:00,312.22
2011-12-07 17:22:00,12.48
2011-12-07 17:25:00,331.3
2011-12-08 08:32:00,482.28000000000003
2011-12-08 09:05:00,445.84000000000003
2011-12-08 09:06:00,822.62
2011-12-08 09:23:00,426.12
2011-12-08 09:39:00,302.4
2011-12-08 09:40:00,275.4
2011-12-08 09:46:00,189.20000000000002
2011-12-08 09:47:00,111.83
2011-12-08 09:55:00,657.12
2011-12-08 09:56:00,47.040000000000006
2011-12-08 10:24:00,537.89
2011-12-08 10:26:00,703.0
2011-12-08 10:33:00,196.89
2011-12-08 10:39:00,124.54
2011-12-08 10:40:00,379.51
2011-12-08 10:58:00,343.5
2011-12-08 10:59:00,135.28
2011-12-08 11:02:00,330.48
2011-12-08 11:15:00,115.95
2011-12-08 11:25:00,1188.2
2011-12-08 11:35:00,165.9
2011-12-08 11:36:00,994.77
2011-12-08 11:38:00,139.9
2011-12-08 11:43:00,179.76
2011-12-08 11:53:00,345.5
2011-12-08 11:56:00,329.92
2011-12-08 12:05:00,103.95
2011-12-08 12:07:00,963.89
2011-12-08 12:10:00,318.51
2011-12-08 12:12:00,250.6
2011-12-08 12:15:00,190.18
2011-12-08 12:26:00,157.16
2011-12-08 12:28:00,111.05
2011-12-08 12:29:00,186.47
2011-12-08 12:30:00,93.89999999999999
2011-12-08 12:31:00,158.45999999999998
2011-12-08 12:36:00,3599.4
2011-12-08 12:43:00,406.42
2011-12-08 12:44:00,344.17
2011-12-08 12:50:00,324.98
2011-12-08 12:52:00,194.07
2011-12-08 12:54:00,338.5
2011-12-08 12:57:00,319.45
2011-12-08 13:04:00,266.64
2011-12-08 13:11:00,360.0
2011-12-08 13:15:00,11.8
2011-12-08 13:18:00,123.12
2011-12-08 13:22:00,404.1
2011-12-08 13:25:00,185.89999999999998
2011-12-08 13:26:00,604.3
2011-12-08 13:27:00,200.5
2011-12-08 13:36:00,425.02
2011-12-08 13:43:00,332.76
2011-12-08 13:45:00,403.03
2011-12-08 13:46:00,341.86
2011-12-08 13:47:00,638.38
2011-12-08 13:50:00,368.95
2011-12-08 13:59:00,207.35
2011-12-08 14:14:00,1681.54
2011-12-08 14:15:00,238.3
2011-12-08 14:38:00,1095.95
2011-12-08 14:39:00,680.17
2011-12-08 14:53:00,333.68
2011-12-08 14:58:00,227.39
2011-12-08 15:01:00,295.1
2011-12-08 15:02:00,294.18
2011-12-08 15:03:00,674.25
2011-12-08 15:09:00,433.16
2011-12-08 15:23:00,385.89
2011-12-08 15:24:00,145.7
2011-12-08 15:29:00,154.05
2011-12-08 15:31:00,654.48
2011-12-08 15:36:00,207.70000000000002
2011-12-08 15:37:00,34.68
2011-12-08 15:41:00,113.67
2011-12-08 15:44:00,92.24000000000001
2011-12-08 15:51:00,341.76
2011-12-08 15:54:00,1084.14
2011-12-08 16:10:00,115.46000000000001
2011-12-08 16:18:00,442.90000000000003
2011-12-08 16:22:00,302.86
2011-12-08 16:29:00,346.91999999999996
2011-12-08 16:38:00,349.35
2011-12-08 16:58:00,200.52
2011-12-08 17:12:00,148.4
2011-12-08 17:24:00,207.6
2011-12-08 17:37:00,138.82
2011-12-08 17:54:00,100.66
2011-12-08 17:57:00,388.68
2011-12-08 18:03:00,728.9200000000001
2011-12-08 18:15:00,312.74
2011-12-08 18:22:00,252.23
2011-12-08 18:25:00,652.28
2011-12-08 18:42:00,215.81
2011-12-08 18:43:00,10363.82
2011-12-08 18:45:00,1080.0
2011-12-08 18:46:00,864.0
2011-12-08 18:51:00,150.84
2011-12-08 19:24:00,151.83
2011-12-08 19:28:00,125.65
2011-12-08 19:29:00,199.29
2011-12-08 19:55:00,447.65000000000003
2011-12-08 19:57:00,96.89
2011-12-08 20:01:00,61.55
2011-12-09 08:39:00,280.24
2011-12-09 08:48:00,2618.89
2011-12-09 08:59:00,682.8000000000001
2011-12-09 09:00:00,29.5
2011-12-09 09:07:00,548.0
2011-12-09 09:08:00,488.4
2011-12-09 09:15:00,168469.6
2011-12-09 09:38:00,1149.58
2011-12-09 09:44:00,406.8
2011-12-09 09:45:00,415.6
2011-12-09 09:46:00,171.60000000000002
2011-12-09 10:02:00,19.799999999999997
2011-12-09 10:10:00,208.64000000000001
2011-12-09 10:13:00,339.14
2011-12-09 10:20:00,1802.8700000000001
2011-12-09 10:45:00,103.3
2011-12-09 10:46:00,485.0
2011-12-09 10:51:00,133.35
2011-12-09 11:20:00,200.99
2011-12-09 11:26:00,382.01
2011-12-09 11:34:00,197.09
2011-12-09 11:50:00,469.43999999999994
2011-12-09 11:56:00,389.21000000000004
2011-12-09 11:59:00,224.95000000000002
2011-12-09 12:00:00,494.6
2011-12-09 12:08:00,250.52
2011-12-09 12:09:00,277.08
2011-12-09 12:16:00,848.55
2011-12-09 12:19:00,903.62
2011-12-09 12:20:00,145.29
2011-12-09 12:21:00,29.88
2011-12-09 12:23:00,124.60000000000001
2011-12-09 12:25:00,140.64000000000001
2011-12-09 12:31:00,329.05
2011-12-09 12:49:00,339.2
2011-12-09 12:50:00,249.45
